Date,Transaction Bucket,Property Type,Community,Property,Bedrooms,Size (Sqf),Amount (AED),AED/Sqf,Developer Group,Developer Raw,Times Sold
2026-02-10T00:00:00.000,Off-Plan Property,Apartment,Dubai Hills Estate,Greencrest Tower,2 B/R,1265.85,3443888,2720.62,Unknown,Unknown,1
2026-02-10T00:00:00.000,Off-Plan Property,Apartment,Al Mina,Sera 2 at Mina Rashid Building A,1 B/R,778.24,2150888,2763.79,Emaar,Emaar Properties PJSC,1
2026-02-10T00:00:00.000,Off-Plan Property,Apartment,Dubai Hills Estate,Palace Residences Hillside A,1 B/R,680.93,1747888,2566.91,Emaar,Emaar Properties PJSC,1
2026-02-10T00:00:00.000,Off-Plan Property,Apartment,Dubai Hills Estate,Palace Residences Hillside A,1 B/R,678.45,1912731,2819.25,Emaar,Emaar Properties PJSC,1
2026-02-10T00:00:00.000,Off-Plan Property,Apartment,Dubai Hills Estate,Greencrest Tower,2 B/R,1404.38,3097888,2205.88,Unknown,Unknown,1
2026-02-10T00:00:00.000,Off-Plan Property,Apartment,Dubai Hills Estate,Greencrest Tower,1 B/R,846.91,1810888,2138.23,Unknown,Unknown,1
2026-02-10T00:00:00.000,Off-Plan Property,Apartment,Al Wasl,City Walk Crestlane 5 Building B,2 B/R,1319.56,4014000,3041.93,Meraas,Meraas Development  L.L.C,1
2026-02-10T00:00:00.000,Off-Plan Property,Apartment,Al Wasl,City Walk Crestlane 5 Building A,2 B/R,1506.96,4987000,3309.31,Meraas,Meraas Development  L.L.C,1
2026-02-10T00:00:00.000,Off-Plan Property,Apartment,Al Wasl,City Walk Crestlane 4 Building A,1 B/R,785.13,2911000,3707.68,Meraas,Meraas Development  L.L.C,1
2026-02-10T00:00:00.000,Off-Plan Property,Apartment,Al Wasl,City Walk Crestlane 4 Building A,2 B/R,1586.72,5123000,3228.67,Meraas,Meraas Development  L.L.C,1
2026-02-10T00:00:00.000,Off-Plan Property,Apartment,Al Wasl,City Walk Crestlane 4 Building A,2 B/R,1321.93,4412000,3337.55,Meraas,Meraas Development  L.L.C,1
2026-02-10T00:00:00.000,Off-Plan Property,Apartment,Al Mina,Sera 2 at Mina Rashid Building B,2 B/R,1325.69,3148630,2375.08,Emaar,Emaar Properties PJSC,1
2026-02-10T00:00:00.000,Off-Plan Property,Apartment,Dubai Hills Estate,Greencrest Tower,1 B/R,780.28,1596888,2046.55,Unknown,Unknown,1
2026-02-09T00:00:00.000,Off-Plan Property,Apartment,Meydan City,Mercedes Benz Places Binghatti City Tower 1 - Project Maybach,0 B/R,362.32,1393000,3844.71,Unknown,Unknown,1
2026-02-09T00:00:00.000,Off-Plan Property,Apartment,Meydan City,Mercedes Benz Places Binghatti City Tower 1 - Project Maybach,0 B/R,362.32,1378000,3803.31,Unknown,Unknown,1
2026-02-09T00:00:00.000,Off-Plan Property,Apartment,Meydan City,Mercedes Benz Places Binghatti City Tower 1 - Project Maybach,0 B/R,389.55,1374000,3527.15,Unknown,Unknown,1
2026-02-09T00:00:00.000,Off-Plan Property,Apartment,Meydan City,Mercedes Benz Places Binghatti City Tower 1 - Project Maybach,0 B/R,389.33,1391000,3572.77,Unknown,Unknown,1
2026-02-09T00:00:00.000,Off-Plan Property,Apartment,Meydan City,Mercedes Benz Places Binghatti City Tower 1 - Project Maybach,0 B/R,362.32,1389000,3833.67,Unknown,Unknown,1
2026-02-09T00:00:00.000,Off-Plan Property,Apartment,Meydan City,Mercedes Benz Places Binghatti City Tower 1 - Project Maybach,0 B/R,362.32,1405000,3877.83,Unknown,Unknown,1
2026-02-09T00:00:00.000,Off-Plan Property,Apartment,Meydan City,Mercedes Benz Places Binghatti City Tower 3 - Maybach Ultimate Luxury Tower B,1 B/R,617.32,2371000,3840.82,Unknown,Unknown,1
2026-02-09T00:00:00.000,Off-Plan Property,Apartment,Meydan City,Mercedes Benz Places Binghatti City Tower 1 - Project Maybach,2 B/R,992.01,3236000,3262.06,Unknown,Unknown,1
2026-02-09T00:00:00.000,Off-Plan Property,Apartment,Meydan City,Mercedes Benz Places Binghatti City Tower 4 - Maybach 6 Tower A,0 B/R,395.68,1338000,3381.48,Unknown,Unknown,1
2026-02-09T00:00:00.000,Off-Plan Property,Apartment,Meydan City,Mercedes Benz Places Binghatti City Tower 3 - Maybach Ultimate Luxury Tower B,0 B/R,375.34,1368000,3644.69,Unknown,Unknown,1
2026-02-09T00:00:00.000,Off-Plan Property,Apartment,Business Bay,Binghatti Skyrise Tower 3,1 B/R,966.5,2800000,2897.05,Binghatti,Binghatti Holding Limited,2
2026-02-09T00:00:00.000,Off-Plan Property,Apartment,Business Bay,The Edge,2 B/R,878.45,1940000,2208.44,Select Group,Select Group,2
2026-02-09T00:00:00.000,Off-Plan Property,Apartment,City Walk,Laurel,1 B/R,754.88,2095000,2775.28,Meraas,Meraas Development  L.L.C,3
2026-02-09T00:00:00.000,Off-Plan Property,Apartment,Dubai Hills Estate,Golf Residences by Fortimo,1 B/R,936.04,2000000,2136.67,Fortimo L L C,Fortimo Real Estate Development L.L.C,2
2026-02-09T00:00:00.000,Off-Plan Property,Apartment,Dubai Marina,Aeternitas Tower - London Gate,2 B/R,1613.09,3745000,2321.63,London Gate L L C,London Gate Real Estate Development L.L.C,2
2026-02-09T00:00:00.000,Off-Plan Property,Apartment,Dubai Marina,Rove Home Dubai Marina,0 B/R,434.97,1550000,3563.44,Irth L L C,IRTH Development L.L.C,2
2026-02-09T00:00:00.000,Off-Plan Property,Apartment,Business Bay,Peninsula Four Tower A,3 B/R,1948.5,5000000,2566.08,Private Investor,Private Investor,2
2026-02-09T00:00:00.000,Off-Plan Property,Apartment,Business Bay,Binghatti Skyrise Tower 2,0 B/R,434,1050000,2419.33,Binghatti,Binghatti Holding Limited,2
2026-02-09T00:00:00.000,Off-Plan Property,Apartment,Meydan City,Mercedes Benz Places Binghatti City Tower 3 - Maybach Ultimate Luxury Tower B,0 B/R,341.11,1372000,4022.15,Unknown,Unknown,1
2026-02-09T00:00:00.000,Off-Plan Property,Apartment,Bluewaters Island,Bluewaters Bay - Building 2,1 B/R,800.73,2773000,3463.07,Meraas,Meraas Development  L.L.C,3
2026-02-09T00:00:00.000,Off-Plan Property,Apartment,Meydan City,Mercedes Benz Places Binghatti City Tower 3 - Maybach Ultimate Luxury Tower B,0 B/R,386.86,1377000,3559.44,Unknown,Unknown,1
2026-02-09T00:00:00.000,Off-Plan Property,Apartment,Meydan City,Mercedes Benz Places Binghatti City Tower 3 - Maybach Ultimate Luxury Tower B,1 B/R,617.32,2353000,3811.67,Unknown,Unknown,1
2026-02-09T00:00:00.000,Off-Plan Property,Apartment,Meydan City,Mercedes Benz Places Binghatti City Tower 3 - Maybach Ultimate Luxury Tower B,0 B/R,401.82,1369000,3407,Unknown,Unknown,1
2026-02-09T00:00:00.000,Off-Plan Property,Apartment,Meydan City,Mercedes Benz Places Binghatti City Tower 3 - Maybach Ultimate Luxury Tower B,0 B/R,341.11,1366000,4004.56,Unknown,Unknown,1
2026-02-09T00:00:00.000,Off-Plan Property,Apartment,Meydan City,Mercedes Benz Places Binghatti City Tower 4 - Maybach 6 Tower A,0 B/R,386.86,1356000,3505.16,Unknown,Unknown,1
2026-02-09T00:00:00.000,Off-Plan Property,Apartment,Meydan City,Mercedes Benz Places Binghatti City Tower 4 - Maybach 6 Tower A,0 B/R,361.13,1369000,3790.86,Unknown,Unknown,1
2026-02-09T00:00:00.000,Off-Plan Property,Apartment,Meydan City,Mercedes Benz Places Binghatti City Tower 4 - Maybach 6 Tower A,0 B/R,361.13,1337000,3702.25,Unknown,Unknown,1
2026-02-09T00:00:00.000,Off-Plan Property,Apartment,Meydan City,Mercedes Benz Places Binghatti City Tower 5 - Maybach 6 Tower B,0 B/R,361.13,1364000,3777.01,Unknown,Unknown,1
2026-02-09T00:00:00.000,Off-Plan Property,Apartment,Meydan City,Mercedes Benz Places Binghatti City Tower 5 - Maybach 6 Tower B,0 B/R,401.82,1392000,3464.24,Unknown,Unknown,1
2026-02-09T00:00:00.000,Off-Plan Property,Apartment,Meydan City,Mercedes Benz Places Binghatti City Tower 5 - Maybach 6 Tower B,0 B/R,361.13,1434000,3970.85,Unknown,Unknown,1
2026-02-09T00:00:00.000,Off-Plan Property,Apartment,Meydan City,Mercedes Benz Places Binghatti City Tower 5 - Maybach 6 Tower B,0 B/R,401.82,1436000,3573.74,Unknown,Unknown,1
2026-02-09T00:00:00.000,Off-Plan Property,Apartment,Meydan City,Mercedes Benz Places Binghatti City Tower 5 - Maybach 6 Tower B,0 B/R,341.11,1430000,4192.18,Unknown,Unknown,1
2026-02-09T00:00:00.000,Off-Plan Property,Apartment,Meydan City,Mercedes Benz Places Binghatti City Tower 5 - Maybach 6 Tower B,0 B/R,386.86,1413000,3652.5,Unknown,Unknown,1
2026-02-09T00:00:00.000,Off-Plan Property,Apartment,Meydan City,Mercedes Benz Places Binghatti City Tower 5 - Maybach 6 Tower B,0 B/R,375.34,1418000,3777.9,Unknown,Unknown,1
2026-02-09T00:00:00.000,Off-Plan Property,Apartment,Meydan City,Mercedes Benz Places Binghatti City Tower 5 - Maybach 6 Tower B,3 B/R,1325.48,5181000,3908.78,Unknown,Unknown,1
2026-02-09T00:00:00.000,Off-Plan Property,Apartment,Meydan City,Mercedes Benz Places Binghatti City Tower 5 - Maybach 6 Tower B,0 B/R,361.13,1333000,3691.17,Unknown,Unknown,1
2026-02-09T00:00:00.000,Off-Plan Property,Apartment,Meydan City,Mercedes Benz Places Binghatti City Tower 5 - Maybach 6 Tower B,0 B/R,375.34,1336000,3559.43,Unknown,Unknown,1
2026-02-09T00:00:00.000,Off-Plan Property,Apartment,Meydan City,Mercedes Benz Places Binghatti City Tower 5 - Maybach 6 Tower B,0 B/R,341.11,1343000,3937.13,Unknown,Unknown,1
2026-02-09T00:00:00.000,Off-Plan Property,Apartment,Sobha Hartland 2,310 Riverside Crescent,2 B/R,1460.03,3504048,2399.99,Sobha,Sobha Real Estate L.L.C,1
2026-02-09T00:00:00.000,Off-Plan Property,Apartment,Emaar South,Golf Hills,1 B/R,680.18,1391888,2046.36,Emaar,Emaar Properties PJSC,1
2026-02-09T00:00:00.000,Off-Plan Property,Apartment,Dubai South Residential District,Grove Ridge Building 1,2 B/R,1282.96,2626888,2047.52,Emaar,Emaar Properties PJSC,1
2026-02-09T00:00:00.000,Off-Plan Property,Apartment,Jumeirah Garden City,DoubleTree by Hilton Residences - West 5,1 B/R,720.87,1683930.67,2335.99,West F5,West F5 Development LLC,1
2026-02-09T00:00:00.000,Off-Plan Property,Apartment,Jumeirah Garden City,Evergrin House,0 B/R,396.55,1005471,2535.57,TSZ Object ONE L L C,TSZ Group - Object One Real Estate Development L.L.C,1
2026-02-09T00:00:00.000,Off-Plan Property,Apartment,Jumeirah Garden City,Evergrin House,1 B/R,875.87,1974264,2254.07,TSZ Object ONE L L C,TSZ Group - Object One Real Estate Development L.L.C,1
2026-02-09T00:00:00.000,Off-Plan Property,Apartment,Jumeirah Garden City,Evergrin House 2,1 B/R,897.5,2105647,2346.12,TSZ Object ONE L L C,TSZ Group - Object One Real Estate Development L.L.C,1
2026-02-09T00:00:00.000,Off-Plan Property,Apartment,Jumeirah Garden City,Evergrin House 2,1 B/R,904.07,2036022,2252.07,TSZ Object ONE L L C,TSZ Group - Object One Real Estate Development L.L.C,1
2026-02-09T00:00:00.000,Off-Plan Property,Apartment,Jumeirah Garden City,Evergrin House 2,0 B/R,404.94,1035837,2557.99,TSZ Object ONE L L C,TSZ Group - Object One Real Estate Development L.L.C,1
2026-02-09T00:00:00.000,Off-Plan Property,Apartment,Jumeirah Garden City,Evergrin House 2,0 B/R,399.34,1022605,2560.71,TSZ Object ONE L L C,TSZ Group - Object One Real Estate Development L.L.C,1
2026-02-09T00:00:00.000,Off-Plan Property,Apartment,Jumeirah Garden City,Whitestone Residence,1 B/R,830.77,1719670.31,2069.98,Axiom Prime,Axiom Prime Real Estate,1
2026-02-09T00:00:00.000,Off-Plan Property,Apartment,Jumeirah Heights,Serenia District - West Residence,1 B/R,830.12,2075000,2499.64,Palma,Palma Real Estate,1
2026-02-09T00:00:00.000,Off-Plan Property,Apartment,Jumeirah Heights,Serenia District - West Residence,1 B/R,840.13,2000000,2380.58,Palma,Palma Real Estate,1
2026-02-09T00:00:00.000,Off-Plan Property,Apartment,Jumeirah Heights,Serenia District - West Residence,1 B/R,840.13,2383000,2836.47,Palma,Palma Real Estate,1
2026-02-09T00:00:00.000,Off-Plan Property,Apartment,Jumeirah Islands,Eltiera Heights,1 B/R,821.62,2160828,2629.97,Ellington,Ellington Properties Development L.L.C,1
2026-02-09T00:00:00.000,Off-Plan Property,Apartment,Jumeirah Lake Towers,MBL Signature,0 B/R,619.04,1561316.64,2522.17,MAG,MAG Property Development,1
2026-02-09T00:00:00.000,Off-Plan Property,Apartment,Jumeirah Lake Towers,MBL Signature,0 B/R,538.2,1476597.78,2743.59,MAG,MAG Property Development,1
2026-02-09T00:00:00.000,Off-Plan Property,Apartment,Jumeirah Garden City,Amber by Enso,1 B/R,727.75,1547000,2125.72,Enso,ENSO Development,1
2026-02-09T00:00:00.000,Off-Plan Property,Apartment,Jebel Ali First,The Eden at Sobha Central,2 B/R,1202.02,3545930,2949.99,Sobha,Sobha Real Estate L.L.C,1
2026-02-09T00:00:00.000,Off-Plan Property,Apartment,Jebel Ali First,The Eden at Sobha Central,1 B/R,631.42,1764791,2794.97,Sobha,Sobha Real Estate L.L.C,1
2026-02-09T00:00:00.000,Off-Plan Property,Apartment,Horizon,Future Residence,1 B/R,765.64,1635981,2136.74,True Future,True Future Real Estate Development LLC,1
2026-02-09T00:00:00.000,Off-Plan Property,Apartment,Horizon,Imtiaz Symphony Tower,1 B/R,900.62,2000000,2220.68,Unknown,Unknown,1
2026-02-09T00:00:00.000,Off-Plan Property,Apartment,Horizon,Wynwood Horizon,1 B/R,1083.83,2530152,2334.46,Imtiaz,Imtiaz Real Estate Investment And Development L.L.C,1
2026-02-09T00:00:00.000,Off-Plan Property,Apartment,Horizon,Wynwood Horizon,1 B/R,905.47,2192597,2421.51,Imtiaz,Imtiaz Real Estate Investment And Development L.L.C,1
2026-02-09T00:00:00.000,Off-Plan Property,Apartment,Horizon,Wynwood Horizon,1 B/R,737.33,1865706,2530.34,Imtiaz,Imtiaz Real Estate Investment And Development L.L.C,1
2026-02-09T00:00:00.000,Off-Plan Property,Apartment,Horizon,Wynwood Horizon,2 B/R,1275.75,2837507.9,2224.19,Imtiaz,Imtiaz Real Estate Investment And Development L.L.C,1
2026-02-09T00:00:00.000,Off-Plan Property,Apartment,Horizon,Wynwood Horizon,1 B/R,904.93,2067168,2284.34,Imtiaz,Imtiaz Real Estate Investment And Development L.L.C,1
2026-02-09T00:00:00.000,Off-Plan Property,Apartment,Horizon,Wynwood Horizon,1 B/R,906.11,2131007,2351.81,Imtiaz,Imtiaz Real Estate Investment And Development L.L.C,1
2026-02-09T00:00:00.000,Off-Plan Property,Apartment,Horizon,Wynwood Horizon,2 B/R,1356.8,3061649.8,2256.52,Imtiaz,Imtiaz Real Estate Investment And Development L.L.C,1
2026-02-09T00:00:00.000,Off-Plan Property,Apartment,Horizon,Wynwood Horizon,1 B/R,970.48,2235618,2303.62,Imtiaz,Imtiaz Real Estate Investment And Development L.L.C,1
2026-02-09T00:00:00.000,Off-Plan Property,Apartment,Horizon,Wynwood Horizon,1 B/R,1116.33,2593334,2323.08,Imtiaz,Imtiaz Real Estate Investment And Development L.L.C,1
2026-02-09T00:00:00.000,Off-Plan Property,Apartment,Jebel Ali First,Horizon at Sobha Central,1 B/R,690.08,2001232,2900,Sobha,Sobha Real Estate L.L.C,1
2026-02-09T00:00:00.000,Off-Plan Property,Apartment,Ras Al Khor Industrial First,Sobha One Tower E,1 B/R,724.96,1739880,2399.98,Sobha,Sobha Real Estate L.L.C,2
2026-02-09T00:00:00.000,Off-Plan Property,Apartment,Sobha Hartland 2,330 Riverside Crescent,1 B/R,501.6,1198824,2389.99,Sobha,Sobha Real Estate L.L.C,2
2026-02-09T00:00:00.000,Off-Plan Property,Apartment,Umm Suqeim Third,Lamaa 2,3 B/R,1817.93,5800000,3190.44,Dubai Properties,Dubai Holding,3
2026-02-09T00:00:00.000,Off-Plan Property,Apartment,Al Wasl,City Walk Crestlane 5 Building A,1 B/R,793.52,2899000,3653.33,Meraas,Meraas Development  L.L.C,1
2026-02-09T00:00:00.000,Off-Plan Property,Apartment,Al Wasl,City Walk Crestlane 4 Building A,1 B/R,788.36,2971000,3768.61,Meraas,Meraas Development  L.L.C,1
2026-02-09T00:00:00.000,Off-Plan Property,Apartment,Al Wasl,City Walk Crestlane 4 Building A,2 B/R,1188.88,3578000,3009.55,Meraas,Meraas Development  L.L.C,1
2026-02-09T00:00:00.000,Off-Plan Property,Apartment,Al Wasl,City Walk Crestlane 4 Building A,2 B/R,1388.02,4737000,3412.78,Meraas,Meraas Development  L.L.C,1
2026-02-09T00:00:00.000,Off-Plan Property,Apartment,Al Wasl,City Walk Crestlane 4 Building A,3 B/R,2154.63,7702000,3574.63,Meraas,Meraas Development  L.L.C,1
2026-02-09T00:00:00.000,Off-Plan Property,Apartment,Al Wasl,City Walk Crestlane 4 Building A,2 B/R,1388.02,4749000,3421.43,Meraas,Meraas Development  L.L.C,1
2026-02-09T00:00:00.000,Off-Plan Property,Apartment,Al Wasl,City Walk Crestlane 4 Building A,2 B/R,1188.88,3595000,3023.84,Meraas,Meraas Development  L.L.C,1
2026-02-09T00:00:00.000,Off-Plan Property,Apartment,Al Wasl,City Walk Crestlane 4 Building A,1 B/R,788.25,2769000,3512.86,Meraas,Meraas Development  L.L.C,1
2026-02-09T00:00:00.000,Off-Plan Property,Apartment,Al Wasl,City Walk Crestlane 4 Building A,2 B/R,1256.37,4027000,3205.26,Meraas,Meraas Development  L.L.C,1
2026-02-09T00:00:00.000,Off-Plan Property,Apartment,Al Wasl,City Walk Crestlane 4 Building A,3 B/R,2154.63,7720000,3582.98,Meraas,Meraas Development  L.L.C,1
2026-02-09T00:00:00.000,Off-Plan Property,Apartment,Al Wasl,City Walk Crestlane 4 Building A,2 B/R,1319.56,4393000,3329.14,Meraas,Meraas Development  L.L.C,1
2026-02-09T00:00:00.000,Off-Plan Property,Apartment,Al Wasl,City Walk Crestlane 4 Building A,2 B/R,1321.93,4401000,3329.23,Meraas,Meraas Development  L.L.C,1
2026-02-09T00:00:00.000,Off-Plan Property,Apartment,Al Wasl,City Walk Crestlane 4 Building B,2 B/R,1518.15,4952000,3261.85,Meraas,Meraas Development  L.L.C,1
2026-02-09T00:00:00.000,Off-Plan Property,Apartment,Al Wasl,City Walk Crestlane 4 Building B,1 B/R,839.05,2736000,3260.82,Meraas,Meraas Development  L.L.C,1
2026-02-09T00:00:00.000,Off-Plan Property,Apartment,Al Wasl,City Walk Crestlane 4 Building B,2 B/R,1388.02,4702000,3387.56,Meraas,Meraas Development  L.L.C,1
2026-02-09T00:00:00.000,Off-Plan Property,Apartment,Al Wasl,City Walk Crestlane 4 Building B,2 B/R,1256.37,3796000,3021.39,Meraas,Meraas Development  L.L.C,1
2026-02-09T00:00:00.000,Off-Plan Property,Apartment,Al Wasl,City Walk Crestlane 4 Building B,2 B/R,1388.02,4714000,3396.21,Meraas,Meraas Development  L.L.C,1
2026-02-09T00:00:00.000,Off-Plan Property,Apartment,Al Wasl,City Walk Crestlane 4 Building B,2 B/R,1256.37,3805000,3028.56,Meraas,Meraas Development  L.L.C,1
2026-02-09T00:00:00.000,Off-Plan Property,Apartment,Al Wasl,City Walk Crestlane 4 Building B,1 B/R,839.05,2750000,3277.5,Meraas,Meraas Development  L.L.C,1
2026-02-09T00:00:00.000,Off-Plan Property,Apartment,Al Wasl,City Walk Crestlane 4 Building B,2 B/R,1588.98,5119000,3221.56,Meraas,Meraas Development  L.L.C,1
2026-02-09T00:00:00.000,Off-Plan Property,Apartment,Al Wasl,City Walk Crestlane 4 Building B,2 B/R,1256.37,4008000,3190.13,Meraas,Meraas Development  L.L.C,1
2026-02-09T00:00:00.000,Off-Plan Property,Apartment,Al Wasl,City Walk Crestlane 4 Building B,2 B/R,1187.48,4000000,3368.47,Meraas,Meraas Development  L.L.C,1
2026-02-09T00:00:00.000,Off-Plan Property,Apartment,Al Wasl,City Walk Crestlane 4 Building B,2 B/R,1685.53,5611000,3328.91,Meraas,Meraas Development  L.L.C,1
2026-02-09T00:00:00.000,Off-Plan Property,Apartment,Al Wasl,City Walk Crestlane 4 Building B,3 B/R,2081.43,7646000,3673.43,Meraas,Meraas Development  L.L.C,1
2026-02-09T00:00:00.000,Off-Plan Property,Apartment,Al Wasl,City Walk Crestlane 4 Building B,3 B/R,2085.31,7681000,3683.39,Meraas,Meraas Development  L.L.C,1
2026-02-09T00:00:00.000,Off-Plan Property,Apartment,Al Wasl,City Walk Crestlane 4 Building B,1 B/R,804.5,2791000,3469.23,Meraas,Meraas Development  L.L.C,1
2026-02-09T00:00:00.000,Off-Plan Property,Apartment,Al Wasl,City Walk Crestlane 4 Building B,2 B/R,1188.88,3827000,3218.99,Meraas,Meraas Development  L.L.C,1
2026-02-09T00:00:00.000,Off-Plan Property,Apartment,Al Wasl,City Walk Crestlane 4 Building B,2 B/R,1319.02,4391000,3328.99,Meraas,Meraas Development  L.L.C,1
2026-02-09T00:00:00.000,Off-Plan Property,Apartment,Al Wasl,City Walk Crestlane 5 Building A,1 B/R,840.45,2863000,3406.5,Meraas,Meraas Development  L.L.C,1
2026-02-09T00:00:00.000,Off-Plan Property,Apartment,Al Wasl,City Walk Crestlane 4 Building A,2 B/R,1586.72,5136000,3236.86,Meraas,Meraas Development  L.L.C,1
2026-02-09T00:00:00.000,Off-Plan Property,Apartment,Al Wasl,City Walk Crestlane 4 Building A,1 B/R,803.75,2690000,3346.82,Meraas,Meraas Development  L.L.C,1
2026-02-09T00:00:00.000,Off-Plan Property,Apartment,Al Wasl,City Walk Crestlane 4 Building A,3 B/R,2162.06,7392000,3418.97,Meraas,Meraas Development  L.L.C,1
2026-02-09T00:00:00.000,Off-Plan Property,Apartment,Al Jadaf,Binghatti Cullinan,1 B/R,689.33,1551999,2251.47,Binghatti,Binghatti Holding Limited,1
2026-02-09T00:00:00.000,Off-Plan Property,Apartment,Al Jadaf,Binghatti Cullinan,1 B/R,686.1,1546999,2254.78,Binghatti,Binghatti Holding Limited,1
2026-02-09T00:00:00.000,Off-Plan Property,Apartment,Al Jadaf,Binghatti Cullinan,1 B/R,698.91,1563999,2237.78,Binghatti,Binghatti Holding Limited,1
2026-02-09T00:00:00.000,Off-Plan Property,Apartment,Al Jadaf,Binghatti Cullinan,1 B/R,686.1,1535999,2238.75,Binghatti,Binghatti Holding Limited,1
2026-02-09T00:00:00.000,Off-Plan Property,Apartment,Al Jadaf,Binghatti Cullinan,1 B/R,668.66,1463999,2189.45,Binghatti,Binghatti Holding Limited,1
2026-02-09T00:00:00.000,Off-Plan Property,Apartment,Al Mina,Baystar by Vida Tower 1,2 B/R,1223.11,4728888,3866.27,Emaar,Emaar Properties PJSC,1
2026-02-09T00:00:00.000,Off-Plan Property,Apartment,Al Mina,Sera 2 at Mina Rashid Building A,2 B/R,1336.78,3235888,2420.66,Emaar,Emaar Properties PJSC,1
2026-02-09T00:00:00.000,Off-Plan Property,Apartment,Al Mina,Sera 2 at Mina Rashid Building B,1 B/R,758.54,2119888,2794.7,Emaar,Emaar Properties PJSC,1
2026-02-09T00:00:00.000,Off-Plan Property,Apartment,Al Satwa,Coral by Vision,1 B/R,692.88,1558078.18,2248.7,Vision Developments Vision Platinum,Vision Developments - Vision Platinum Real Estate Development,1
2026-02-09T00:00:00.000,Off-Plan Property,Apartment,Al Wasl,City Walk Crestlane 4 Building A,2 B/R,1188.88,3844000,3233.28,Meraas,Meraas Development  L.L.C,1
2026-02-09T00:00:00.000,Off-Plan Property,Apartment,Al Wasl,City Walk Crestlane 4 Building A,1 B/R,788.25,2847000,3611.81,Meraas,Meraas Development  L.L.C,1
2026-02-09T00:00:00.000,Off-Plan Property,Apartment,Al Wasl,City Walk Crestlane 4 Building A,1 B/R,804.5,2869000,3566.18,Meraas,Meraas Development  L.L.C,1
2026-02-09T00:00:00.000,Off-Plan Property,Apartment,Al Wasl,City Walk Crestlane 4 Building A,2 B/R,1319.56,4415000,3345.82,Meraas,Meraas Development  L.L.C,1
2026-02-09T00:00:00.000,Off-Plan Property,Apartment,Al Wasl,City Walk Crestlane 4 Building A,2 B/R,1188.88,3854000,3241.7,Meraas,Meraas Development  L.L.C,1
2026-02-09T00:00:00.000,Off-Plan Property,Apartment,Al Wasl,City Walk Crestlane 4 Building A,1 B/R,788.25,2855000,3621.96,Meraas,Meraas Development  L.L.C,1
2026-02-09T00:00:00.000,Off-Plan Property,Apartment,Al Wasl,City Walk Crestlane 4 Building A,1 B/R,804.5,2875000,3573.64,Meraas,Meraas Development  L.L.C,1
2026-02-09T00:00:00.000,Off-Plan Property,Apartment,Al Wasl,City Walk Crestlane 4 Building A,2 B/R,1321.93,4422000,3345.12,Meraas,Meraas Development  L.L.C,1
2026-02-09T00:00:00.000,Off-Plan Property,Apartment,Al Satwa,161 Jumeirah Lane,2 B/R,997.28,2050000.77,2055.58,National,National Properties,0
2026-02-09T00:00:00.000,Off-Plan Property,Apartment,Al Wasl,City Walk Crestlane 4 Building A,3 B/R,2155.71,7801000,3618.77,Meraas,Meraas Development  L.L.C,1
2026-02-09T00:00:00.000,Off-Plan Property,Apartment,Al Wasl,City Walk Crestlane 4 Building A,2 B/R,1388.02,4807000,3463.21,Meraas,Meraas Development  L.L.C,1
2026-02-09T00:00:00.000,Off-Plan Property,Apartment,Al Wasl,City Walk Crestlane 4 Building A,1 B/R,818.93,2962000,3616.94,Meraas,Meraas Development  L.L.C,1
2026-02-09T00:00:00.000,Off-Plan Property,Apartment,Al Wasl,City Walk Crestlane 4 Building A,2 B/R,1518.15,4976000,3277.66,Meraas,Meraas Development  L.L.C,1
2026-02-09T00:00:00.000,Off-Plan Property,Apartment,Al Wasl,City Walk Crestlane 4 Building A,2 B/R,1586.72,5098000,3212.91,Meraas,Meraas Development  L.L.C,1
2026-02-09T00:00:00.000,Off-Plan Property,Apartment,Al Wasl,City Walk Crestlane 4 Building A,2 B/R,1188.88,3447000,2899.36,Meraas,Meraas Development  L.L.C,1
2026-02-09T00:00:00.000,Off-Plan Property,Apartment,Al Wasl,City Walk Crestlane 4 Building A,2 B/R,1388.02,4714000,3396.21,Meraas,Meraas Development  L.L.C,1
2026-02-09T00:00:00.000,Off-Plan Property,Apartment,Al Satwa,161 Jumeirah Lane,2 B/R,997.28,2050000.77,2055.58,National,National Properties,0
2026-02-09T00:00:00.000,Off-Plan Property,Apartment,Dubai Creek Harbour,Creek Waters 2,2 B/R,1136.14,3000519,2640.98,Emaar,Emaar Properties PJSC,0
2026-02-09T00:00:00.000,Off-Plan Property,Apartment,Al Wasl,City Walk Crestlane 5 Building A,2 B/R,1506.96,5177000,3435.39,Meraas,Meraas Development  L.L.C,1
2026-02-09T00:00:00.000,Off-Plan Property,Apartment,Al Wasl,City Walk Crestlane 4 Building A,2 B/R,1256.37,3805000,3028.56,Meraas,Meraas Development  L.L.C,1
2026-02-09T00:00:00.000,Off-Plan Property,Apartment,Al Wasl,City Walk Crestlane 5 Building A,2 B/R,1384.79,4702000,3395.46,Meraas,Meraas Development  L.L.C,1
2026-02-09T00:00:00.000,Off-Plan Property,Apartment,Al Wasl,City Walk Crestlane 5 Building A,3 B/R,2101.03,7097000,3377.87,Meraas,Meraas Development  L.L.C,1
2026-02-09T00:00:00.000,Off-Plan Property,Apartment,Dubai Creek Harbour,Lyvia by Palace - Green Gate,2 B/R,1144,3193888,2791.87,Emaar,Emaar Properties PJSC,1
2026-02-09T00:00:00.000,Off-Plan Property,Apartment,Dubai Creek Harbour,Lyvia by Palace - Green Gate,1 B/R,913.86,2424888,2653.45,Emaar,Emaar Properties PJSC,1
2026-02-09T00:00:00.000,Off-Plan Property,Apartment,Dubai Creek Harbour,Montiva at Green Gate,2 B/R,1143.24,2822888,2469.19,Emaar,Emaar Properties PJSC,1
2026-02-09T00:00:00.000,Off-Plan Property,Apartment,Dubai Creek Harbour,Silva at Green Gate,2 B/R,1402.98,3062888,2183.13,Emaar,Emaar Properties PJSC,1
2026-02-09T00:00:00.000,Off-Plan Property,Apartment,Dubai Creek Harbour,Silva at Green Gate,2 B/R,1402.98,3158888,2251.56,Emaar,Emaar Properties PJSC,1
2026-02-09T00:00:00.000,Off-Plan Property,Apartment,Dubai Creek Harbour,Silva at Green Gate,2 B/R,1402.98,3187888,2272.23,Emaar,Emaar Properties PJSC,1
2026-02-09T00:00:00.000,Off-Plan Property,Apartment,Dubai Creek Harbour,Silva at Green Gate,2 B/R,1402.98,3129030,2230.27,Emaar,Emaar Properties PJSC,1
2026-02-09T00:00:00.000,Off-Plan Property,Apartment,Dubai Creek Harbour,Silva at Green Gate,2 B/R,1402.98,3232888,2304.3,Emaar,Emaar Properties PJSC,1
2026-02-09T00:00:00.000,Off-Plan Property,Apartment,Dubai Harbour,Damac Bay - Tower C,1 B/R,1304.92,4552000,3488.34,Damac,Damac Properties,1
2026-02-09T00:00:00.000,Off-Plan Property,Apartment,Dubai Harbour,Sobha Seahaven - Tower A,1 B/R,847.77,3270584,3857.86,Sobha,Sobha Real Estate L.L.C,1
2026-02-09T00:00:00.000,Off-Plan Property,Apartment,Dubai Harbour,Sobha Seahaven - Tower A,1 B/R,1168.86,5026055,4299.95,Sobha,Sobha Real Estate L.L.C,1
2026-02-09T00:00:00.000,Off-Plan Property,Apartment,Dubai Hills Estate,Greencrest Tower,1 B/R,846.91,1813888,2141.77,Unknown,Unknown,1
2026-02-09T00:00:00.000,Off-Plan Property,Apartment,Dubai Internet City,ICONIC Tower by Mered,2 B/R,1616.43,7765539.78,4804.13,Mered Residences L L C,Mered Residences Real Estate L.L.C,1
2026-02-09T00:00:00.000,Off-Plan Property,Apartment,Dubai Islands,Allegro Residences,2 B/R,1323.43,3176329,2400.07,Mill Hill Riviera,Mill Hill Riviera Development LLC,1
2026-02-09T00:00:00.000,Off-Plan Property,Apartment,Dubai Islands,Flow Residences,1 B/R,950.35,2281650,2400.84,Main Realty L L C,Main Realty Real Estate L.L.C,1
2026-02-09T00:00:00.000,Off-Plan Property,Apartment,Dubai Islands,Hado by Beyond Tower A,1 B/R,830.87,2645000,3183.4,Beyond Developments,Beyond Developments,1
2026-02-09T00:00:00.000,Off-Plan Property,Apartment,Dubai Creek Harbour,Creek Haven Tower A,2 B/R,1190.82,3290888,2763.54,Emaar,Emaar Properties PJSC,1
2026-02-09T00:00:00.000,Off-Plan Property,Apartment,Dubai Creek Harbour,Creek Haven Tower A,1 B/R,733.35,1883888,2568.88,Emaar,Emaar Properties PJSC,1
2026-02-09T00:00:00.000,Off-Plan Property,Apartment,Dubai Creek Harbour,Creek Haven Tower A,1 B/R,730.34,1959888,2683.54,Emaar,Emaar Properties PJSC,1
2026-02-09T00:00:00.000,Off-Plan Property,Apartment,Dubai Creek Harbour,Creek Haven Tower A,2 B/R,1196.31,3331888,2785.14,Emaar,Emaar Properties PJSC,1
2026-02-09T00:00:00.000,Off-Plan Property,Apartment,Downtown Dubai,One Residence,2 B/R,1053.04,3296500,3130.45,Ginco L L C,Ginco Properties L.L.C,1
2026-02-09T00:00:00.000,Off-Plan Property,Apartment,Downtown Dubai,One Residence,2 B/R,1344.53,3971000,2953.45,Ginco L L C,Ginco Properties L.L.C,1
2026-02-09T00:00:00.000,Off-Plan Property,Apartment,Downtown Dubai,One Residence,0 B/R,469.53,1548500,3298.01,Ginco L L C,Ginco Properties L.L.C,1
2026-02-09T00:00:00.000,Off-Plan Property,Apartment,Downtown Dubai,One Residence,1 B/R,749.07,2289500,3056.47,Ginco L L C,Ginco Properties L.L.C,1
2026-02-09T00:00:00.000,Off-Plan Property,Apartment,Downtown Dubai,One Residence,0 B/R,469.53,1548500,3298.01,Ginco L L C,Ginco Properties L.L.C,1
2026-02-09T00:00:00.000,Off-Plan Property,Apartment,Dubai Creek Harbour,Albero,3 B/R,1847.64,4469888,2419.24,Emaar,Emaar Properties PJSC,1
2026-02-09T00:00:00.000,Off-Plan Property,Apartment,Dubai Creek Harbour,Altan,2 B/R,1435.27,3375888,2352.09,Emaar,Emaar Properties PJSC,1
2026-02-09T00:00:00.000,Off-Plan Property,Apartment,Dubai Creek Harbour,Altan,1 B/R,768.33,1875888,2441.5,Emaar,Emaar Properties PJSC,1
2026-02-09T00:00:00.000,Off-Plan Property,Apartment,Dubai Creek Harbour,Creek Bay Tower A,1 B/R,736.8,1843888,2502.58,Emaar,Emaar Properties PJSC,1
2026-02-09T00:00:00.000,Off-Plan Property,Apartment,Dubai Creek Harbour,Creek Bay Tower A,2 B/R,1450.56,3364888,2319.72,Emaar,Emaar Properties PJSC,1
2026-02-09T00:00:00.000,Off-Plan Property,Apartment,Dubai Creek Harbour,Creek Bay Tower A,2 B/R,1450.56,3377888,2328.68,Emaar,Emaar Properties PJSC,1
2026-02-09T00:00:00.000,Off-Plan Property,Apartment,Dubai Creek Harbour,Creek Bay Tower A,2 B/R,1450.56,3264888,2250.78,Emaar,Emaar Properties PJSC,1
2026-02-09T00:00:00.000,Off-Plan Property,Apartment,Dubai Creek Harbour,Creek Bay Tower A,2 B/R,1450.56,3283888,2263.88,Emaar,Emaar Properties PJSC,1
2026-02-09T00:00:00.000,Off-Plan Property,Apartment,Dubai Creek Harbour,Creek Bay Tower A,2 B/R,1450.56,3295888,2272.15,Emaar,Emaar Properties PJSC,1
2026-02-09T00:00:00.000,Off-Plan Property,Apartment,Dubai Creek Harbour,Creek Haven Tower A,1 B/R,730.45,1893888,2592.79,Emaar,Emaar Properties PJSC,1
2026-02-09T00:00:00.000,Off-Plan Property,Apartment,Dubai Creek Harbour,Creek Haven Tower A,2 B/R,1190.82,3302888,2773.62,Emaar,Emaar Properties PJSC,1
2026-02-09T00:00:00.000,Off-Plan Property,Apartment,Dubai Creek Harbour,Creek Haven Tower A,2 B/R,1196.31,3318888,2774.27,Emaar,Emaar Properties PJSC,1
2026-02-09T00:00:00.000,Off-Plan Property,Apartment,Dubai Islands,Hado by Beyond Tower A,2 B/R,1230.43,4050000,3291.52,Beyond Developments,Beyond Developments,1
2026-02-09T00:00:00.000,Off-Plan Property,Apartment,Dubai Islands,Hado by Beyond Tower A,2 B/R,1167.68,3900000,3339.96,Beyond Developments,Beyond Developments,1
2026-02-09T00:00:00.000,Off-Plan Property,Apartment,Dubai Islands,Hado by Beyond Tower A,2 B/R,1475.96,4554000,3085.45,Beyond Developments,Beyond Developments,1
2026-02-09T00:00:00.000,Off-Plan Property,Apartment,Dubai Islands,Hado by Beyond Tower A,2 B/R,1168.65,3912000,3347.46,Beyond Developments,Beyond Developments,1
2026-02-09T00:00:00.000,Off-Plan Property,Apartment,Dubai Islands,Hado by Beyond Tower A,2 B/R,1642.69,5097000,3102.83,Beyond Developments,Beyond Developments,1
2026-02-09T00:00:00.000,Off-Plan Property,Apartment,Dubai Islands,Hado by Beyond Tower A,1 B/R,996.75,2552000,2560.33,Beyond Developments,Beyond Developments,1
2026-02-09T00:00:00.000,Off-Plan Property,Apartment,Dubai Islands,Hado by Beyond Tower A,1 B/R,830.87,2652000,3191.82,Beyond Developments,Beyond Developments,1
2026-02-09T00:00:00.000,Off-Plan Property,Apartment,Dubai Islands,Hado by Beyond Tower A,2 B/R,1231.29,4152000,3372.06,Beyond Developments,Beyond Developments,1
2026-02-09T00:00:00.000,Off-Plan Property,Apartment,Dubai Islands,Hado by Beyond Tower A,3 B/R,2008.99,7061000,3514.7,Beyond Developments,Beyond Developments,1
2026-02-09T00:00:00.000,Off-Plan Property,Apartment,Dubai Islands,Hado by Beyond Tower A,3 B/R,1637.96,6900000,4212.56,Beyond Developments,Beyond Developments,1
2026-02-09T00:00:00.000,Off-Plan Property,Apartment,Dubai Islands,Hado by Beyond Tower A,1 B/R,831.73,2537000,3050.25,Beyond Developments,Beyond Developments,1
2026-02-09T00:00:00.000,Off-Plan Property,Apartment,Dubai Islands,Hado by Beyond Tower A,1 B/R,769.95,2428000,3153.46,Beyond Developments,Beyond Developments,1
2026-02-09T00:00:00.000,Off-Plan Property,Apartment,Dubai Islands,Hado by Beyond Tower A,1 B/R,831.73,2540000,3053.86,Beyond Developments,Beyond Developments,1
2026-02-09T00:00:00.000,Off-Plan Property,Apartment,Dubai Islands,Hado by Beyond Tower A,2 B/R,1715.89,4997000,2912.19,Beyond Developments,Beyond Developments,1
2026-02-09T00:00:00.000,Off-Plan Property,Apartment,Dubai Islands,Hado by Beyond Tower A,1 B/R,770.81,2446000,3173.29,Beyond Developments,Beyond Developments,1
2026-02-09T00:00:00.000,Off-Plan Property,Apartment,Dubai Islands,Hado by Beyond Tower B,2 B/R,1167.79,4279000,3664.2,Beyond Developments,Beyond Developments,1
2026-02-09T00:00:00.000,Off-Plan Property,Apartment,Dubai Islands,Hado by Beyond Tower B,2 B/R,1204.28,4352180,3613.94,Beyond Developments,Beyond Developments,1
2026-02-09T00:00:00.000,Off-Plan Property,Apartment,Dubai Islands,Hado by Beyond Tower B,1 B/R,862.41,2662000,3086.69,Beyond Developments,Beyond Developments,1
2026-02-09T00:00:00.000,Off-Plan Property,Apartment,Dubai Islands,Hado by Beyond Tower B,1 B/R,827.86,3104000,3749.43,Beyond Developments,Beyond Developments,1
2026-02-09T00:00:00.000,Off-Plan Property,Apartment,Dubai Islands,Hado by Beyond Tower C,1 B/R,831.73,2702000,3248.63,Beyond Developments,Beyond Developments,1
2026-02-09T00:00:00.000,Off-Plan Property,Apartment,Dubai Islands,Hado by Beyond Tower C,1 B/R,831.63,2591000,3115.58,Beyond Developments,Beyond Developments,1
2026-02-09T00:00:00.000,Off-Plan Property,Apartment,Dubai Islands,Lia Residences,2 B/R,1380.27,4562000,3305.16,Avenew,Avenew Real Estate Development,1
2026-02-09T00:00:00.000,Off-Plan Property,Apartment,Dubai Marina,Aba Lux Living - Kempinski Marina Residences,2 B/R,1685.86,4050152,2402.43,ABA,ABA Group,1
2026-02-09T00:00:00.000,Off-Plan Property,Apartment,Dubai Maritime City,Breez by Danube,0 B/R,394.29,1341620,3402.66,Danube,Danube Properties,1
2026-02-09T00:00:00.000,Off-Plan Property,Apartment,Dubai Maritime City,Breez by Danube,1 B/R,763.71,2381940,3118.92,Danube,Danube Properties,1
2026-02-09T00:00:00.000,Off-Plan Property,Apartment,Dubai Maritime City,Talea by Beyond,2 B/R,1421.82,4316000,3035.55,Beyond Developments,Beyond Developments,1
2026-02-09T00:00:00.000,Off-Plan Property,Apartment,Dubai Creek Harbour,Creek Haven Tower A,2 B/R,1188.67,2680888,2255.37,Emaar,Emaar Properties PJSC,1
2026-02-09T00:00:00.000,Off-Plan Property,Apartment,Al Wasl,City Walk Crestlane 5 Building B,1 B/R,804.39,2802000,3483.37,Meraas,Meraas Development  L.L.C,1
2026-02-09T00:00:00.000,Off-Plan Property,Apartment,Azizi Venice,Azizi Venice 8 A,0 B/R,346.17,730000,2108.79,Azizi,Azizi Developments,1
2026-02-09T00:00:00.000,Off-Plan Property,Apartment,Business Bay,Avarra - Business Bay Palace Residences,3 B/R,1861.85,6165070,3311.26,Emaar,Emaar Properties PJSC,1
2026-02-09T00:00:00.000,Off-Plan Property,Apartment,Business Bay,Binghatti Aquarise Tower C,1 B/R,812.68,2306999,2838.75,Binghatti,Binghatti Holding Limited,1
2026-02-09T00:00:00.000,Off-Plan Property,Apartment,Business Bay,DWTN Residences - Downtown Residences,1 B/R,777.91,2218998,2852.5,Deyaar,Deyaar Development Company,1
2026-02-09T00:00:00.000,Off-Plan Property,Apartment,Business Bay,DWTN Residences - Downtown Residences,1 B/R,901.49,2474256,2744.64,Deyaar,Deyaar Development Company,1
2026-02-09T00:00:00.000,Off-Plan Property,Apartment,Business Bay,DWTN Residences - Downtown Residences,1 B/R,836.15,2285447,2733.31,Deyaar,Deyaar Development Company,1
2026-02-09T00:00:00.000,Off-Plan Property,Apartment,Al Wasl,City Walk Crestlane 5 Building B,1 B/R,804.39,2802000,3483.37,Meraas,Meraas Development  L.L.C,1
2026-02-09T00:00:00.000,Off-Plan Property,Apartment,Al Wasl,City Walk Crestlane 5 Building B,3 B/R,2101.03,7712000,3670.59,Meraas,Meraas Development  L.L.C,1
2026-02-09T00:00:00.000,Off-Plan Property,Apartment,Business Bay,One B Tower (One Billion Tower),1 B/R,682.11,2487000,3646.01,AL Wasl,Al Wasl Properties PJSC,1
2026-02-09T00:00:00.000,Off-Plan Property,Apartment,Al Wasl,City Walk Crestlane 5 Building B,2 B/R,1256.48,3798000,3022.73,Meraas,Meraas Development  L.L.C,1
2026-02-09T00:00:00.000,Off-Plan Property,Apartment,Al Wasl,City Walk Crestlane 5 Building A,2 B/R,1504.91,4942000,3283.91,Meraas,Meraas Development  L.L.C,1
2026-02-09T00:00:00.000,Off-Plan Property,Apartment,Al Wasl,City Walk Crestlane 5 Building A,2 B/R,1504.91,4954000,3291.88,Meraas,Meraas Development  L.L.C,1
2026-02-09T00:00:00.000,Off-Plan Property,Apartment,Al Wasl,City Walk Crestlane 5 Building A,1 B/R,843.9,2851000,3378.37,Meraas,Meraas Development  L.L.C,1
2026-02-09T00:00:00.000,Off-Plan Property,Apartment,Al Wasl,City Walk Crestlane 5 Building A,2 B/R,1256.59,3781000,3008.94,Meraas,Meraas Development  L.L.C,1
2026-02-09T00:00:00.000,Off-Plan Property,Apartment,Al Wasl,City Walk Crestlane 5 Building A,3 B/R,2101.03,7482000,3561.12,Meraas,Meraas Development  L.L.C,1
2026-02-09T00:00:00.000,Off-Plan Property,Apartment,Al Wasl,City Walk Crestlane 5 Building A,2 B/R,1386.4,4755000,3429.74,Meraas,Meraas Development  L.L.C,1
2026-02-09T00:00:00.000,Off-Plan Property,Apartment,Al Wasl,City Walk Crestlane 5 Building A,1 B/R,793.52,2863000,3607.97,Meraas,Meraas Development  L.L.C,1
2026-02-09T00:00:00.000,Off-Plan Property,Apartment,Al Wasl,City Walk Crestlane 5 Building A,1 B/R,840.45,2835000,3373.18,Meraas,Meraas Development  L.L.C,1
2026-02-09T00:00:00.000,Off-Plan Property,Apartment,Al Wasl,City Walk Crestlane 5 Building A,1 B/R,843.9,2858000,3386.67,Meraas,Meraas Development  L.L.C,1
2026-02-09T00:00:00.000,Off-Plan Property,Apartment,Al Wasl,City Walk Crestlane 5 Building A,2 B/R,1256.59,3790000,3016.1,Meraas,Meraas Development  L.L.C,1
2026-02-09T00:00:00.000,Off-Plan Property,Apartment,Al Wasl,City Walk Crestlane 5 Building A,3 B/R,2101.03,7502000,3570.64,Meraas,Meraas Development  L.L.C,1
2026-02-09T00:00:00.000,Off-Plan Property,Apartment,Al Wasl,City Walk Crestlane 5 Building A,2 B/R,1386.4,4768000,3439.11,Meraas,Meraas Development  L.L.C,1
2026-02-09T00:00:00.000,Off-Plan Property,Apartment,Al Wasl,City Walk Crestlane 5 Building A,2 B/R,1506.96,4999000,3317.27,Meraas,Meraas Development  L.L.C,1
2026-02-09T00:00:00.000,Off-Plan Property,Apartment,Al Wasl,City Walk Crestlane 5 Building A,1 B/R,793.52,2870000,3616.79,Meraas,Meraas Development  L.L.C,1
2026-02-09T00:00:00.000,Off-Plan Property,Apartment,Al Wasl,City Walk Crestlane 5 Building A,3 B/R,2101.03,7731000,3679.63,Meraas,Meraas Development  L.L.C,1
2026-02-09T00:00:00.000,Off-Plan Property,Apartment,Al Wasl,City Walk Crestlane 5 Building B,3 B/R,2101.03,7750000,3688.68,Meraas,Meraas Development  L.L.C,1
2026-02-09T00:00:00.000,Off-Plan Property,Apartment,Al Wasl,City Walk Crestlane 5 Building B,1 B/R,816.66,2890000,3538.78,Meraas,Meraas Development  L.L.C,1
2026-02-09T00:00:00.000,Off-Plan Property,Apartment,Al Wasl,City Walk Crestlane 5 Building B,2 B/R,1252.61,3731000,2978.59,Meraas,Meraas Development  L.L.C,1
2026-02-09T00:00:00.000,Off-Plan Property,Apartment,Al Wasl,City Walk Crestlane 5 Building B,3 B/R,2082.73,7055000,3387.39,Meraas,Meraas Development  L.L.C,1
2026-02-09T00:00:00.000,Off-Plan Property,Apartment,Al Wasl,City Walk Crestlane 5 Building B,2 B/R,1256.48,3752000,2986.12,Meraas,Meraas Development  L.L.C,1
2026-02-09T00:00:00.000,Off-Plan Property,Apartment,Al Wasl,City Walk Crestlane 5 Building B,1 B/R,788.89,2879000,3649.42,Meraas,Meraas Development  L.L.C,1
2026-02-09T00:00:00.000,Off-Plan Property,Apartment,Al Wasl,City Walk Crestlane 5 Building B,2 B/R,1180.7,3462000,2932.15,Meraas,Meraas Development  L.L.C,1
2026-02-09T00:00:00.000,Off-Plan Property,Apartment,Al Wasl,City Walk Crestlane 5 Building B,1 B/R,804.39,2781000,3457.26,Meraas,Meraas Development  L.L.C,1
2026-02-09T00:00:00.000,Off-Plan Property,Apartment,Al Wasl,City Walk Crestlane 5 Building B,3 B/R,2082.3,7457000,3581.14,Meraas,Meraas Development  L.L.C,1
2026-02-09T00:00:00.000,Off-Plan Property,Apartment,Al Wasl,City Walk Crestlane 5 Building B,1 B/R,804.39,2788000,3465.96,Meraas,Meraas Development  L.L.C,1
2026-02-09T00:00:00.000,Off-Plan Property,Apartment,Al Wasl,City Walk Crestlane 5 Building B,2 B/R,1256.48,3789000,3015.56,Meraas,Meraas Development  L.L.C,1
2026-02-09T00:00:00.000,Off-Plan Property,Apartment,Business Bay,One B Tower (One Billion Tower),1 B/R,681.68,2477000,3633.65,AL Wasl,Al Wasl Properties PJSC,1
2026-02-09T00:00:00.000,Off-Plan Property,Apartment,Al Wasl,City Walk Crestlane 5 Building B,1 B/R,804.39,2795000,3474.67,Meraas,Meraas Development  L.L.C,1
2026-02-09T00:00:00.000,Off-Plan Property,Apartment,Business Bay,Sobha Skyparks,2 B/R,1229.14,5039433,4099.96,Sobha,Sobha Real Estate L.L.C,1
2026-02-09T00:00:00.000,Off-Plan Property,Apartment,Business Park Motor City,Sierra by Iman,0 B/R,417.86,940174,2249.98,Iman L L C,Iman Developers L.L.C,1
2026-02-09T00:00:00.000,Off-Plan Property,Apartment,Business Park Motor City,Sierra by Iman,0 B/R,416.35,915966,2199.98,Iman L L C,Iman Developers L.L.C,1
2026-02-09T00:00:00.000,Off-Plan Property,Apartment,Business Park Motor City,Sierra by Iman,0 B/R,416.35,897646.68,2155.98,Iman L L C,Iman Developers L.L.C,1
2026-02-08T00:00:00.000,Off-Plan Property,Apartment,Al Wasl,Eden House The Park D,2 B/R,1940.32,7551717.26,3892,H&H,H&H Investment and Development,1
2026-02-08T00:00:00.000,Off-Plan Property,Apartment,Al Wasl,Eden House The Park D,2 B/R,1940.32,7691563.88,3964.07,H&H,H&H Investment and Development,1
2026-02-08T00:00:00.000,Off-Plan Property,Apartment,Al Wasl,Eden House The Park D,2 B/R,1940.32,7411870.65,3819.92,H&H,H&H Investment and Development,1
2026-02-07T00:00:00.000,Off-Plan Property,Apartment,Jumeirah Garden City,Elmora Residence,1 B/R,501.93,1451229,2891.32,Unknown,Unknown,1
2026-02-07T00:00:00.000,Off-Plan Property,Apartment,Jumeirah Garden City,Elmora Residence,1 B/R,501.93,1435650,2860.29,Unknown,Unknown,1
2026-02-07T00:00:00.000,Off-Plan Property,Apartment,Horizon,Mansory Residences - AMAAL 8,1 B/R,754.56,1560000,2067.44,Amaal Emirates L L C,Amaal Emirates L.L.C,1
2026-02-07T00:00:00.000,Off-Plan Property,Apartment,Horizon,Mansory Residences - AMAAL 8,2 B/R,1237.11,2600888,2102.4,Amaal Emirates L L C,Amaal Emirates L.L.C,1
2026-02-07T00:00:00.000,Off-Plan Property,Apartment,Majan,Samana Barari Heights,0 B/R,422.16,894000.01,2117.66,Samana,Samana Developers,1
2026-02-07T00:00:00.000,Off-Plan Property,Apartment,Motor City,Mirdad One,0 B/R,377.39,792504,2099.98,Union,Union Properties,1
2026-02-07T00:00:00.000,Off-Plan Property,Apartment,Dubai Marina,Rove Home Dubai Marina,0 B/R,434.97,1321200,3037.43,Irth L L C,IRTH Development L.L.C,2
2026-02-07T00:00:00.000,Off-Plan Property,Apartment,Al Satwa,Coral by Vision,0 B/R,351.88,816000,2319,Vision Developments Vision Platinum,Vision Developments - Vision Platinum Real Estate Development,2
2026-02-07T00:00:00.000,Off-Plan Property,Apartment,Sobha Hartland 2,Ayaan Heights 1,1 B/R,790.83,1776864,2246.83,MAG,MAG Property Development,1
2026-02-07T00:00:00.000,Off-Plan Property,Apartment,Sobha Hartland 2,Ayaan Heights 1,1 B/R,770.06,1742516,2262.84,MAG,MAG Property Development,1
2026-02-07T00:00:00.000,Off-Plan Property,Apartment,Horizon,Mansory Residences - AMAAL 8,1 B/R,878.56,2118888,2411.78,Amaal Emirates L L C,Amaal Emirates L.L.C,1
2026-02-07T00:00:00.000,Off-Plan Property,Apartment,Dubai Maritime City,Orise Tower 1,1 B/R,826.68,2599050,3143.98,Beyond Developments,Beyond Developments,0
2026-02-07T00:00:00.000,Off-Plan Property,Apartment,Business Park Motor City,Sierra by Iman,0 B/R,417.43,926682,2219.98,Iman L L C,Iman Developers L.L.C,1
2026-02-07T00:00:00.000,Off-Plan Property,Apartment,District Seven,Keturah Reserve MU-09,2 B/R,1646.35,4387000,2664.68,MAG,MAG Property Development,1
2026-02-07T00:00:00.000,Off-Plan Property,Apartment,Dubai Islands,Ocean Tower,2 B/R,1468.1,3140000,2138.82,Ahmed AL Ansari,Ahmed Al Ansari Real Estate Development LLC,1
2026-02-07T00:00:00.000,Off-Plan Property,Apartment,Dubai Islands,Ocean Tower,1 B/R,842.82,2050000,2432.31,Ahmed AL Ansari,Ahmed Al Ansari Real Estate Development LLC,1
2026-02-06T00:00:00.000,Off-Plan Property,Apartment,Meydan City,Mercedes Benz Places Binghatti City Tower 5 - Maybach 6 Tower B,3 B/R,1325.16,5094000,3844.08,Unknown,Unknown,1
2026-02-06T00:00:00.000,Off-Plan Property,Apartment,Palm Jebel Ali,Palm Central Residences A,1 B/R,836.15,2846000,3403.71,Nakheel,Nakheel PJSC,1
2026-02-06T00:00:00.000,Off-Plan Property,Apartment,Meydan City,Mercedes Benz Places Binghatti City Tower 5 - Maybach 6 Tower B,1 B/R,617.32,2324000,3764.69,Unknown,Unknown,1
2026-02-06T00:00:00.000,Off-Plan Property,Apartment,Meydan City,Mercedes Benz Places Binghatti City Tower 5 - Maybach 6 Tower B,1 B/R,617.32,2346000,3800.33,Unknown,Unknown,1
2026-02-06T00:00:00.000,Off-Plan Property,Apartment,Meydan City,Mercedes Benz Places Binghatti City Tower 5 - Maybach 6 Tower B,0 B/R,401.82,1335000,3322.38,Unknown,Unknown,1
2026-02-06T00:00:00.000,Off-Plan Property,Apartment,Meydan City,Mercedes Benz Places Binghatti City Tower 5 - Maybach 6 Tower B,0 B/R,341.11,1411000,4136.48,Unknown,Unknown,1
2026-02-06T00:00:00.000,Off-Plan Property,Apartment,Meydan City,Mercedes Benz Places Binghatti City Tower 5 - Maybach 6 Tower B,0 B/R,401.82,1436000,3573.74,Unknown,Unknown,1
2026-02-06T00:00:00.000,Off-Plan Property,Apartment,Meydan City,Mercedes Benz Places Binghatti City Tower 5 - Maybach 6 Tower B,0 B/R,401.82,1436000,3573.74,Unknown,Unknown,1
2026-02-06T00:00:00.000,Off-Plan Property,Apartment,Meydan City,Mercedes Benz Places Binghatti City Tower 5 - Maybach 6 Tower B,0 B/R,401.82,1424000,3543.87,Unknown,Unknown,1
2026-02-06T00:00:00.000,Off-Plan Property,Apartment,Meydan City,Mercedes Benz Places Binghatti City Tower 5 - Maybach 6 Tower B,0 B/R,361.13,1421000,3934.85,Unknown,Unknown,1
2026-02-06T00:00:00.000,Off-Plan Property,Apartment,Palm Jebel Ali,Palm Central Residences A,2 B/R,1239.04,4331000,3495.44,Nakheel,Nakheel PJSC,1
2026-02-06T00:00:00.000,Off-Plan Property,Apartment,Palm Jebel Ali,Palm Central Residences A,2 B/R,1243.46,4515000,3631.01,Nakheel,Nakheel PJSC,1
2026-02-06T00:00:00.000,Off-Plan Property,Apartment,Palm Jebel Ali,Palm Central Residences B,1 B/R,741.96,2537000,3419.31,Nakheel,Nakheel PJSC,1
2026-02-06T00:00:00.000,Off-Plan Property,Apartment,Palm Jebel Ali,Palm Central Residences C,2 B/R,1881.12,5869000,3119.96,Nakheel,Nakheel PJSC,1
2026-02-06T00:00:00.000,Off-Plan Property,Apartment,Palm Jebel Ali,Palm Central Residences C,2 B/R,1467.56,5824000,3968.48,Nakheel,Nakheel PJSC,1
2026-02-06T00:00:00.000,Off-Plan Property,Apartment,Sobha Hartland,The Element at Sobha One,3 B/R,1789.08,5018341,2804.98,Sobha,Sobha Real Estate L.L.C,1
2026-02-06T00:00:00.000,Off-Plan Property,Apartment,Sobha Hartland 2,Skyvue Stellar,2 B/R,1191.68,3277093,2749.97,Sobha,Sobha Real Estate L.L.C,1
2026-02-06T00:00:00.000,Off-Plan Property,Apartment,Meydan City,Mercedes Benz Places Binghatti City Tower 5 - Maybach 6 Tower B,0 B/R,361.13,1408000,3898.85,Unknown,Unknown,1
2026-02-06T00:00:00.000,Off-Plan Property,Apartment,Meydan City,Mercedes Benz Places Binghatti City Tower 5 - Maybach 6 Tower B,0 B/R,395.68,1409000,3560.92,Unknown,Unknown,1
2026-02-06T00:00:00.000,Off-Plan Property,Apartment,Meydan City,Mercedes Benz Places Binghatti City Tower 3 - Maybach Ultimate Luxury Tower B,0 B/R,341.11,1353000,3966.45,Unknown,Unknown,1
2026-02-06T00:00:00.000,Off-Plan Property,Apartment,Meydan City,Mercedes Benz Places Binghatti City Tower 5 - Maybach 6 Tower B,0 B/R,375.34,1399000,3727.28,Unknown,Unknown,1
2026-02-06T00:00:00.000,Off-Plan Property,Apartment,Meydan City,Mercedes Benz Places Binghatti City Tower 4 - Maybach 6 Tower A,0 B/R,401.82,1441000,3586.18,Unknown,Unknown,1
2026-02-06T00:00:00.000,Off-Plan Property,Apartment,Meydan City,Mercedes Benz Places Binghatti City Tower 3 - Maybach Ultimate Luxury Tower B,1 B/R,617.32,2351000,3808.43,Unknown,Unknown,1
2026-02-06T00:00:00.000,Off-Plan Property,Apartment,Meydan City,Mercedes Benz Places Binghatti City Tower 3 - Maybach Ultimate Luxury Tower B,1 B/R,617.32,2355000,3814.91,Unknown,Unknown,1
2026-02-06T00:00:00.000,Off-Plan Property,Apartment,Meydan City,Mercedes Benz Places Binghatti City Tower 3 - Maybach Ultimate Luxury Tower B,0 B/R,375.34,1361000,3626.04,Unknown,Unknown,1
2026-02-06T00:00:00.000,Off-Plan Property,Apartment,Meydan City,Mercedes Benz Places Binghatti City Tower 3 - Maybach Ultimate Luxury Tower B,0 B/R,375.34,1361000,3626.04,Unknown,Unknown,1
2026-02-06T00:00:00.000,Off-Plan Property,Apartment,Meydan City,Mercedes Benz Places Binghatti City Tower 4 - Maybach 6 Tower A,0 B/R,361.13,1369000,3790.86,Unknown,Unknown,1
2026-02-06T00:00:00.000,Off-Plan Property,Apartment,Meydan City,Mercedes Benz Places Binghatti City Tower 4 - Maybach 6 Tower A,0 B/R,386.86,1369000,3538.76,Unknown,Unknown,1
2026-02-06T00:00:00.000,Off-Plan Property,Apartment,Meydan City,Mercedes Benz Places Binghatti City Tower 4 - Maybach 6 Tower A,0 B/R,401.82,1378000,3429.4,Unknown,Unknown,1
2026-02-06T00:00:00.000,Off-Plan Property,Apartment,Meydan City,Mercedes Benz Places Binghatti City Tower 4 - Maybach 6 Tower A,0 B/R,395.68,1401000,3540.7,Unknown,Unknown,1
2026-02-06T00:00:00.000,Off-Plan Property,Apartment,Meydan City,Mercedes Benz Places Binghatti City Tower 4 - Maybach 6 Tower A,1 B/R,617.32,2456000,3978.52,Unknown,Unknown,1
2026-02-06T00:00:00.000,Off-Plan Property,Apartment,Meydan City,Mercedes Benz Places Binghatti City Tower 4 - Maybach 6 Tower A,0 B/R,341.11,1429000,4189.25,Unknown,Unknown,1
2026-02-06T00:00:00.000,Off-Plan Property,Apartment,Meydan City,Mercedes Benz Places Binghatti City Tower 4 - Maybach 6 Tower A,0 B/R,395.68,1439000,3636.73,Unknown,Unknown,1
2026-02-06T00:00:00.000,Off-Plan Property,Apartment,Meydan City,Mercedes Benz Places Binghatti City Tower 4 - Maybach 6 Tower A,0 B/R,386.86,1312000,3391.42,Unknown,Unknown,1
2026-02-06T00:00:00.000,Off-Plan Property,Apartment,Meydan City,Mercedes Benz Places Binghatti City Tower 5 - Maybach 6 Tower B,0 B/R,361.13,1402000,3882.23,Unknown,Unknown,1
2026-02-06T00:00:00.000,Off-Plan Property,Apartment,Meydan City,Mercedes Benz Places Binghatti City Tower 4 - Maybach 6 Tower A,0 B/R,395.68,1320000,3335.99,Unknown,Unknown,1
2026-02-06T00:00:00.000,Off-Plan Property,Apartment,Meydan City,Mercedes Benz Places Binghatti City Tower 4 - Maybach 6 Tower A,0 B/R,341.11,1328000,3893.16,Unknown,Unknown,1
2026-02-06T00:00:00.000,Off-Plan Property,Apartment,Meydan City,Mercedes Benz Places Binghatti City Tower 4 - Maybach 6 Tower A,0 B/R,395.68,1338000,3381.48,Unknown,Unknown,1
2026-02-06T00:00:00.000,Off-Plan Property,Apartment,Meydan City,Mercedes Benz Places Binghatti City Tower 4 - Maybach 6 Tower A,0 B/R,375.34,1341000,3572.75,Unknown,Unknown,1
2026-02-06T00:00:00.000,Off-Plan Property,Apartment,Meydan City,Mercedes Benz Places Binghatti City Tower 5 - Maybach 6 Tower B,0 B/R,386.86,1352000,3494.82,Unknown,Unknown,1
2026-02-06T00:00:00.000,Off-Plan Property,Apartment,Meydan City,Mercedes Benz Places Binghatti City Tower 5 - Maybach 6 Tower B,0 B/R,401.82,1354000,3369.67,Unknown,Unknown,1
2026-02-06T00:00:00.000,Off-Plan Property,Apartment,Meydan City,Mercedes Benz Places Binghatti City Tower 5 - Maybach 6 Tower B,2 B/R,972.64,3253000,3344.52,Unknown,Unknown,1
2026-02-06T00:00:00.000,Off-Plan Property,Apartment,Meydan City,Mercedes Benz Places Binghatti City Tower 5 - Maybach 6 Tower B,0 B/R,341.11,1355000,3972.31,Unknown,Unknown,1
2026-02-06T00:00:00.000,Off-Plan Property,Apartment,Meydan City,Mercedes Benz Places Binghatti City Tower 5 - Maybach 6 Tower B,0 B/R,341.11,1368000,4010.42,Unknown,Unknown,1
2026-02-06T00:00:00.000,Off-Plan Property,Apartment,Meydan City,Mercedes Benz Places Binghatti City Tower 5 - Maybach 6 Tower B,0 B/R,341.11,1368000,4010.42,Unknown,Unknown,1
2026-02-06T00:00:00.000,Off-Plan Property,Apartment,Meydan City,Mercedes Benz Places Binghatti City Tower 5 - Maybach 6 Tower B,1 B/R,617.32,2423000,3925.06,Unknown,Unknown,1
2026-02-06T00:00:00.000,Off-Plan Property,Apartment,Meydan City,Mercedes Benz Places Binghatti City Tower 5 - Maybach 6 Tower B,1 B/R,617.32,2434000,3942.88,Unknown,Unknown,1
2026-02-06T00:00:00.000,Off-Plan Property,Apartment,Palm Jumeirah,Serenia Living - Tower 1,2 B/R,1884.45,7000000,3714.6,Palma,Palma Real Estate,2
2026-02-06T00:00:00.000,Off-Plan Property,Apartment,Jumeirah Lake Towers,Viewz 2 By Danube,1 B/R,737.44,1545000,2095.08,Danube,Danube Properties,2
2026-02-06T00:00:00.000,Off-Plan Property,Apartment,Meydan City,Mercedes Benz Places Binghatti City Tower 2 - Maybach Ultimate Luxury Tower A,1 B/R,617.32,2332000,3777.65,Unknown,Unknown,2
2026-02-06T00:00:00.000,Off-Plan Property,Apartment,Meydan City,Mercedes Benz Places Binghatti City Tower 5 - Maybach 6 Tower B,1 B/R,617.32,2423000,3925.06,Unknown,Unknown,2
2026-02-06T00:00:00.000,Off-Plan Property,Apartment,Meydan City,Mercedes Benz Places Binghatti City Tower 5 - Maybach 6 Tower B,1 B/R,617.32,2434000,3942.88,Unknown,Unknown,2
2026-02-06T00:00:00.000,Off-Plan Property,Apartment,Meydan City,Tonino Lamborghini 2,1 B/R,910.31,2275750,2499.97,Gulf Land,Gulf Land Property Developers,2
2026-02-06T00:00:00.000,Off-Plan Property,Apartment,Uptown Motorcity,Sobha Orbis Tower E,1 B/R,696.86,1445964,2074.97,Sobha,Sobha Real Estate L.L.C,1
2026-02-06T00:00:00.000,Off-Plan Property,Apartment,Business Bay,Bayz 101,1 B/R,940.77,2313400,2459.04,Danube,Danube Properties,2
2026-02-06T00:00:00.000,Off-Plan Property,Apartment,Business Bay,Binghatti Skyrise Tower 1,0 B/R,434,1030000,2373.25,Binghatti,Binghatti Holding Limited,2
2026-02-06T00:00:00.000,Off-Plan Property,Apartment,Business Bay,One River Point,0 B/R,487.61,1505828,3088.19,Ellington,Ellington Properties Development L.L.C,2
2026-02-06T00:00:00.000,Off-Plan Property,Apartment,Business Bay,Peninsula Four Tower A,1 B/R,971.24,2210000,2275.45,Private Investor,Private Investor,2
2026-02-06T00:00:00.000,Off-Plan Property,Apartment,Business Bay,The Edge,1 B/R,619.25,1531000,2472.33,Select Group,Select Group,2
2026-02-06T00:00:00.000,Off-Plan Property,Apartment,Business Bay,VYB,1 B/R,731.52,1600000,2187.22,Ginco L L C,Ginco Properties L.L.C,2
2026-02-06T00:00:00.000,Off-Plan Property,Apartment,Downtown Dubai,Rove Home Residences by IRTH,0 B/R,402.57,1500000,3726.03,Irth L L C,IRTH Development L.L.C,2
2026-02-06T00:00:00.000,Off-Plan Property,Apartment,Downtown Dubai,St. Regis Residences Tower 1,1 B/R,928.4,2550000,2746.68,Emaar,Emaar Properties PJSC,2
2026-02-06T00:00:00.000,Off-Plan Property,Apartment,Dubai Creek Harbour,Altan,3 B/R,1848.18,4172888,2257.84,Emaar,Emaar Properties PJSC,2
2026-02-06T00:00:00.000,Off-Plan Property,Apartment,Dubai Hills Estate,Elvira 2,2 B/R,1062.84,2470000,2323.97,Emaar,Emaar Properties PJSC,3
2026-02-06T00:00:00.000,Off-Plan Property,Apartment,Dubai Hills Estate,Elvira 2,3 B/R,1501.36,3950000,2630.94,Emaar,Emaar Properties PJSC,2
2026-02-06T00:00:00.000,Off-Plan Property,Apartment,Dubai Hills Estate,Palace Residences 3,1 B/R,742.93,1980000,2665.12,Emaar,Emaar Properties PJSC,3
2026-02-06T00:00:00.000,Off-Plan Property,Apartment,Dubai Marina,Residences Du Port - Autograph Collection Residences,2 B/R,1416.65,4600000,3247.1,Emaar,Emaar Properties PJSC,2
2026-02-06T00:00:00.000,Off-Plan Property,Apartment,Meydan City,Mercedes Benz Places Binghatti City Tower 1 - Project Maybach,1 B/R,632.17,2353000,3722.1,Unknown,Unknown,1
2026-02-06T00:00:00.000,Off-Plan Property,Apartment,Meydan City,Mercedes Benz Places Binghatti City Tower 2 - Maybach Ultimate Luxury Tower A,1 B/R,617.32,2332000,3777.65,Unknown,Unknown,1
2026-02-06T00:00:00.000,Off-Plan Property,Apartment,Meydan City,Mercedes Benz Places Binghatti City Tower 1 - Project Maybach,0 B/R,403.65,1375000,3406.42,Unknown,Unknown,1
2026-02-06T00:00:00.000,Off-Plan Property,Apartment,Jebel Ali First,Horizon at Sobha Central,2 B/R,1084.04,2975690,2744.99,Sobha,Sobha Real Estate L.L.C,1
2026-02-06T00:00:00.000,Off-Plan Property,Apartment,Jebel Ali First,The Eden at Sobha Central,1 B/R,690.08,2025385,2935,Sobha,Sobha Real Estate L.L.C,1
2026-02-06T00:00:00.000,Off-Plan Property,Apartment,Horizon,Parkway by Prestige One,2 B/R,1301.15,2783900,2139.57,Prestige ONE Developments Prestige ONE Luxury LL,Prestige One Developments - Prestige One Luxury Real Estate LL,1
2026-02-06T00:00:00.000,Off-Plan Property,Apartment,Jebel Ali First,The Serene at Sobha Central,2 B/R,859.51,2569905,2989.98,Sobha,Sobha Real Estate L.L.C,1
2026-02-06T00:00:00.000,Off-Plan Property,Apartment,Jumeirah Garden City,Elmora Residence,1 B/R,393.32,1114193,2832.81,Unknown,Unknown,1
2026-02-06T00:00:00.000,Off-Plan Property,Apartment,Jumeirah Garden City,Elmora Residence,0 B/R,224.21,723794,3228.14,Unknown,Unknown,1
2026-02-06T00:00:00.000,Off-Plan Property,Apartment,Jumeirah Garden City,Elmora Residence,1 B/R,393.32,1168582,2971.1,Unknown,Unknown,1
2026-02-06T00:00:00.000,Off-Plan Property,Apartment,Jumeirah Garden City,Elmora Residence,2 B/R,725.92,2000538,2755.85,Unknown,Unknown,1
2026-02-06T00:00:00.000,Off-Plan Property,Apartment,Jumeirah Garden City,Elmora Residence,1 B/R,393.32,1187118,3018.23,Unknown,Unknown,1
2026-02-06T00:00:00.000,Off-Plan Property,Apartment,Jumeirah Garden City,Elmora Residence,0 B/R,224.21,741449,3306.88,Unknown,Unknown,1
2026-02-06T00:00:00.000,Off-Plan Property,Apartment,Jumeirah Garden City,Elmora Residence,2 B/R,667.37,1865616,2795.48,Unknown,Unknown,1
2026-02-06T00:00:00.000,Off-Plan Property,Apartment,Jumeirah Garden City,The Elysian Residence,2 B/R,770.7,1816777,2357.3,NEW Mfour,New MFOUR Real Estate Development LLC,1
2026-02-06T00:00:00.000,Off-Plan Property,Apartment,Jumeirah Garden City,The Elysian Residence,1 B/R,721.08,1645777,2282.38,NEW Mfour,New MFOUR Real Estate Development LLC,1
2026-02-06T00:00:00.000,Off-Plan Property,Apartment,Jumeirah Garden City,The Elysian Residence,1 B/R,716.67,1664777,2322.94,NEW Mfour,New MFOUR Real Estate Development LLC,1
2026-02-06T00:00:00.000,Off-Plan Property,Apartment,Jumeirah Lake Towers,Mercer House North Tower,2 B/R,1680.48,4467828,2658.67,Ellington,Ellington Properties Development L.L.C,1
2026-02-06T00:00:00.000,Off-Plan Property,Apartment,Horizon,Mansory Residences - AMAAL 8,2 B/R,1370.47,3377888,2464.76,Amaal Emirates L L C,Amaal Emirates L.L.C,1
2026-02-06T00:00:00.000,Off-Plan Property,Apartment,Jumeirah Lake Towers,Mercer House South Tower,2 B/R,1491.68,3688828,2472.94,Ellington,Ellington Properties Development L.L.C,1
2026-02-06T00:00:00.000,Off-Plan Property,Apartment,Expo City,Expo City Al Waha Residences 01 Building 21,2 B/R,1388.02,3491000,2515.1,Expo City,Expo City,1
2026-02-06T00:00:00.000,Off-Plan Property,Apartment,Expo City,Expo City Al Waha Residences 01 Building 21,2 B/R,1387.91,3491000,2515.29,Expo City,Expo City,1
2026-02-06T00:00:00.000,Off-Plan Property,Apartment,Expo City,Expo City Al Waha Residences 02 Building 42,2 B/R,1389.96,3565000,2564.83,Expo City,Expo City,1
2026-02-06T00:00:00.000,Off-Plan Property,Apartment,Expo City,Expo City Al Waha Residences 02 Building 42,2 B/R,1389.2,3565000,2566.22,Expo City,Expo City,1
2026-02-06T00:00:00.000,Off-Plan Property,Apartment,Expo City,Expo City Al Waha Residences 02 Building 42,2 B/R,1389.85,3565000,2565.03,Expo City,Expo City,1
2026-02-06T00:00:00.000,Off-Plan Property,Apartment,Jumeirah Lake Towers,Mercer House South Tower,3 B/R,2569.37,6738828,2622.76,Ellington,Ellington Properties Development L.L.C,1
2026-02-06T00:00:00.000,Off-Plan Property,Apartment,Meydan City,Emerge Residences,1 B/R,683.94,1590000,2324.75,Elysian Luxury,Elysian Luxury Real Estate Development LLC,1
2026-02-06T00:00:00.000,Off-Plan Property,Apartment,Jumeirah Village Circle,Binghatti Ruby,0 B/R,368.67,962498.9,2610.75,Binghatti,Binghatti Holding Limited,1
2026-02-06T00:00:00.000,Off-Plan Property,Apartment,Jumeirah Village Circle,Maimoon Gardens Tower B,1 B/R,612.36,1400000,2286.22,Fakhruddin,Fakhruddin Properties,1
2026-02-06T00:00:00.000,Off-Plan Property,Apartment,Business Bay,One by Binghatti,1 B/R,1020.32,3499999,3430.3,Binghatti,Binghatti Holding Limited,1
2026-02-06T00:00:00.000,Off-Plan Property,Apartment,Al Kifaf,Park Views Residences B,3 B/R,1643.77,3474777,2113.91,AL Wasl,Al Wasl Properties PJSC,1
2026-02-06T00:00:00.000,Off-Plan Property,Apartment,Azizi Venice,Azizi Venice 7 C,0 B/R,350.91,727500,2073.2,Azizi,Azizi Developments,1
2026-02-06T00:00:00.000,Off-Plan Property,Apartment,Business Bay,Al Habtoor Tower,1 B/R,860.8,2086781,2424.24,AL Habtoor,Al Habtoor Group,1
2026-02-06T00:00:00.000,Off-Plan Property,Apartment,Business Bay,Al Habtoor Tower,1 B/R,1142.49,3195582,2797.03,AL Habtoor,Al Habtoor Group,1
2026-02-06T00:00:00.000,Off-Plan Property,Apartment,Business Bay,Al Habtoor Tower,1 B/R,935.28,2690239.4,2876.39,AL Habtoor,Al Habtoor Group,1
2026-02-06T00:00:00.000,Off-Plan Property,Apartment,Business Bay,Al Habtoor Tower,2 B/R,1981.44,4975146,2510.88,AL Habtoor,Al Habtoor Group,1
2026-02-06T00:00:00.000,Off-Plan Property,Apartment,Business Bay,Al Habtoor Tower,2 B/R,1981.44,5025748,2536.42,AL Habtoor,Al Habtoor Group,1
2026-02-06T00:00:00.000,Off-Plan Property,Apartment,Business Bay,Avarra - Business Bay Palace Residences,1 B/R,824.74,2970888,3602.22,Emaar,Emaar Properties PJSC,1
2026-02-06T00:00:00.000,Off-Plan Property,Apartment,Al Furjan,Trussardi Residences 2 Building 1,0 B/R,415.17,895570,2157.13,Mira Developments,Mira Developments,1
2026-02-06T00:00:00.000,Off-Plan Property,Apartment,Al Furjan,Trussardi Residences 2 Building 1,0 B/R,415.17,884780,2131.14,Mira Developments,Mira Developments,1
2026-02-06T00:00:00.000,Off-Plan Property,Apartment,Al Furjan,Trussardi Residences 2 Building 1,0 B/R,429.16,925782,2157.19,Mira Developments,Mira Developments,1
2026-02-06T00:00:00.000,Off-Plan Property,Apartment,Al Jadaf,Binghatti Cullinan,1 B/R,689.33,1550999,2250.02,Binghatti,Binghatti Holding Limited,1
2026-02-06T00:00:00.000,Off-Plan Property,Apartment,Al Jadaf,Binghatti Cullinan,0 B/R,383.52,861999,2247.59,Binghatti,Binghatti Holding Limited,1
2026-02-06T00:00:00.000,Off-Plan Property,Apartment,Al Jadaf,Binghatti Cullinan,0 B/R,379.75,825999,2175.09,Binghatti,Binghatti Holding Limited,1
2026-02-06T00:00:00.000,Off-Plan Property,Apartment,Al Jadaf,Binghatti Cullinan,1 B/R,699.23,1565999,2239.61,Binghatti,Binghatti Holding Limited,1
2026-02-06T00:00:00.000,Off-Plan Property,Apartment,Al Jadaf,Binghatti Cullinan,0 B/R,383.52,864999,2255.41,Binghatti,Binghatti Holding Limited,1
2026-02-06T00:00:00.000,Off-Plan Property,Apartment,Al Jadaf,Binghatti Ivory,2 B/R,1259.6,2664374,2115.25,Binghatti,Binghatti Holding Limited,1
2026-02-06T00:00:00.000,Off-Plan Property,Apartment,Al Jadaf,Binghatti Twilight,2 B/R,874.58,1821000,2082.15,Binghatti,Binghatti Holding Limited,1
2026-02-06T00:00:00.000,Off-Plan Property,Apartment,Business Bay,Canal Crown 1,2 B/R,1300.18,3490000,2684.24,Damac,Damac Properties,1
2026-02-06T00:00:00.000,Off-Plan Property,Apartment,Business Bay,One by Binghatti,1 B/R,1020.32,3499999,3430.3,Binghatti,Binghatti Holding Limited,1
2026-02-06T00:00:00.000,Off-Plan Property,Apartment,Dubai Islands,Hado by Beyond Tower C,1 B/R,831.73,2452000,2948.06,Beyond Developments,Beyond Developments,1
2026-02-06T00:00:00.000,Off-Plan Property,Apartment,Dubai Islands,Hado by Beyond Tower C,1 B/R,791.37,2426000,3065.57,Beyond Developments,Beyond Developments,1
2026-02-06T00:00:00.000,Off-Plan Property,Apartment,Dubai Islands,Hado by Beyond Tower C,2 B/R,1307.18,4531000,3466.24,Beyond Developments,Beyond Developments,1
2026-02-06T00:00:00.000,Off-Plan Property,Apartment,Dubai Islands,Hado by Beyond Tower C,1 B/R,830.87,2588000,3114.8,Beyond Developments,Beyond Developments,1
2026-02-06T00:00:00.000,Off-Plan Property,Apartment,Dubai Islands,Hado by Beyond Tower C,1 B/R,1114.94,3044000,2730.2,Beyond Developments,Beyond Developments,1
2026-02-06T00:00:00.000,Off-Plan Property,Apartment,Dubai Islands,Hado by Beyond Tower C,1 B/R,870.05,2737000,3145.78,Beyond Developments,Beyond Developments,1
2026-02-06T00:00:00.000,Off-Plan Property,Apartment,Dubai Islands,Hado by Beyond Tower C,1 B/R,831.73,2591000,3115.18,Beyond Developments,Beyond Developments,1
2026-02-06T00:00:00.000,Off-Plan Property,Apartment,Dubai Islands,Hado by Beyond Tower C,1 B/R,836.04,2472000,2956.8,Beyond Developments,Beyond Developments,1
2026-02-06T00:00:00.000,Off-Plan Property,Apartment,Dubai Islands,Hado by Beyond Tower C,1 B/R,831.73,2591000,3115.18,Beyond Developments,Beyond Developments,1
2026-02-06T00:00:00.000,Off-Plan Property,Apartment,Dubai Islands,Hado by Beyond Tower C,1 B/R,831.73,2591000,3115.18,Beyond Developments,Beyond Developments,1
2026-02-06T00:00:00.000,Off-Plan Property,Apartment,Dubai Islands,Hado by Beyond Tower C,1 B/R,834.1,2686000,3220.23,Beyond Developments,Beyond Developments,1
2026-02-06T00:00:00.000,Off-Plan Property,Apartment,Dubai Islands,Hado by Beyond Tower C,1 B/R,831.73,2702000,3248.63,Beyond Developments,Beyond Developments,1
2026-02-06T00:00:00.000,Off-Plan Property,Apartment,Dubai Islands,Hado by Beyond Tower C,1 B/R,830.77,2585000,3111.59,Beyond Developments,Beyond Developments,1
2026-02-06T00:00:00.000,Off-Plan Property,Apartment,Dubai Islands,Sunset Bay Grand,1 B/R,969.62,2344004.35,2417.44,Imtiaz,Imtiaz Real Estate Investment And Development L.L.C,1
2026-02-06T00:00:00.000,Off-Plan Property,Apartment,Dubai Islands,Treppan Serenique Building 2,2 B/R,980.71,3153000,3215.02,Fakhruddin,Fakhruddin Properties,1
2026-02-06T00:00:00.000,Off-Plan Property,Apartment,Dubai Islands,Wellington Ocean,1 B/R,896.43,2000000,2231.08,ANK Motiwala,ANK Motiwala Real Estate Development LLC,1
2026-02-06T00:00:00.000,Off-Plan Property,Apartment,Dubai Maritime City,Breez by Danube,1 B/R,806.44,2685650,3330.26,Danube,Danube Properties,1
2026-02-06T00:00:00.000,Off-Plan Property,Apartment,Dubai Maritime City,Franck Muller Yachting by London Gate,0 B/R,549.72,1418000,2579.51,London Gate L L C,London Gate Real Estate Development L.L.C,1
2026-02-06T00:00:00.000,Off-Plan Property,Apartment,Dubai Maritime City,Franck Muller Yachting by London Gate,0 B/R,409.25,1391040,3399.02,London Gate L L C,London Gate Real Estate Development L.L.C,1
2026-02-06T00:00:00.000,Off-Plan Property,Apartment,Dubai Maritime City,Franck Muller Yachting by London Gate,0 B/R,429.05,1414000,3295.63,London Gate L L C,London Gate Real Estate Development L.L.C,1
2026-02-06T00:00:00.000,Off-Plan Property,Apartment,Dubai Maritime City,Franck Muller Yachting by London Gate,2 B/R,1462.5,3061000,2092.98,London Gate L L C,London Gate Real Estate Development L.L.C,1
2026-02-06T00:00:00.000,Off-Plan Property,Apartment,Dubai Maritime City,Franck Muller Yachting by London Gate,0 B/R,549.72,1358000,2470.36,London Gate L L C,London Gate Real Estate Development L.L.C,1
2026-02-06T00:00:00.000,Off-Plan Property,Apartment,Dubai Islands,Hado by Beyond Tower C,1 B/R,831.73,2588000,3111.57,Beyond Developments,Beyond Developments,1
2026-02-06T00:00:00.000,Off-Plan Property,Apartment,Dubai Islands,Hado by Beyond Tower C,2 B/R,1231.29,4236000,3440.28,Beyond Developments,Beyond Developments,1
2026-02-06T00:00:00.000,Off-Plan Property,Apartment,Dubai Maritime City,Kanyon by Beyond - Canyon by Beyond,1 B/R,888.78,2382380,2680.5,Omniyat,Omniyat Properties,1
2026-02-06T00:00:00.000,Off-Plan Property,Apartment,Dubai Islands,Hado by Beyond Tower A,1 B/R,829.9,2534000,3053.36,Beyond Developments,Beyond Developments,1
2026-02-06T00:00:00.000,Off-Plan Property,Apartment,Dubai Islands,Dreamlife Residences,1 B/R,838.62,1728031,2060.56,Nova Power,Nova Power Real Estate LLC,1
2026-02-06T00:00:00.000,Off-Plan Property,Apartment,Dubai Islands,Elle Residences,2 B/R,994.06,3047777,3066,Anax Developments,ANAX Developments,1
2026-02-06T00:00:00.000,Off-Plan Property,Apartment,Dubai Islands,Floarea Breeze,1 B/R,896.43,1879060,2096.17,Mashriq Elite,Mashriq Elite Real Estate Development LLC,1
2026-02-06T00:00:00.000,Off-Plan Property,Apartment,Dubai Islands,Hado by Beyond Tower A,1 B/R,831.73,2649000,3184.91,Beyond Developments,Beyond Developments,1
2026-02-06T00:00:00.000,Off-Plan Property,Apartment,Dubai Islands,Hado by Beyond Tower A,1 B/R,1076.29,2665000,2476.09,Beyond Developments,Beyond Developments,1
2026-02-06T00:00:00.000,Off-Plan Property,Apartment,Dubai Islands,Hado by Beyond Tower A,2 B/R,1585,5075000,3201.89,Beyond Developments,Beyond Developments,1
2026-02-06T00:00:00.000,Off-Plan Property,Apartment,Dubai Islands,Hado by Beyond Tower A,1 B/R,830.87,2523000,3036.56,Beyond Developments,Beyond Developments,1
2026-02-06T00:00:00.000,Off-Plan Property,Apartment,Dubai Islands,Hado by Beyond Tower A,2 B/R,1231.29,4103000,3332.27,Beyond Developments,Beyond Developments,1
2026-02-06T00:00:00.000,Off-Plan Property,Apartment,Dubai Islands,Hado by Beyond Tower A,2 B/R,1230.43,4131000,3357.36,Beyond Developments,Beyond Developments,1
2026-02-06T00:00:00.000,Off-Plan Property,Apartment,Dubai Islands,Hado by Beyond Tower A,2 B/R,1270.26,3998000,3147.39,Beyond Developments,Beyond Developments,1
2026-02-06T00:00:00.000,Off-Plan Property,Apartment,Dubai Islands,Hado by Beyond Tower A,1 B/R,834.53,2524000,3024.45,Beyond Developments,Beyond Developments,1
2026-02-06T00:00:00.000,Off-Plan Property,Apartment,Dubai Islands,Hado by Beyond Tower A,1 B/R,830.87,2563000,3084.71,Beyond Developments,Beyond Developments,1
2026-02-06T00:00:00.000,Off-Plan Property,Apartment,Dubai Islands,Hado by Beyond Tower C,2 B/R,1168.65,4003000,3425.33,Beyond Developments,Beyond Developments,1
2026-02-06T00:00:00.000,Off-Plan Property,Apartment,Dubai Islands,Hado by Beyond Tower A,1 B/R,830.87,2640000,3177.38,Beyond Developments,Beyond Developments,1
2026-02-06T00:00:00.000,Off-Plan Property,Apartment,Dubai Islands,Hado by Beyond Tower B,2 B/R,1741.51,6278000,3604.92,Beyond Developments,Beyond Developments,1
2026-02-06T00:00:00.000,Off-Plan Property,Apartment,Dubai Islands,Hado by Beyond Tower B,2 B/R,1233.66,4695000,3805.74,Beyond Developments,Beyond Developments,1
2026-02-06T00:00:00.000,Off-Plan Property,Apartment,Dubai Islands,Hado by Beyond Tower B,2 B/R,1199.65,4660000,3884.47,Beyond Developments,Beyond Developments,1
2026-02-06T00:00:00.000,Off-Plan Property,Apartment,Dubai Islands,Hado by Beyond Tower B,2 B/R,1270.26,4909000,3864.56,Beyond Developments,Beyond Developments,1
2026-02-06T00:00:00.000,Off-Plan Property,Apartment,Dubai Islands,Hado by Beyond Tower B,1 B/R,862.63,2860000,3315.45,Beyond Developments,Beyond Developments,1
2026-02-06T00:00:00.000,Off-Plan Property,Apartment,Dubai Islands,Hado by Beyond Tower B,1 B/R,1309.01,3600000,2750.17,Beyond Developments,Beyond Developments,1
2026-02-06T00:00:00.000,Off-Plan Property,Apartment,Dubai Islands,Hado by Beyond Tower B,1 B/R,1090.5,3380000,3099.49,Beyond Developments,Beyond Developments,1
2026-02-06T00:00:00.000,Off-Plan Property,Apartment,Dubai Islands,Hado by Beyond Tower B,2 B/R,1741.29,6270000,3600.77,Beyond Developments,Beyond Developments,1
2026-02-06T00:00:00.000,Off-Plan Property,Apartment,Dubai Islands,Hado by Beyond Tower B,1 B/R,793.63,3062000,3858.22,Beyond Developments,Beyond Developments,1
2026-02-06T00:00:00.000,Off-Plan Property,Apartment,Dubai Islands,Hado by Beyond Tower B,1 B/R,776.95,2781000,3579.4,Beyond Developments,Beyond Developments,1
2026-02-06T00:00:00.000,Off-Plan Property,Apartment,Dubai Islands,Hado by Beyond Tower C,2 B/R,1235.38,3955000,3201.43,Beyond Developments,Beyond Developments,1
2026-02-06T00:00:00.000,Off-Plan Property,Apartment,Dubai Maritime City,Kanyon by Beyond - Canyon by Beyond,1 B/R,929.36,2508000,2698.62,Omniyat,Omniyat Properties,1
2026-02-06T00:00:00.000,Off-Plan Property,Apartment,Dubai Maritime City,Kanyon by Beyond - Canyon by Beyond,1 B/R,820.86,2405000,2929.84,Omniyat,Omniyat Properties,1
2026-02-06T00:00:00.000,Off-Plan Property,Apartment,Dubai Islands,Casagrand Hermina,2 B/R,1240.01,3095045.76,2495.98,Casagrand,Casagrand Developers LLC,1
2026-02-06T00:00:00.000,Off-Plan Property,Apartment,Business Bay,One by Binghatti,1 B/R,1020.32,3524999,3454.8,Binghatti,Binghatti Holding Limited,1
2026-02-06T00:00:00.000,Off-Plan Property,Apartment,Dubai Maritime City,Kanyon by Beyond - Canyon by Beyond,1 B/R,809.88,2395000,2957.22,Omniyat,Omniyat Properties,1
2026-02-06T00:00:00.000,Off-Plan Property,Apartment,Dubai Maritime City,Kanyon by Beyond - Canyon by Beyond,1 B/R,929.36,2553000,2747.04,Omniyat,Omniyat Properties,1
2026-02-06T00:00:00.000,Off-Plan Property,Apartment,Dubai Maritime City,Kanyon by Beyond - Canyon by Beyond,2 B/R,1286.51,3803000,2956.05,Omniyat,Omniyat Properties,1
2026-02-06T00:00:00.000,Off-Plan Property,Apartment,Dubai Maritime City,Kanyon by Beyond - Canyon by Beyond,2 B/R,1486.19,4980000,3350.86,Omniyat,Omniyat Properties,1
2026-02-06T00:00:00.000,Off-Plan Property,Apartment,Dubai Maritime City,Kanyon by Beyond - Canyon by Beyond,1 B/R,908.37,2584000,2844.64,Omniyat,Omniyat Properties,1
2026-02-06T00:00:00.000,Off-Plan Property,Apartment,Dubai Maritime City,Kanyon by Beyond - Canyon by Beyond,2 B/R,1447.22,4093000,2828.18,Omniyat,Omniyat Properties,1
2026-02-06T00:00:00.000,Off-Plan Property,Apartment,Dubai Maritime City,Kanyon by Beyond - Canyon by Beyond,2 B/R,1446.79,4111000,2841.46,Omniyat,Omniyat Properties,1
2026-02-06T00:00:00.000,Off-Plan Property,Apartment,Dubai Maritime City,Kanyon by Beyond - Canyon by Beyond,1 B/R,908.16,2738000,3014.89,Omniyat,Omniyat Properties,1
2026-02-06T00:00:00.000,Off-Plan Property,Apartment,Dubai Maritime City,SouleverTower 2 - Jumeirah Peninsula,1 B/R,859.4,3001740,3492.84,Omniyat,Omniyat Properties,1
2026-02-06T00:00:00.000,Off-Plan Property,Apartment,Dubai Maritime City,SouleverTower 2 - Jumeirah Peninsula,1 B/R,862.3,3094000,3588.06,Omniyat,Omniyat Properties,1
2026-02-06T00:00:00.000,Off-Plan Property,Apartment,Dubai Maritime City,SouleverTower 2 - Jumeirah Peninsula,2 B/R,1254.44,4811000,3835.19,Omniyat,Omniyat Properties,1
2026-02-06T00:00:00.000,Off-Plan Property,Apartment,Dubai Science Park (Dubiotech),Binghatti Hillside,0 B/R,393.53,831999,2114.18,Binghatti,Binghatti Holding Limited,1
2026-02-06T00:00:00.000,Off-Plan Property,Apartment,Dubai Science Park (Dubiotech),Skyhills Astra Building 2,0 B/R,378.14,912000,2411.81,Hijazi,Hijazi Real Estate Development LLC,1
2026-02-06T00:00:00.000,Off-Plan Property,Apartment,Dubai Science Park (Dubiotech),Skyhills Astra Building 2,0 B/R,378.03,961870,2544.42,Hijazi,Hijazi Real Estate Development LLC,1
2026-02-06T00:00:00.000,Off-Plan Property,Apartment,Dubai Islands,Beach Walk Grand 2,1 B/R,840.99,2384005,2834.76,Imtiaz,Imtiaz Real Estate Investment And Development L.L.C,1
2026-02-06T00:00:00.000,Off-Plan Property,Apartment,Business Bay,Royal Regency Suites 1,1 B/R,658.33,1350809,2051.88,AL Seeb,Al Seeb Real Estate Development,1
2026-02-06T00:00:00.000,Off-Plan Property,Apartment,Dubai Islands,Bayview Boulevard,1 B/R,959.72,2042912,2128.66,AB,AB Developers,1
2026-02-06T00:00:00.000,Off-Plan Property,Apartment,Business Bay,The Quayside,2 B/R,1384.14,3488828,2520.57,Ellington,Ellington Properties Development L.L.C,1
2026-02-06T00:00:00.000,Off-Plan Property,Apartment,Business Bay,Urban Life,1 B/R,854.66,2004466.52,2345.33,Urban L L C,Urban Properties Development L.L.C,1
2026-02-06T00:00:00.000,Off-Plan Property,Apartment,Culture Village,Binghatti Moonlight,2 B/R,934.21,1909999,2044.51,Binghatti,Binghatti Holding Limited,1
2026-02-06T00:00:00.000,Off-Plan Property,Apartment,Dubai Creek Harbour,Creek Bay Tower A,2 B/R,1431.93,4727888,3301.75,Emaar,Emaar Properties PJSC,1
2026-02-06T00:00:00.000,Off-Plan Property,Apartment,Dubai Creek Harbour,Creek Bay Tower A,2 B/R,1450.56,3333888,2298.35,Emaar,Emaar Properties PJSC,1
2026-02-06T00:00:00.000,Off-Plan Property,Apartment,Dubai Creek Harbour,Creek Bay Tower A,3 B/R,1855.07,6156888,3318.96,Emaar,Emaar Properties PJSC,1
2026-02-06T00:00:00.000,Off-Plan Property,Apartment,Dubai Creek Harbour,Creek Bay Tower A,2 B/R,1248.41,4200888,3364.99,Emaar,Emaar Properties PJSC,1
2026-02-06T00:00:00.000,Off-Plan Property,Apartment,Dubai Creek Harbour,Creek Bay Tower A,2 B/R,1248.41,4361888,3493.96,Emaar,Emaar Properties PJSC,1
2026-02-06T00:00:00.000,Off-Plan Property,Apartment,Dubai Creek Harbour,Creek Bay Tower A,2 B/R,1431.93,4673888,3264.04,Emaar,Emaar Properties PJSC,1
2026-02-06T00:00:00.000,Off-Plan Property,Apartment,Dubai Creek Harbour,Creek Bay Tower A,3 B/R,2438.37,6346888,2602.92,Emaar,Emaar Properties PJSC,1
2026-02-06T00:00:00.000,Off-Plan Property,Apartment,Dubai Creek Harbour,Creek Haven Tower A,2 B/R,1196.31,3312888,2769.25,Emaar,Emaar Properties PJSC,1
2026-02-06T00:00:00.000,Off-Plan Property,Apartment,Dubai Creek Harbour,Creek Haven Tower A,1 B/R,730.45,1864888,2553.08,Emaar,Emaar Properties PJSC,1
2026-02-06T00:00:00.000,Off-Plan Property,Apartment,Dubai Creek Harbour,Creek Haven Tower A,1 B/R,739.38,1992888,2695.35,Emaar,Emaar Properties PJSC,1
2026-02-06T00:00:00.000,Off-Plan Property,Apartment,Dubai Creek Harbour,Creek Haven Tower A,2 B/R,1238.4,3620888,2923.85,Emaar,Emaar Properties PJSC,1
2026-02-06T00:00:00.000,Off-Plan Property,Apartment,Dubai Creek Harbour,Creek Haven Tower A,2 B/R,1191.57,3507888,2943.91,Emaar,Emaar Properties PJSC,1
2026-02-06T00:00:00.000,Off-Plan Property,Apartment,Dubai Creek Harbour,Montiva at Green Gate,1 B/R,998.58,2122888,2125.91,Emaar,Emaar Properties PJSC,1
2026-02-06T00:00:00.000,Off-Plan Property,Apartment,Dubai Harbour,Damac Bay - Tower B,1 B/R,1255.3,4029000,3209.6,Damac,Damac Properties,1
2026-02-06T00:00:00.000,Off-Plan Property,Apartment,Dubai Healthcare City Phase 2,Binghatti Pinnacle,2 B/R,1078.45,2349999,2179.06,Binghatti,Binghatti Holding Limited,1
2026-02-06T00:00:00.000,Off-Plan Property,Apartment,Dubai Islands,Allegro Park,1 B/R,765.54,1722441,2249.98,Mill Hill Riviera,Mill Hill Riviera Development LLC,1
2026-02-06T00:00:00.000,Off-Plan Property,Apartment,Dubai Islands,Allegro Park,1 B/R,817.53,1677334,2051.72,Mill Hill Riviera,Mill Hill Riviera Development LLC,1
2026-02-06T00:00:00.000,Off-Plan Property,Apartment,Dubai Creek Harbour,Creek Bay Tower A,2 B/R,1247.55,4189888,3358.5,Emaar,Emaar Properties PJSC,1
2026-02-06T00:00:00.000,Off-Plan Property,Apartment,Dubai Creek Harbour,Altan,2 B/R,1436.89,3669888,2554.06,Emaar,Emaar Properties PJSC,1
2026-02-06T00:00:00.000,Off-Plan Property,Apartment,Dubai Creek Harbour,Altan,2 B/R,1436.89,3557888,2476.11,Emaar,Emaar Properties PJSC,1
2026-02-06T00:00:00.000,Off-Plan Property,Apartment,Dubai Islands,Arka Enclave Residences,2 B/R,1202.02,2559446,2129.29,Manodev,Manodev Real Estate Development LLC,1
2026-02-06T00:00:00.000,Off-Plan Property,Apartment,Dubai Creek Harbour,Albero,3 B/R,1848.18,4188888,2266.49,Emaar,Emaar Properties PJSC,1
2026-02-06T00:00:00.000,Off-Plan Property,Apartment,Dubai Creek Harbour,Altan,3 B/R,1848.18,4220888,2283.81,Emaar,Emaar Properties PJSC,1
2026-02-06T00:00:00.000,Off-Plan Property,Apartment,Dubai Creek Harbour,Altan,3 B/R,1848.18,4244888,2296.8,Emaar,Emaar Properties PJSC,1
2026-02-06T00:00:00.000,Off-Plan Property,Apartment,Dubai Creek Harbour,Altan,3 B/R,1848.18,4196888,2270.82,Emaar,Emaar Properties PJSC,1
2026-02-06T00:00:00.000,Off-Plan Property,Apartment,Dubai Creek Harbour,Altan,3 B/R,1848.18,4172888,2257.84,Emaar,Emaar Properties PJSC,1
2026-02-06T00:00:00.000,Off-Plan Property,Apartment,Dubai Creek Harbour,Albero,3 B/R,1847.64,4362850,2361.31,Emaar,Emaar Properties PJSC,1
2026-02-05T00:00:00.000,Off-Plan Property,Apartment,Palm Jebel Ali,Palm Central Residences B,2 B/R,1239.04,4331000,3495.44,Nakheel,Nakheel PJSC,1
2026-02-05T00:00:00.000,Off-Plan Property,Apartment,Palm Jebel Ali,Palm Central Residences B,3 B/R,2056.68,7682000,3735.15,Nakheel,Nakheel PJSC,1
2026-02-05T00:00:00.000,Off-Plan Property,Apartment,Palm Jebel Ali,Palm Central Residences B,2 B/R,1363.8,5252000,3851.01,Nakheel,Nakheel PJSC,1
2026-02-05T00:00:00.000,Off-Plan Property,Apartment,Palm Jebel Ali,Palm Central Residences C,2 B/R,1964.75,5949000,3027.86,Nakheel,Nakheel PJSC,1
2026-02-05T00:00:00.000,Off-Plan Property,Apartment,Palm Jebel Ali,Palm Central Residences B,3 B/R,2046.13,7518000,3674.26,Nakheel,Nakheel PJSC,1
2026-02-05T00:00:00.000,Off-Plan Property,Apartment,Palm Jebel Ali,Palm Central Residences C,2 B/R,1467.46,5795000,3949.01,Nakheel,Nakheel PJSC,1
2026-02-05T00:00:00.000,Off-Plan Property,Apartment,Palm Jebel Ali,Palm Central Residences C,1 B/R,843.14,2920000,3463.23,Nakheel,Nakheel PJSC,1
2026-02-05T00:00:00.000,Off-Plan Property,Apartment,Palm Jebel Ali,Palm Central Residences C,1 B/R,843.14,2920000,3463.23,Nakheel,Nakheel PJSC,1
2026-02-05T00:00:00.000,Off-Plan Property,Apartment,Sobha Hartland 2,340 Riverside Crescent,1 B/R,894.38,2012333,2249.97,Sobha,Sobha Real Estate L.L.C,1
2026-02-05T00:00:00.000,Off-Plan Property,Apartment,Sobha Hartland 2,Skyscape Altius,1 B/R,827.64,1986336,2399.99,Sobha,Sobha Real Estate L.L.C,1
2026-02-05T00:00:00.000,Off-Plan Property,Apartment,Sobha Hartland 2,Skyvue Stellar,3 B/R,1603.84,4298238,2679.97,Sobha,Sobha Real Estate L.L.C,1
2026-02-05T00:00:00.000,Off-Plan Property,Apartment,Umm Suqeim Third,Nourelle 1 - Madinat Jumeirah Living,2 B/R,1270.47,5238000,4122.87,Meraas,Meraas Development  L.L.C,1
2026-02-05T00:00:00.000,Off-Plan Property,Apartment,Palm Jebel Ali,Palm Central Residences A,1 B/R,836.15,2853000,3412.08,Nakheel,Nakheel PJSC,1
2026-02-05T00:00:00.000,Off-Plan Property,Apartment,Palm Jebel Ali,Palm Central Residences A,3 B/R,2046.13,7705000,3765.65,Nakheel,Nakheel PJSC,1
2026-02-05T00:00:00.000,Off-Plan Property,Apartment,Meydan City,Mercedes Benz Places Binghatti City Tower 5 - Maybach 6 Tower B,0 B/R,395.68,1428000,3608.93,Unknown,Unknown,1
2026-02-05T00:00:00.000,Off-Plan Property,Apartment,Meydan City,Mercedes Benz Places Binghatti City Tower 4 - Maybach 6 Tower A,1 B/R,617.32,2412000,3907.24,Unknown,Unknown,1
2026-02-05T00:00:00.000,Off-Plan Property,Apartment,Meydan City,Mercedes Benz Places Binghatti City Tower 4 - Maybach 6 Tower A,0 B/R,386.86,1438000,3717.12,Unknown,Unknown,1
2026-02-05T00:00:00.000,Off-Plan Property,Apartment,Meydan City,Mercedes Benz Places Binghatti City Tower 4 - Maybach 6 Tower A,0 B/R,395.68,1320000,3335.99,Unknown,Unknown,1
2026-02-05T00:00:00.000,Off-Plan Property,Apartment,Meydan City,Mercedes Benz Places Binghatti City Tower 4 - Maybach 6 Tower A,0 B/R,401.82,1321000,3287.54,Unknown,Unknown,1
2026-02-05T00:00:00.000,Off-Plan Property,Apartment,Meydan City,Mercedes Benz Places Binghatti City Tower 5 - Maybach 6 Tower B,0 B/R,341.11,1349000,3954.72,Unknown,Unknown,1
2026-02-05T00:00:00.000,Off-Plan Property,Apartment,Meydan City,Mercedes Benz Places Binghatti City Tower 5 - Maybach 6 Tower B,0 B/R,341.11,1374000,4028.01,Unknown,Unknown,1
2026-02-05T00:00:00.000,Off-Plan Property,Apartment,Meydan City,Mercedes Benz Places Binghatti City Tower 5 - Maybach 6 Tower B,0 B/R,401.82,1392000,3464.24,Unknown,Unknown,1
2026-02-05T00:00:00.000,Off-Plan Property,Apartment,Meydan City,Mercedes Benz Places Binghatti City Tower 5 - Maybach 6 Tower B,0 B/R,361.13,1396000,3865.62,Unknown,Unknown,1
2026-02-05T00:00:00.000,Off-Plan Property,Apartment,Meydan City,Mercedes Benz Places Binghatti City Tower 5 - Maybach 6 Tower B,0 B/R,401.82,1424000,3543.87,Unknown,Unknown,1
2026-02-05T00:00:00.000,Off-Plan Property,Apartment,Meydan City,Mercedes Benz Places Binghatti City Tower 5 - Maybach 6 Tower B,0 B/R,395.68,1428000,3608.93,Unknown,Unknown,1
2026-02-05T00:00:00.000,Off-Plan Property,Apartment,Meydan City,Mercedes Benz Places Binghatti City Tower 5 - Maybach 6 Tower B,0 B/R,375.34,1436000,3825.86,Unknown,Unknown,1
2026-02-05T00:00:00.000,Off-Plan Property,Apartment,Palm Jebel Ali,Palm Central Residences A,2 B/R,1244.96,4610000,3702.92,Nakheel,Nakheel PJSC,1
2026-02-05T00:00:00.000,Off-Plan Property,Apartment,Meydan City,Mercedes Benz Places Binghatti City Tower 5 - Maybach 6 Tower B,0 B/R,395.68,1412000,3568.5,Unknown,Unknown,1
2026-02-05T00:00:00.000,Off-Plan Property,Apartment,Meydan City,Mercedes Benz Places Binghatti City Tower 5 - Maybach 6 Tower B,0 B/R,341.11,1343000,3937.13,Unknown,Unknown,1
2026-02-05T00:00:00.000,Off-Plan Property,Apartment,Meydan City,Tonino Lamborghini 1,1 B/R,823.23,2222694,2699.96,Gulf Land,Gulf Land Property Developers,1
2026-02-05T00:00:00.000,Off-Plan Property,Apartment,Motor City,Mirdad Two,1 B/R,697.08,1470610,2109.68,Union,Union Properties,1
2026-02-05T00:00:00.000,Off-Plan Property,Apartment,Palm Jebel Ali,Palm Central Residences A,3 B/R,2123.2,7885000,3713.74,Nakheel,Nakheel PJSC,1
2026-02-05T00:00:00.000,Off-Plan Property,Apartment,Palm Jebel Ali,Palm Central Residences A,2 B/R,1236.46,4343000,3512.44,Nakheel,Nakheel PJSC,1
2026-02-05T00:00:00.000,Off-Plan Property,Apartment,Palm Jebel Ali,Palm Central Residences A,1 B/R,740.35,2577000,3480.8,Nakheel,Nakheel PJSC,1
2026-02-05T00:00:00.000,Off-Plan Property,Apartment,Meydan City,Mercedes Benz Places Binghatti City Tower 5 - Maybach 6 Tower B,0 B/R,395.68,1346000,3401.7,Unknown,Unknown,1
2026-02-05T00:00:00.000,Off-Plan Property,Apartment,Dubai Islands,Coastal Haven,1 B/R,830.33,1845000,2221.99,Prestige ONE Developments Prestige ONE Luxury LL,Prestige One Developments - Prestige One Luxury Real Estate LL,2
2026-02-05T00:00:00.000,Off-Plan Property,Apartment,Uptown Motorcity,Velos Residence,0 B/R,357.26,811673,2271.96,City View Urban,City View Urban Real Estate Development LLC,1
2026-02-05T00:00:00.000,Off-Plan Property,Apartment,Ras Al Khor Industrial First,Sobha One Tower A,1 B/R,725.06,1660387,2289.99,Sobha,Sobha Real Estate L.L.C,2
2026-02-05T00:00:00.000,Off-Plan Property,Apartment,Ras Al Khor Industrial First,Sobha One Tower B,2 B/R,1115.04,2386164,2139.98,Sobha,Sobha Real Estate L.L.C,2
2026-02-05T00:00:00.000,Off-Plan Property,Apartment,The Hills,Golf Heights,3 B/R,1925.89,4900000,2544.27,Emaar,Emaar Properties PJSC,2
2026-02-05T00:00:00.000,Off-Plan Property,Apartment,Zaabeel First,Address Residences Zabeel Tower 4,1 B/R,767.04,2104888,2744.16,Emaar,Emaar Properties PJSC,2
2026-02-05T00:00:00.000,Off-Plan Property,Apartment,Meydan City,Mercedes Benz Places Binghatti City Tower 4 - Maybach 6 Tower A,0 B/R,361.13,1381000,3824.08,Unknown,Unknown,1
2026-02-05T00:00:00.000,Off-Plan Property,Apartment,Business Bay,Peninsula Four Tower A,0 B/R,527.65,1490000,2823.83,Private Investor,Private Investor,3
2026-02-05T00:00:00.000,Off-Plan Property,Apartment,Business Bay,Al Habtoor Tower,2 B/R,1475.74,3888548.55,2634.97,AL Habtoor,Al Habtoor Group,2
2026-02-05T00:00:00.000,Off-Plan Property,Apartment,Business Bay,Binghatti Skyrise Tower 2,0 B/R,449.29,940000,2092.19,Binghatti,Binghatti Holding Limited,2
2026-02-05T00:00:00.000,Off-Plan Property,Apartment,Business Bay,Peninsula Four Tower A,1 B/R,860.69,2081415,2418.31,Private Investor,Private Investor,2
2026-02-05T00:00:00.000,Off-Plan Property,Apartment,Business Bay,Peninsula Four Tower B,0 B/R,527.54,1445000,2739.11,Private Investor,Private Investor,3
2026-02-05T00:00:00.000,Off-Plan Property,Apartment,Dubai Maritime City,Bayline,2 B/R,1219.45,2500000,2050.1,Emaar,Emaar Properties PJSC,2
2026-02-05T00:00:00.000,Off-Plan Property,Apartment,Downtown Dubai,Society House Downtown Dubai,1 B/R,739.59,2148419,2904.86,Invest Overseas IGO,Invest Group Overseas (IGO),2
2026-02-05T00:00:00.000,Off-Plan Property,Apartment,Downtown Dubai,St. Regis Residences Tower 1,2 B/R,1361,5300000,3894.19,Emaar,Emaar Properties PJSC,3
2026-02-05T00:00:00.000,Off-Plan Property,Apartment,Downtown Dubai,Volta Tower,2 B/R,1413.64,3376000,2388.17,Damac,Damac Properties,2
2026-02-05T00:00:00.000,Off-Plan Property,Apartment,Dubai Harbour,Damac Bay - Tower C,1 B/R,707.52,3047040,4306.66,Damac,Damac Properties,2
2026-02-05T00:00:00.000,Off-Plan Property,Apartment,Dubai Hills Estate,Address Residences Dubai Hills Estate Tower B,1 B/R,750.79,2064750,2750.11,Emaar,Emaar Properties PJSC,2
2026-02-05T00:00:00.000,Off-Plan Property,Apartment,Dubai Hills Estate,Ellington House III,2 B/R,1343.99,3350000,2492.57,Ellington,Ellington Properties Development L.L.C,2
2026-02-05T00:00:00.000,Off-Plan Property,Apartment,Dubai Hills Estate,Elvira 2,2 B/R,1062.84,2400000,2258.11,Emaar,Emaar Properties PJSC,2
2026-02-05T00:00:00.000,Off-Plan Property,Apartment,Dubai Islands,Beach Residences Dubai Islands B2,1 B/R,1002.88,2450000,2442.96,Nakheel,Nakheel PJSC,2
2026-02-05T00:00:00.000,Off-Plan Property,Apartment,Meydan City,Mercedes Benz Places Binghatti City Tower 4 - Maybach 6 Tower A,0 B/R,341.11,1379000,4042.67,Unknown,Unknown,1
2026-02-05T00:00:00.000,Off-Plan Property,Apartment,Jebel Ali First,Horizon at Sobha Central,1 B/R,690.08,2042637,2960,Sobha,Sobha Real Estate L.L.C,1
2026-02-05T00:00:00.000,Off-Plan Property,Apartment,Meydan City,Mercedes Benz Places Binghatti City Tower 4 - Maybach 6 Tower A,1 B/R,617.32,2390000,3871.6,Unknown,Unknown,1
2026-02-05T00:00:00.000,Off-Plan Property,Apartment,Expo City,Terra Gardens Building 2,1 B/R,764.57,1565930,2048.13,Emaar,Emaar Properties PJSC,1
2026-02-05T00:00:00.000,Off-Plan Property,Apartment,Expo City,Terra Gardens Building 2,2 B/R,1126.56,2422888,2150.7,Emaar,Emaar Properties PJSC,1
2026-02-05T00:00:00.000,Off-Plan Property,Apartment,Expo City,Terra Gardens Building 2,2 B/R,1125.16,2327888,2068.94,Emaar,Emaar Properties PJSC,1
2026-02-05T00:00:00.000,Off-Plan Property,Apartment,Ghaf Woods,Distrikt Building 1,2 B/R,1450.23,3005000,2072.08,Majid Al Futtaim,Majid Al Futtaim Properties,1
2026-02-05T00:00:00.000,Off-Plan Property,Apartment,Ghaf Woods,Maravelle 1 at Capria East Ghaf Woods,3 B/R,2924.47,6766000,2313.58,Majid Al Futtaim,Majid Al Futtaim (MAF Group),1
2026-02-05T00:00:00.000,Off-Plan Property,Apartment,Ghaf Woods,Maravelle 1 at Capria East Ghaf Woods,2 B/R,2782.92,6034000,2168.22,Majid Al Futtaim,Majid Al Futtaim (MAF Group),1
2026-02-05T00:00:00.000,Off-Plan Property,Apartment,Horizon,Wynwood Horizon,2 B/R,1198.25,2739547,2286.29,Imtiaz,Imtiaz Real Estate Investment And Development L.L.C,1
2026-02-05T00:00:00.000,Off-Plan Property,Apartment,Expo City,Expo Valley Views 8 - Mahra at Expo Valley Views,1 B/R,890.72,1840000,2065.74,Expo City,Expo City,1
2026-02-05T00:00:00.000,Off-Plan Property,Apartment,Meydan City,Mercedes Benz Places Binghatti City Tower 4 - Maybach 6 Tower A,1 B/R,617.32,2346000,3800.33,Unknown,Unknown,1
2026-02-05T00:00:00.000,Off-Plan Property,Apartment,Jebel Ali First,Horizon at Sobha Central,2 B/R,1202.02,3455779,2874.99,Sobha,Sobha Real Estate L.L.C,1
2026-02-05T00:00:00.000,Off-Plan Property,Apartment,Jumeirah Village Triangle,Binghatti Flare Building 2,0 B/R,383.95,855999,2229.44,Binghatti,Binghatti Holding Limited,1
2026-02-05T00:00:00.000,Off-Plan Property,Apartment,Meydan City,Mercedes Benz Places Binghatti City Tower 1 - Project Maybach,0 B/R,362.32,1385000,3822.63,Unknown,Unknown,1
2026-02-05T00:00:00.000,Off-Plan Property,Apartment,Meydan City,Mercedes Benz Places Binghatti City Tower 1 - Project Maybach,0 B/R,385.03,1384000,3594.54,Unknown,Unknown,1
2026-02-05T00:00:00.000,Off-Plan Property,Apartment,Meydan City,Mercedes Benz Places Binghatti City Tower 1 - Project Maybach,0 B/R,385.03,1392000,3615.32,Unknown,Unknown,1
2026-02-05T00:00:00.000,Off-Plan Property,Apartment,Meydan City,Mercedes Benz Places Binghatti City Tower 4 - Maybach 6 Tower A,0 B/R,386.86,1350000,3489.65,Unknown,Unknown,1
2026-02-05T00:00:00.000,Off-Plan Property,Apartment,Jebel Ali First,The Eden at Sobha Central,1 B/R,631.42,1764791,2794.97,Sobha,Sobha Real Estate L.L.C,1
2026-02-05T00:00:00.000,Off-Plan Property,Apartment,Jumeirah Garden City,Evergrin House,0 B/R,438.42,1169096,2666.63,TSZ Object ONE L L C,TSZ Group - Object One Real Estate Development L.L.C,1
2026-02-05T00:00:00.000,Off-Plan Property,Apartment,Jumeirah Garden City,Villea West,0 B/R,502.46,1205912,2400,Palmridge,Palmridge Real Estate Development LLC,1
2026-02-05T00:00:00.000,Off-Plan Property,Apartment,Jumeirah Garden City,Villea West,0 B/R,500.1,1200229,2400,Palmridge,Palmridge Real Estate Development LLC,1
2026-02-05T00:00:00.000,Off-Plan Property,Apartment,Jumeirah Lake Towers,MBL Signature,2 B/R,1558.41,3319706.19,2130.19,MAG,MAG Property Development,1
2026-02-05T00:00:00.000,Off-Plan Property,Apartment,Jumeirah Lake Towers,Mercer House North Tower,0 B/R,513.44,1380828,2689.35,Ellington,Ellington Properties Development L.L.C,1
2026-02-05T00:00:00.000,Off-Plan Property,Apartment,Jumeirah Lake Towers,Saba Towers 4,1 B/R,889.75,2580000,2899.68,Saba JLT,SABA Properties JLT,1
2026-02-05T00:00:00.000,Off-Plan Property,Apartment,Jumeirah Village Circle,Auresta Tower,0 B/R,332.72,737840.25,2217.63,Tiger,Tiger Properties - Tiger Real Estate,1
2026-02-05T00:00:00.000,Off-Plan Property,Apartment,Al Wasl,Safa Gate,0 B/R,400.1,1163520,2908.09,Damac,Damac Properties,1
2026-02-05T00:00:00.000,Off-Plan Property,Apartment,Al Jadaf,Binghatti Cullinan,0 B/R,383.52,834999,2177.19,Binghatti,Binghatti Holding Limited,1
2026-02-05T00:00:00.000,Off-Plan Property,Apartment,Al Jadaf,Binghatti Cullinan,0 B/R,379.75,835999,2201.42,Binghatti,Binghatti Holding Limited,1
2026-02-05T00:00:00.000,Off-Plan Property,Apartment,Al Jadaf,Binghatti Cullinan,0 B/R,383.41,824999,2151.72,Binghatti,Binghatti Holding Limited,1
2026-02-05T00:00:00.000,Off-Plan Property,Apartment,Al Jadaf,Binghatti Cullinan,2 B/R,1000.19,2224999,2224.57,Binghatti,Binghatti Holding Limited,1
2026-02-05T00:00:00.000,Off-Plan Property,Apartment,Al Wasl,Safa Gate,0 B/R,392.35,1244160,3171.06,Damac,Damac Properties,1
2026-02-05T00:00:00.000,Off-Plan Property,Apartment,Al Wasl,Safa Gate,0 B/R,392.35,1248000,3180.85,Damac,Damac Properties,1
2026-02-05T00:00:00.000,Off-Plan Property,Apartment,Dubai Islands,Aquora by Casa Vista,1 B/R,778.99,2478222,3181.32,Casa Vista,Casa Vista Development LLC,1
2026-02-05T00:00:00.000,Off-Plan Property,Apartment,Dubai Islands,Flow Residences,1 B/R,843.57,1930000,2287.88,Main Realty L L C,Main Realty Real Estate L.L.C,1
2026-02-05T00:00:00.000,Off-Plan Property,Apartment,Dubai Islands,Lia Residences,1 B/R,884.15,2470000,2793.63,Avenew,Avenew Real Estate Development,1
2026-02-05T00:00:00.000,Off-Plan Property,Apartment,Dubai Islands,Lia Residences,1 B/R,902.99,2460000,2724.28,Avenew,Avenew Real Estate Development,1
2026-02-05T00:00:00.000,Off-Plan Property,Apartment,Dubai Islands,Lia Residences,1 B/R,829.15,2504000,3019.96,Avenew,Avenew Real Estate Development,1
2026-02-05T00:00:00.000,Off-Plan Property,Apartment,Dubai Islands,Lia Residences,1 B/R,902.99,2529000,2800.69,Avenew,Avenew Real Estate Development,1
2026-02-05T00:00:00.000,Off-Plan Property,Apartment,Dubai Islands,Lia Residences,1 B/R,824.85,2493000,3022.38,Avenew,Avenew Real Estate Development,1
2026-02-05T00:00:00.000,Off-Plan Property,Apartment,Dubai Islands,Lia Residences,1 B/R,861.77,2632000,3054.19,Avenew,Avenew Real Estate Development,1
2026-02-05T00:00:00.000,Off-Plan Property,Apartment,Dubai Islands,Royal Yacht Club Residences Tower B,1 B/R,838.84,2626044.31,3130.57,Azimuth Developments,Azimuth Developments LLc,1
2026-02-05T00:00:00.000,Off-Plan Property,Apartment,Dubai Islands,Samana Ocean Bay Building 2,2 B/R,1489.85,3449600,2315.41,Samana,Samana Developers,1
2026-02-05T00:00:00.000,Off-Plan Property,Apartment,Dubai Maritime City,Breez by Danube,1 B/R,763.71,2419000,3167.45,Danube,Danube Properties,1
2026-02-05T00:00:00.000,Off-Plan Property,Apartment,Dubai Maritime City,Breez by Danube,1 B/R,804.93,2760780,3429.83,Danube,Danube Properties,1
2026-02-05T00:00:00.000,Off-Plan Property,Apartment,Dubai Maritime City,Breez by Danube,1 B/R,603,1900800,3152.24,Danube,Danube Properties,1
2026-02-05T00:00:00.000,Off-Plan Property,Apartment,Dubai Maritime City,Breez by Danube,1 B/R,603,1898880,3149.06,Danube,Danube Properties,1
2026-02-05T00:00:00.000,Off-Plan Property,Apartment,Dubai Maritime City,Breez by Danube,1 B/R,603,1905000,3159.21,Danube,Danube Properties,1
2026-02-05T00:00:00.000,Off-Plan Property,Apartment,Dubai Maritime City,Breez by Danube,0 B/R,403.54,1382400,3425.66,Danube,Danube Properties,1
2026-02-05T00:00:00.000,Off-Plan Property,Apartment,Dubai Maritime City,Breez by Danube,2 B/R,1025.81,3804000,3708.29,Danube,Danube Properties,1
2026-02-05T00:00:00.000,Off-Plan Property,Apartment,Dubai Maritime City,Chelsea 2 Tower A,3 B/R,2045.38,5628000,2751.57,Damac,Damac Properties,1
2026-02-05T00:00:00.000,Off-Plan Property,Apartment,Dubai Maritime City,Kanyon by Beyond - Canyon by Beyond,1 B/R,919.03,2700000,2937.88,Omniyat,Omniyat Properties,1
2026-02-05T00:00:00.000,Off-Plan Property,Apartment,Dubai Maritime City,Kanyon by Beyond - Canyon by Beyond,1 B/R,875.87,2342000,2673.92,Omniyat,Omniyat Properties,1
2026-02-05T00:00:00.000,Off-Plan Property,Apartment,Dubai Maritime City,Kanyon by Beyond - Canyon by Beyond,1 B/R,899.44,2766000,3075.25,Omniyat,Omniyat Properties,1
2026-02-05T00:00:00.000,Off-Plan Property,Apartment,Dubai Maritime City,Kanyon by Beyond - Canyon by Beyond,1 B/R,908.16,2727000,3002.78,Omniyat,Omniyat Properties,1
2026-02-05T00:00:00.000,Off-Plan Property,Apartment,Dubai Hills Estate,Greencrest Podium,2 B/R,1359.6,2951888,2171.14,Unknown,Unknown,1
2026-02-05T00:00:00.000,Off-Plan Property,Apartment,Downtown Dubai,Fairmont Residences Solara Tower,2 B/R,2050.33,6212000,3029.76,SOL,SOL Properties,1
2026-02-05T00:00:00.000,Off-Plan Property,Apartment,Dubai Creek Harbour,Creek Haven Tower A,1 B/R,730.45,1875888,2568.14,Emaar,Emaar Properties PJSC,1
2026-02-05T00:00:00.000,Off-Plan Property,Apartment,Dubai Creek Harbour,Silva at Green Gate,2 B/R,1402.98,3040888,2167.45,Emaar,Emaar Properties PJSC,1
2026-02-05T00:00:00.000,Off-Plan Property,Apartment,Dubai Harbour,Damac Bay 2 By Cavalli Tower B,2 B/R,1690.38,6886000,4073.64,Damac,Damac Properties,1
2026-02-05T00:00:00.000,Off-Plan Property,Apartment,Dubai Hills Estate,Club Place A,3 B/R,1751.63,4022888,2296.66,Emaar,Emaar Properties PJSC,1
2026-02-05T00:00:00.000,Off-Plan Property,Apartment,Dubai Hills Estate,Club Place A,2 B/R,1383.17,2902888,2098.71,Emaar,Emaar Properties PJSC,1
2026-02-05T00:00:00.000,Off-Plan Property,Apartment,Dubai Hills Estate,Greencrest Tower,1 B/R,780.28,1617888,2073.46,Unknown,Unknown,1
2026-02-05T00:00:00.000,Off-Plan Property,Apartment,Dubai Hills Estate,Greencrest Tower,1 B/R,780.28,1620888,2077.31,Unknown,Unknown,1
2026-02-05T00:00:00.000,Off-Plan Property,Apartment,Dubai Hills Estate,Greencrest Tower,1 B/R,775.76,1598270,2060.26,Unknown,Unknown,1
2026-02-05T00:00:00.000,Off-Plan Property,Apartment,Dubai Hills Estate,Greencrest Tower,2 B/R,1404.38,3170888,2257.86,Unknown,Unknown,1
2026-02-05T00:00:00.000,Off-Plan Property,Apartment,Dubai Hills Estate,Greencrest Tower,3 B/R,1877.13,4710888,2509.62,Unknown,Unknown,1
2026-02-05T00:00:00.000,Off-Plan Property,Apartment,Dubai Hills Estate,Greencrest Tower,1 B/R,775.76,1597888,2059.77,Unknown,Unknown,1
2026-02-05T00:00:00.000,Off-Plan Property,Apartment,Dubai Hills Estate,Palace Residences Hillside A,1 B/R,680.93,1825888,2681.46,Emaar,Emaar Properties PJSC,1
2026-02-05T00:00:00.000,Off-Plan Property,Apartment,Dubai Hills Estate,Palace Residences Hillside A,1 B/R,680.93,1921461,2821.82,Emaar,Emaar Properties PJSC,1
2026-02-05T00:00:00.000,Off-Plan Property,Apartment,Dubai Hills Estate,Rosehill Block B,1 B/R,749.71,1684888,2247.38,Emaar,Emaar Properties PJSC,1
2026-02-05T00:00:00.000,Off-Plan Property,Apartment,Dubai Hills Estate,Rosehill Block B,1 B/R,753.7,1612888,2139.97,Emaar,Emaar Properties PJSC,1
2026-02-05T00:00:00.000,Off-Plan Property,Apartment,Dubai Hills Estate,Rosehill Block B,1 B/R,744.87,1667888,2239.17,Emaar,Emaar Properties PJSC,1
2026-02-05T00:00:00.000,Off-Plan Property,Apartment,Dubai Maritime City,Kanyon by Beyond - Canyon by Beyond,1 B/R,919.14,2488000,2706.88,Omniyat,Omniyat Properties,1
2026-02-05T00:00:00.000,Off-Plan Property,Apartment,Dubai Maritime City,Kanyon by Beyond - Canyon by Beyond,2 B/R,1396.41,4934000,3533.34,Omniyat,Omniyat Properties,1
2026-02-05T00:00:00.000,Off-Plan Property,Apartment,Dubai Maritime City,Kanyon by Beyond - Canyon by Beyond,1 B/R,858.54,2400000,2795.45,Omniyat,Omniyat Properties,1
2026-02-05T00:00:00.000,Off-Plan Property,Apartment,Dubai Maritime City,Kanyon by Beyond - Canyon by Beyond,1 B/R,929.26,2666000,2868.96,Omniyat,Omniyat Properties,1
2026-02-05T00:00:00.000,Off-Plan Property,Apartment,Dubai Maritime City,SouleverTower 2 - Jumeirah Peninsula,2 B/R,1250.99,4843000,3871.33,Omniyat,Omniyat Properties,1
2026-02-05T00:00:00.000,Off-Plan Property,Apartment,Dubai Maritime City,SouleverTower 2 - Jumeirah Peninsula,2 B/R,1250.99,4789000,3828.16,Omniyat,Omniyat Properties,1
2026-02-05T00:00:00.000,Off-Plan Property,Apartment,Dubai Science Park (Dubiotech),Binghatti Hillside,0 B/R,360.59,784999,2176.96,Binghatti,Binghatti Holding Limited,1
2026-02-05T00:00:00.000,Off-Plan Property,Apartment,Dubai Science Park (Dubiotech),Skyhills Astra Building 1,0 B/R,378.46,922500,2437.5,Hijazi,Hijazi Real Estate Development LLC,1
2026-02-05T00:00:00.000,Off-Plan Property,Apartment,Dubai Science Park (Dubiotech),Skyhills Astra Building 1,0 B/R,378.14,905500,2394.62,Hijazi,Hijazi Real Estate Development LLC,1
2026-02-05T00:00:00.000,Off-Plan Property,Apartment,Dubai Science Park (Dubiotech),Skyhills Astra Building 2,0 B/R,378.14,930000,2459.41,Hijazi,Hijazi Real Estate Development LLC,1
2026-02-05T00:00:00.000,Off-Plan Property,Apartment,Dubai Maritime City,Kanyon by Beyond - Canyon by Beyond,2 B/R,1387.8,4195000,3022.76,Omniyat,Omniyat Properties,1
2026-02-05T00:00:00.000,Off-Plan Property,Apartment,Business Bay,DWTN Residences - Downtown Residences,2 B/R,1104.92,3175794,2874.22,Deyaar,Deyaar Development Company,1
2026-02-05T00:00:00.000,Off-Plan Property,Apartment,Azizi Venice,Azizi Venice 6 Building A,0 B/R,353.38,737550,2087.12,Azizi,Azizi Developments,1
2026-02-05T00:00:00.000,Off-Plan Property,Apartment,Azizi Venice,Azizi Venice 7 C,0 B/R,351.77,727500,2068.13,Azizi,Azizi Developments,1
2026-02-05T00:00:00.000,Off-Plan Property,Apartment,Business Bay,Avarra - Business Bay Palace Residences,2 B/R,1443.34,4923888,3411.44,Emaar,Emaar Properties PJSC,1
2026-02-05T00:00:00.000,Off-Plan Property,Apartment,Business Bay,Binghatti Aquarise Tower D,1 B/R,812.68,2332999,2870.74,Binghatti,Binghatti Holding Limited,1
2026-02-05T00:00:00.000,Off-Plan Property,Apartment,Business Bay,Royal Regency Suites 1,1 B/R,658.33,1449558,2201.88,AL Seeb,Al Seeb Real Estate Development,1
2026-02-05T00:00:00.000,Off-Plan Property,Apartment,Business Bay,Sobha Skyparks,2 B/R,1582.31,6843448,4324.98,Sobha,Sobha Real Estate L.L.C,1
2026-02-05T00:00:00.000,Off-Plan Property,Apartment,Business Park Motor City,Sierra by Iman,0 B/R,416.35,915966,2199.98,Iman L L C,Iman Developers L.L.C,1
2026-02-04T00:00:00.000,Off-Plan Property,Apartment,Meydan City,Mercedes Benz Places Binghatti City Tower 5 - Maybach 6 Tower B,1 B/R,617.32,2489000,4031.97,Unknown,Unknown,1
2026-02-04T00:00:00.000,Off-Plan Property,Apartment,Meydan City,Mercedes Benz Places Binghatti City Tower 5 - Maybach 6 Tower B,0 B/R,386.86,1413000,3652.5,Unknown,Unknown,1
2026-02-04T00:00:00.000,Off-Plan Property,Apartment,Meydan City,Mercedes Benz Places Binghatti City Tower 5 - Maybach 6 Tower B,0 B/R,395.68,1434000,3624.1,Unknown,Unknown,1
2026-02-04T00:00:00.000,Off-Plan Property,Apartment,Meydan City,Mercedes Benz Places Binghatti City Tower 5 - Maybach 6 Tower B,0 B/R,375.34,1411000,3759.25,Unknown,Unknown,1
2026-02-04T00:00:00.000,Off-Plan Property,Apartment,Meydan City,Mercedes Benz Places Binghatti City Tower 5 - Maybach 6 Tower B,1 B/R,617.32,2445000,3960.7,Unknown,Unknown,1
2026-02-04T00:00:00.000,Off-Plan Property,Apartment,Meydan City,Mercedes Benz Places Binghatti City Tower 5 - Maybach 6 Tower B,2 B/R,972.64,3353000,3447.34,Unknown,Unknown,1
2026-02-04T00:00:00.000,Off-Plan Property,Apartment,Meydan City,Mercedes Benz Places Binghatti City Tower 5 - Maybach 6 Tower B,0 B/R,401.82,1405000,3496.59,Unknown,Unknown,1
2026-02-04T00:00:00.000,Off-Plan Property,Apartment,Meydan City,Mercedes Benz Places Binghatti City Tower 5 - Maybach 6 Tower B,1 B/R,617.32,2401000,3889.42,Unknown,Unknown,1
2026-02-04T00:00:00.000,Off-Plan Property,Apartment,Meydan City,Mercedes Benz Places Binghatti City Tower 5 - Maybach 6 Tower B,0 B/R,386.86,1371000,3543.93,Unknown,Unknown,1
2026-02-04T00:00:00.000,Off-Plan Property,Apartment,Meydan City,Mercedes Benz Places Binghatti City Tower 5 - Maybach 6 Tower B,0 B/R,395.68,1359000,3434.55,Unknown,Unknown,1
2026-02-04T00:00:00.000,Off-Plan Property,Apartment,Meydan City,Mercedes Benz Places Binghatti City Tower 5 - Maybach 6 Tower B,0 B/R,341.11,1317000,3860.91,Unknown,Unknown,1
2026-02-04T00:00:00.000,Off-Plan Property,Apartment,Meydan City,Mercedes Benz Places Binghatti City Tower 5 - Maybach 6 Tower B,0 B/R,375.34,1355000,3610.05,Unknown,Unknown,1
2026-02-04T00:00:00.000,Off-Plan Property,Apartment,Meydan City,Mercedes Benz Places Binghatti City Tower 5 - Maybach 6 Tower B,1 B/R,617.32,2544000,4121.07,Unknown,Unknown,1
2026-02-04T00:00:00.000,Off-Plan Property,Apartment,Meydan City,Mercedes Benz Places Binghatti City Tower 5 - Maybach 6 Tower B,0 B/R,375.34,1317000,3508.81,Unknown,Unknown,1
2026-02-04T00:00:00.000,Off-Plan Property,Apartment,Meydan City,Tonino Lamborghini 4,1 B/R,920.54,2278311.75,2474.98,Gulf Land,Gulf Land Property Developers,1
2026-02-04T00:00:00.000,Off-Plan Property,Apartment,Meydan City,Tonino Lamborghini 4,1 B/R,982,2430425.25,2474.98,Gulf Land,Gulf Land Property Developers,1
2026-02-04T00:00:00.000,Off-Plan Property,Apartment,Nad Al Shiba First,La Vue Residence,1 B/R,756.49,1760640,2327.37,Maaia,Maaia Developers,1
2026-02-04T00:00:00.000,Off-Plan Property,Apartment,Nad Al Shiba First,La Vue Residence,2 B/R,1336.14,2884800,2159.06,Maaia,Maaia Developers,1
2026-02-04T00:00:00.000,Off-Plan Property,Apartment,Meydan City,Mercedes Benz Places Binghatti City Tower 4 - Maybach 6 Tower A,0 B/R,386.86,1344000,3474.14,Unknown,Unknown,1
2026-02-04T00:00:00.000,Off-Plan Property,Apartment,Meydan City,Mercedes Benz Places Binghatti City Tower 4 - Maybach 6 Tower A,0 B/R,341.11,1341000,3931.27,Unknown,Unknown,1
2026-02-04T00:00:00.000,Off-Plan Property,Apartment,Meydan City,Mercedes Benz Places Binghatti City Tower 3 - Maybach Ultimate Luxury Tower B,0 B/R,401.82,1374000,3419.44,Unknown,Unknown,1
2026-02-04T00:00:00.000,Off-Plan Property,Apartment,Meydan City,Mercedes Benz Places Binghatti City Tower 4 - Maybach 6 Tower A,1 B/R,617.32,2313000,3746.87,Unknown,Unknown,1
2026-02-04T00:00:00.000,Off-Plan Property,Apartment,Meydan City,Mercedes Benz Places Binghatti City Tower 4 - Maybach 6 Tower A,0 B/R,401.82,1403000,3491.61,Unknown,Unknown,1
2026-02-04T00:00:00.000,Off-Plan Property,Apartment,Meydan City,Mercedes Benz Places Binghatti City Tower 1 - Project Maybach,0 B/R,402.36,1377000,3422.32,Unknown,Unknown,1
2026-02-04T00:00:00.000,Off-Plan Property,Apartment,Meydan City,Mercedes Benz Places Binghatti City Tower 1 - Project Maybach,0 B/R,402.36,1372000,3409.9,Unknown,Unknown,1
2026-02-04T00:00:00.000,Off-Plan Property,Apartment,Meydan City,Mercedes Benz Places Binghatti City Tower 1 - Project Maybach,2 B/R,992.01,3248000,3274.16,Unknown,Unknown,1
2026-02-04T00:00:00.000,Off-Plan Property,Apartment,Meydan City,Mercedes Benz Places Binghatti City Tower 2 - Maybach Ultimate Luxury Tower A,1 B/R,617.32,2337000,3785.75,Unknown,Unknown,1
2026-02-04T00:00:00.000,Off-Plan Property,Apartment,Meydan City,Mercedes Benz Places Binghatti City Tower 3 - Maybach Ultimate Luxury Tower B,0 B/R,395.68,1372000,3467.41,Unknown,Unknown,1
2026-02-04T00:00:00.000,Off-Plan Property,Apartment,Meydan City,Mercedes Benz Places Binghatti City Tower 3 - Maybach Ultimate Luxury Tower B,0 B/R,386.86,1364000,3525.84,Unknown,Unknown,1
2026-02-04T00:00:00.000,Off-Plan Property,Apartment,Meydan City,Mercedes Benz Places Binghatti City Tower 4 - Maybach 6 Tower A,0 B/R,341.11,1353000,3966.45,Unknown,Unknown,1
2026-02-04T00:00:00.000,Off-Plan Property,Apartment,Meydan City,Mercedes Benz Places Binghatti City Tower 4 - Maybach 6 Tower A,0 B/R,395.68,1357000,3429.5,Unknown,Unknown,1
2026-02-04T00:00:00.000,Off-Plan Property,Apartment,Meydan City,Mercedes Benz Places Binghatti City Tower 4 - Maybach 6 Tower A,1 B/R,617.32,2412000,3907.24,Unknown,Unknown,1
2026-02-04T00:00:00.000,Off-Plan Property,Apartment,Meydan City,Mercedes Benz Places Binghatti City Tower 4 - Maybach 6 Tower A,0 B/R,375.34,1378000,3671.33,Unknown,Unknown,1
2026-02-04T00:00:00.000,Off-Plan Property,Apartment,Meydan City,Mercedes Benz Places Binghatti City Tower 4 - Maybach 6 Tower A,1 B/R,617.32,2423000,3925.06,Unknown,Unknown,1
2026-02-04T00:00:00.000,Off-Plan Property,Apartment,Meydan City,Mercedes Benz Places Binghatti City Tower 4 - Maybach 6 Tower A,0 B/R,386.86,1400000,3618.9,Unknown,Unknown,1
2026-02-04T00:00:00.000,Off-Plan Property,Apartment,Meydan City,Mercedes Benz Places Binghatti City Tower 4 - Maybach 6 Tower A,0 B/R,341.11,1335000,3913.68,Unknown,Unknown,1
2026-02-04T00:00:00.000,Off-Plan Property,Apartment,Meydan City,Mercedes Benz Places Binghatti City Tower 4 - Maybach 6 Tower A,0 B/R,361.13,1426000,3948.69,Unknown,Unknown,1
2026-02-04T00:00:00.000,Off-Plan Property,Apartment,Meydan City,Mercedes Benz Places Binghatti City Tower 4 - Maybach 6 Tower A,0 B/R,341.11,1416000,4151.14,Unknown,Unknown,1
2026-02-04T00:00:00.000,Off-Plan Property,Apartment,Meydan City,Mercedes Benz Places Binghatti City Tower 4 - Maybach 6 Tower A,0 B/R,341.11,1422000,4168.73,Unknown,Unknown,1
2026-02-04T00:00:00.000,Off-Plan Property,Apartment,Meydan City,Mercedes Benz Places Binghatti City Tower 4 - Maybach 6 Tower A,0 B/R,395.68,1426000,3603.88,Unknown,Unknown,1
2026-02-04T00:00:00.000,Off-Plan Property,Apartment,Meydan City,Mercedes Benz Places Binghatti City Tower 4 - Maybach 6 Tower A,0 B/R,375.34,1435000,3823.19,Unknown,Unknown,1
2026-02-04T00:00:00.000,Off-Plan Property,Apartment,Meydan City,Mercedes Benz Places Binghatti City Tower 4 - Maybach 6 Tower A,0 B/R,361.13,1312000,3633.02,Unknown,Unknown,1
2026-02-04T00:00:00.000,Off-Plan Property,Apartment,Meydan City,Mercedes Benz Places Binghatti City Tower 4 - Maybach 6 Tower A,0 B/R,386.86,1319000,3409.52,Unknown,Unknown,1
2026-02-04T00:00:00.000,Off-Plan Property,Apartment,Meydan City,Mercedes Benz Places Binghatti City Tower 4 - Maybach 6 Tower A,1 B/R,617.32,2291000,3711.23,Unknown,Unknown,1
2026-02-04T00:00:00.000,Off-Plan Property,Apartment,Meydan City,Mercedes Benz Places Binghatti City Tower 4 - Maybach 6 Tower A,0 B/R,386.86,1325000,3425.03,Unknown,Unknown,1
2026-02-04T00:00:00.000,Off-Plan Property,Apartment,Meydan City,Mercedes Benz Places Binghatti City Tower 4 - Maybach 6 Tower A,0 B/R,375.34,1322000,3522.13,Unknown,Unknown,1
2026-02-04T00:00:00.000,Off-Plan Property,Apartment,Meydan City,Mercedes Benz Places Binghatti City Tower 4 - Maybach 6 Tower A,0 B/R,395.68,1332000,3366.32,Unknown,Unknown,1
2026-02-04T00:00:00.000,Off-Plan Property,Apartment,Meydan City,Mercedes Benz Places Binghatti City Tower 4 - Maybach 6 Tower A,0 B/R,401.82,1340000,3334.83,Unknown,Unknown,1
2026-02-04T00:00:00.000,Off-Plan Property,Apartment,Downtown Dubai,St. Regis Residences Tower 2,2 B/R,1335.06,3850000,2883.77,Emaar,Emaar Properties PJSC,2
2026-02-04T00:00:00.000,Off-Plan Property,Apartment,Dubai Creek Harbour,Creek Waters 2,1 B/R,754.77,1818888,2409.85,Emaar,Emaar Properties PJSC,3
2026-02-04T00:00:00.000,Off-Plan Property,Apartment,Dubai Creek Harbour,Creek Waters 2,2 B/R,1244.1,2780000,2234.54,Emaar,Emaar Properties PJSC,2
2026-02-04T00:00:00.000,Off-Plan Property,Apartment,Dubai Creek Harbour,The Cove ll Building 8,3 B/R,1827.73,6000000,3282.77,Emaar,Emaar Properties PJSC,3
2026-02-04T00:00:00.000,Off-Plan Property,Apartment,Dubai Maritime City,Nautica One,2 B/R,1031.94,2552500,2473.49,Select Group,Select Group,2
2026-02-04T00:00:00.000,Off-Plan Property,Apartment,Dubai Maritime City,Nautica One,2 B/R,1000.19,2730000,2729.48,Select Group,Select Group,3
2026-02-04T00:00:00.000,Off-Plan Property,Apartment,Dubai Maritime City,Nautica Two,1 B/R,614.95,1673000,2720.56,Select Group,Select Group,2
2026-02-04T00:00:00.000,Off-Plan Property,Apartment,Business Bay,The Edge 2,1 B/R,573.61,1456000,2538.29,Select Group,Select Group,2
2026-02-04T00:00:00.000,Off-Plan Property,Apartment,Sobha Hartland 2,Skyscape Aura,2 B/R,1514.06,3997092,2639.98,Sobha,Sobha Real Estate L.L.C,1
2026-02-04T00:00:00.000,Off-Plan Property,Apartment,Al Wasl,Damac City - Safa One Tower A,2 B/R,1230.11,2900000,2357.51,Damac,Damac Properties,2
2026-02-04T00:00:00.000,Off-Plan Property,Apartment,Business Bay,Bayz 101,0 B/R,373.62,1096000,2933.47,Danube,Danube Properties,2
2026-02-04T00:00:00.000,Off-Plan Property,Apartment,Business Bay,Peninsula Four Tower A,1 B/R,863.17,2400000,2780.46,Private Investor,Private Investor,3
2026-02-04T00:00:00.000,Off-Plan Property,Apartment,Business Bay,Peninsula Four Tower B,3 B/R,1936.55,4450000,2297.9,Private Investor,Private Investor,2
2026-02-04T00:00:00.000,Off-Plan Property,Apartment,Jebel Ali First,The Serene at Sobha Central,2 B/R,852.62,2506673,2939.98,Sobha,Sobha Real Estate L.L.C,1
2026-02-04T00:00:00.000,Off-Plan Property,Apartment,Jebel Ali First,Horizon at Sobha Central,1 B/R,730.55,2063804,2824.99,Sobha,Sobha Real Estate L.L.C,1
2026-02-04T00:00:00.000,Off-Plan Property,Apartment,Jebel Ali First,Horizon at Sobha Central,1 B/R,568.34,1548699,2724.96,Sobha,Sobha Real Estate L.L.C,1
2026-02-04T00:00:00.000,Off-Plan Property,Apartment,Jebel Ali First,Horizon at Sobha Central,2 B/R,921.94,2673568,2899.95,Sobha,Sobha Real Estate L.L.C,1
2026-02-04T00:00:00.000,Off-Plan Property,Apartment,Jebel Ali First,The Eden at Sobha Central,1 B/R,568.34,1594166,2804.96,Sobha,Sobha Real Estate L.L.C,1
2026-02-04T00:00:00.000,Off-Plan Property,Apartment,Jebel Ali First,Tranquil at Sobha Central,2 B/R,852.83,2481706,2909.96,Sobha,Sobha Real Estate L.L.C,1
2026-02-04T00:00:00.000,Off-Plan Property,Apartment,Jumeirah Garden City,Amber by Enso,0 B/R,518.39,1120000,2160.52,Enso,ENSO Development,1
2026-02-04T00:00:00.000,Off-Plan Property,Apartment,Jumeirah Heights,Serenia District - West Residence,1 B/R,835.82,2038000,2438.31,Palma,Palma Real Estate,1
2026-02-04T00:00:00.000,Off-Plan Property,Apartment,Jumeirah Heights,Serenia District - West Residence,1 B/R,830.12,2126000,2561.08,Palma,Palma Real Estate,1
2026-02-04T00:00:00.000,Off-Plan Property,Apartment,Jumeirah Heights,Serenia District - West Residence,1 B/R,898.9,2139000,2379.57,Palma,Palma Real Estate,1
2026-02-04T00:00:00.000,Off-Plan Property,Apartment,Jumeirah Lake Towers,Diamondz By Danube,2 B/R,1107.29,2679320,2419.7,Danube,Danube Properties,1
2026-02-04T00:00:00.000,Off-Plan Property,Apartment,Jumeirah Lake Towers,Diamondz By Danube,2 B/R,1107.29,2520700,2276.45,Danube,Danube Properties,1
2026-02-04T00:00:00.000,Off-Plan Property,Apartment,Jumeirah Lake Towers,MBL Signature,1 B/R,811.39,2190827.44,2700.09,MAG,MAG Property Development,1
2026-02-04T00:00:00.000,Off-Plan Property,Apartment,Jumeirah Village Circle,Binghatti Ruby,0 B/R,413.45,949999,2297.76,Binghatti,Binghatti Holding Limited,1
2026-02-04T00:00:00.000,Off-Plan Property,Apartment,Jumeirah Village Circle,Binghatti Ruby,0 B/R,387.29,989998.9,2556.23,Binghatti,Binghatti Holding Limited,1
2026-02-04T00:00:00.000,Off-Plan Property,Apartment,Jumeirah Lake Towers,Verde by Sobha,2 B/R,1365.95,2875000,2104.76,Sobha,Sobha Real Estate L.L.C,2
2026-02-04T00:00:00.000,Off-Plan Property,Apartment,Ras Al Khor Industrial First,Sobha One Tower D,2 B/R,1451.96,3412059,2349.97,Sobha,Sobha Real Estate L.L.C,2
2026-02-04T00:00:00.000,Off-Plan Property,Apartment,Jumeirah Village Circle,Binghatti Ruby,0 B/R,413.45,949999,2297.76,Binghatti,Binghatti Holding Limited,2
2026-02-04T00:00:00.000,Off-Plan Property,Apartment,Palm Jumeirah,Palm Beach Tower 1,2 B/R,1524.4,4900000,3214.38,Nakheel,Nakheel PJSC,2
2026-02-04T00:00:00.000,Off-Plan Property,Apartment,Ras Al Khor Industrial First,Sobha One Tower A,1 B/R,732.92,1575757,2149.97,Sobha,Sobha Real Estate L.L.C,2
2026-02-04T00:00:00.000,Off-Plan Property,Apartment,Ras Al Khor Industrial First,Sobha One Tower B,1 B/R,550.47,1153214,2094.96,Sobha,Sobha Real Estate L.L.C,2
2026-02-04T00:00:00.000,Off-Plan Property,Apartment,Ras Al Khor Industrial First,Sobha One Tower B,2 B/R,850.25,2006566,2359.98,Sobha,Sobha Real Estate L.L.C,2
2026-02-04T00:00:00.000,Off-Plan Property,Apartment,Ras Al Khor Industrial First,Sobha One Tower B,1 B/R,749.71,1781662,2376.46,Sobha,Sobha Real Estate L.L.C,2
2026-02-04T00:00:00.000,Off-Plan Property,Apartment,Sobha Hartland,Sobha Creek Vista Heights - Tower B,1 B/R,775.87,1630000,2100.87,Sobha,Sobha Real Estate L.L.C,2
2026-02-04T00:00:00.000,Off-Plan Property,Apartment,Sobha Hartland 2,330 Riverside Crescent,1 B/R,777.81,1691715,2174.98,Sobha,Sobha Real Estate L.L.C,2
2026-02-04T00:00:00.000,Off-Plan Property,Apartment,The Hills,Golf Heights,2 B/R,1157.56,3250000,2807.63,Emaar,Emaar Properties PJSC,2
2026-02-04T00:00:00.000,Off-Plan Property,Apartment,Zaabeel First,Address Residences Zabeel Tower 3,2 B/R,1405.56,4032890,2869.23,Emaar,Emaar Properties PJSC,2
2026-02-04T00:00:00.000,Off-Plan Property,Apartment,Azizi Venice,Azizi Venice 6 Building A,0 B/R,353.17,730100,2067.29,Azizi,Azizi Developments,1
2026-02-04T00:00:00.000,Off-Plan Property,Apartment,Azizi Venice,Azizi Venice 6 Building H,0 B/R,361.02,841500,2330.87,Azizi,Azizi Developments,1
2026-02-04T00:00:00.000,Off-Plan Property,Apartment,Business Bay,Al Habtoor Tower,2 B/R,2037.41,4887621,2398.94,AL Habtoor,Al Habtoor Group,1
2026-02-04T00:00:00.000,Off-Plan Property,Apartment,Business Bay,Avarra - Business Bay Palace Residences,2 B/R,1208.8,4545888,3760.67,Emaar,Emaar Properties PJSC,1
2026-02-04T00:00:00.000,Off-Plan Property,Apartment,Business Bay,Avarra - Business Bay Palace Residences,2 B/R,1437.96,4803888,3340.76,Emaar,Emaar Properties PJSC,1
2026-02-04T00:00:00.000,Off-Plan Property,Apartment,Business Bay,Bayz 101,1 B/R,753.26,2476000,3287.03,Danube,Danube Properties,1
2026-02-04T00:00:00.000,Off-Plan Property,Apartment,Business Bay,Binghatti Aquarise Tower B,0 B/R,423.56,1189999,2809.49,Binghatti,Binghatti Holding Limited,1
2026-02-04T00:00:00.000,Off-Plan Property,Apartment,Business Bay,Canal Heights 2,2 B/R,1311.92,3476160,2649.68,Damac,Damac Properties,1
2026-02-04T00:00:00.000,Off-Plan Property,Apartment,Business Bay,Chic Tower by de GRISOGONO,0 B/R,487.29,1050000,2154.79,Damac,Damac Properties,1
2026-02-04T00:00:00.000,Off-Plan Property,Apartment,Business Bay,One by Binghatti,1 B/R,1176.51,3074999,2613.67,Binghatti,Binghatti Holding Limited,1
2026-02-04T00:00:00.000,Off-Plan Property,Apartment,Business Bay,One by Binghatti,1 B/R,1020.32,3524999,3454.8,Binghatti,Binghatti Holding Limited,1
2026-02-04T00:00:00.000,Off-Plan Property,Apartment,Business Bay,Sobha Skyparks,1 B/R,684.59,2892393,4225,Sobha,Sobha Real Estate L.L.C,1
2026-02-04T00:00:00.000,Off-Plan Property,Apartment,Business Park Motor City,Sierra by Iman,0 B/R,417.43,918334,2199.98,Iman L L C,Iman Developers L.L.C,1
2026-02-04T00:00:00.000,Off-Plan Property,Apartment,Al Jadaf,Binghatti Cullinan,0 B/R,379.65,826999,2178.34,Binghatti,Binghatti Holding Limited,1
2026-02-04T00:00:00.000,Off-Plan Property,Apartment,Al Jadaf,Binghatti Cullinan,2 B/R,1000.19,2231999,2231.57,Binghatti,Binghatti Holding Limited,1
2026-02-04T00:00:00.000,Off-Plan Property,Apartment,Al Jadaf,Binghatti Cullinan,1 B/R,689.76,1516999,2199.32,Binghatti,Binghatti Holding Limited,1
2026-02-04T00:00:00.000,Off-Plan Property,Apartment,Al Jadaf,Binghatti Cullinan,2 B/R,894.81,2102999,2350.22,Binghatti,Binghatti Holding Limited,1
2026-02-04T00:00:00.000,Off-Plan Property,Apartment,Al Jadaf,Binghatti Cullinan,0 B/R,379.75,835999,2201.42,Binghatti,Binghatti Holding Limited,1
2026-02-04T00:00:00.000,Off-Plan Property,Apartment,Al Jadaf,Binghatti Cullinan,1 B/R,699.23,1565999,2239.61,Binghatti,Binghatti Holding Limited,1
2026-02-04T00:00:00.000,Off-Plan Property,Apartment,Al Jadaf,Binghatti Cullinan,1 B/R,687.39,1539999,2240.36,Binghatti,Binghatti Holding Limited,1
2026-02-04T00:00:00.000,Off-Plan Property,Apartment,Al Kifaf,Park Views Residences B,2 B/R,1160.04,2409777,2077.33,AL Wasl,Al Wasl Properties PJSC,1
2026-02-04T00:00:00.000,Off-Plan Property,Apartment,Al Satwa,Coral by Vision,1 B/R,692.88,1588078.18,2292,Vision Developments Vision Platinum,Vision Developments - Vision Platinum Real Estate Development,1
2026-02-04T00:00:00.000,Off-Plan Property,Apartment,Al Satwa,Coral by Vision,1 B/R,731.84,1666372.62,2276.95,Vision Developments Vision Platinum,Vision Developments - Vision Platinum Real Estate Development,1
2026-02-04T00:00:00.000,Off-Plan Property,Apartment,Al Wasl,Safa Gate,0 B/R,400.1,1200960,3001.67,Damac,Damac Properties,1
2026-02-04T00:00:00.000,Off-Plan Property,Apartment,Al Wasl,Safa Gate,0 B/R,394.93,1366000,3458.83,Damac,Damac Properties,1
2026-02-04T00:00:00.000,Off-Plan Property,Apartment,Al Wasl,Safa Gate,1 B/R,756.6,2380380,3146.15,Damac,Damac Properties,1
2026-02-04T00:00:00.000,Off-Plan Property,Apartment,Al Wasl,Safa Gate,2 B/R,1015.69,3337000,3285.45,Damac,Damac Properties,1
2026-02-04T00:00:00.000,Off-Plan Property,Apartment,Al Wasl,Safa Gate,2 B/R,1015.69,3444210,3391,Damac,Damac Properties,1
2026-02-04T00:00:00.000,Off-Plan Property,Apartment,Dubai Creek Harbour,Creek Waters,2 B/R,1134.63,2862961.95,2523.25,Emaar,Emaar Properties PJSC,0
2026-02-04T00:00:00.000,Off-Plan Property,Apartment,Dubai Maritime City,Breez by Danube,0 B/R,368.02,1310000,3559.58,Danube,Danube Properties,1
2026-02-04T00:00:00.000,Off-Plan Property,Apartment,Dubai Islands,Villa Del Brunello,2 B/R,1347.87,5350000,3969.23,MR Eight,Mr. Eight Development,1
2026-02-04T00:00:00.000,Off-Plan Property,Apartment,Dubai Marina,Rove Home Dubai Marina,0 B/R,444.98,1432500,3219.22,Irth L L C,IRTH Development L.L.C,1
2026-02-04T00:00:00.000,Off-Plan Property,Apartment,Dubai Maritime City,Breez by Danube,0 B/R,394.29,1305300,3310.55,Danube,Danube Properties,1
2026-02-04T00:00:00.000,Off-Plan Property,Apartment,Dubai Maritime City,Breez by Danube,0 B/R,403.54,1412000,3499.01,Danube,Danube Properties,1
2026-02-04T00:00:00.000,Off-Plan Property,Apartment,Dubai Maritime City,Breez by Danube,0 B/R,394.82,1380000,3495.23,Danube,Danube Properties,1
2026-02-04T00:00:00.000,Off-Plan Property,Apartment,Dubai Maritime City,Breez by Danube,0 B/R,403.54,1250480,3098.76,Danube,Danube Properties,1
2026-02-04T00:00:00.000,Off-Plan Property,Apartment,Dubai Maritime City,Breez by Danube,0 B/R,368.02,1301440,3536.32,Danube,Danube Properties,1
2026-02-04T00:00:00.000,Off-Plan Property,Apartment,Dubai Maritime City,Breez by Danube,2 B/R,1028.72,3866000,3758.08,Danube,Danube Properties,1
2026-02-04T00:00:00.000,Off-Plan Property,Apartment,Dubai Maritime City,Breez by Danube,0 B/R,394.29,1386000,3515.22,Danube,Danube Properties,1
2026-02-04T00:00:00.000,Off-Plan Property,Apartment,Dubai Maritime City,Breez by Danube,0 B/R,394.82,1459850,3697.47,Danube,Danube Properties,1
2026-02-04T00:00:00.000,Off-Plan Property,Apartment,Dubai Maritime City,Breez by Danube,0 B/R,410.65,1801000,4385.77,Danube,Danube Properties,1
2026-02-04T00:00:00.000,Off-Plan Property,Apartment,Dubai Maritime City,Chelsea 2 Tower C,2 B/R,1662.72,4652150,2797.92,Damac,Damac Properties,1
2026-02-04T00:00:00.000,Off-Plan Property,Apartment,Dubai Maritime City,Chelsea 2 Tower C,1 B/R,771.56,2502720,3243.7,Damac,Damac Properties,1
2026-02-04T00:00:00.000,Off-Plan Property,Apartment,Dubai Maritime City,Chelsea 2 Tower C,1 B/R,771.56,2609740,3382.4,Damac,Damac Properties,1
2026-02-04T00:00:00.000,Off-Plan Property,Apartment,Dubai Maritime City,Chelsea 2 Tower C,1 B/R,774.36,2697000,3482.87,Damac,Damac Properties,1
2026-02-04T00:00:00.000,Off-Plan Property,Apartment,Dubai Maritime City,Chelsea 2 Tower C,1 B/R,1001.7,2910000,2905.07,Damac,Damac Properties,1
2026-02-04T00:00:00.000,Off-Plan Property,Apartment,Dubai Maritime City,Chelsea Residences B,2 B/R,1575.31,4683690,2973.18,Damac,Damac Properties,1
2026-02-04T00:00:00.000,Off-Plan Property,Apartment,Dubai Maritime City,Franck Muller Yachting by London Gate,0 B/R,409.79,1450000,3538.44,London Gate L L C,London Gate Real Estate Development L.L.C,1
2026-02-04T00:00:00.000,Off-Plan Property,Apartment,Dubai Maritime City,Kanyon by Beyond - Canyon by Beyond,1 B/R,929.36,2565000,2759.95,Omniyat,Omniyat Properties,1
2026-02-04T00:00:00.000,Off-Plan Property,Apartment,Dubai Maritime City,Kanyon by Beyond - Canyon by Beyond,1 B/R,832.27,2579000,3098.74,Omniyat,Omniyat Properties,1
2026-02-04T00:00:00.000,Off-Plan Property,Apartment,Dubai Maritime City,Kanyon by Beyond - Canyon by Beyond,1 B/R,877.8,2486000,2832.07,Omniyat,Omniyat Properties,1
2026-02-04T00:00:00.000,Off-Plan Property,Apartment,Dubai Maritime City,Kanyon by Beyond - Canyon by Beyond,1 B/R,908.7,2554860,2811.56,Omniyat,Omniyat Properties,1
2026-02-04T00:00:00.000,Off-Plan Property,Apartment,Dubai Maritime City,Kanyon by Beyond - Canyon by Beyond,1 B/R,929.26,2635220,2835.84,Omniyat,Omniyat Properties,1
2026-02-04T00:00:00.000,Off-Plan Property,Apartment,Dubai Maritime City,Kanyon by Beyond - Canyon by Beyond,2 B/R,1447.22,4168000,2880,Omniyat,Omniyat Properties,1
2026-02-04T00:00:00.000,Off-Plan Property,Apartment,Dubai Sports City,Aspirz Tower,0 B/R,394.07,862330,2188.27,Danube,Danube Properties,1
2026-02-04T00:00:00.000,Off-Plan Property,Apartment,Dubai Sports City,Aspirz Tower,0 B/R,387.61,875000,2257.41,Danube,Danube Properties,1
2026-02-04T00:00:00.000,Off-Plan Property,Apartment,Dubai Sports City,Aspirz Tower,1 B/R,489.12,1139000,2328.69,Danube,Danube Properties,1
2026-02-04T00:00:00.000,Off-Plan Property,Apartment,Dubai Islands,Meriden Beach Residences,1 B/R,949.49,2081520,2192.24,Green Horizon,Green Horizon Real Estate Development LLC,1
2026-02-04T00:00:00.000,Off-Plan Property,Apartment,Dubai Creek Harbour,Creek Haven Tower A,2 B/R,1196.31,3281888,2743.34,Emaar,Emaar Properties PJSC,1
2026-02-04T00:00:00.000,Off-Plan Property,Apartment,Downtown Dubai,Binghatti Skyblade,2 B/R,1260.79,4754999,3771.45,Binghatti,Binghatti Holding Limited,1
2026-02-04T00:00:00.000,Off-Plan Property,Apartment,Dubai Creek Harbour,Altan,3 B/R,1848.18,4188888,2266.49,Emaar,Emaar Properties PJSC,1
2026-02-04T00:00:00.000,Off-Plan Property,Apartment,Dubai Creek Harbour,Creek Bay Tower A,1 B/R,736.8,1860888,2525.65,Emaar,Emaar Properties PJSC,1
2026-02-04T00:00:00.000,Off-Plan Property,Apartment,Dubai Creek Harbour,Creek Haven Tower A,1 B/R,739.49,1888888,2554.32,Emaar,Emaar Properties PJSC,1
2026-02-04T00:00:00.000,Off-Plan Property,Apartment,Dubai Creek Harbour,Creek Haven Tower A,2 B/R,1238.4,2896888,2339.22,Emaar,Emaar Properties PJSC,1
2026-02-04T00:00:00.000,Off-Plan Property,Apartment,Dubai Creek Harbour,Creek Haven Tower A,3 B/R,1859.37,5613888,3019.24,Emaar,Emaar Properties PJSC,1
2026-02-04T00:00:00.000,Off-Plan Property,Apartment,Dubai Creek Harbour,Creek Haven Tower A,2 B/R,1190.39,3409888,2864.51,Emaar,Emaar Properties PJSC,1
2026-02-04T00:00:00.000,Off-Plan Property,Apartment,Dubai Creek Harbour,Creek Haven Tower A,3 B/R,1859.37,5573150,2997.33,Emaar,Emaar Properties PJSC,1
2026-02-04T00:00:00.000,Off-Plan Property,Apartment,Dubai Creek Harbour,Creek Haven Tower A,2 B/R,1196.31,3293888,2753.37,Emaar,Emaar Properties PJSC,1
2026-02-04T00:00:00.000,Off-Plan Property,Apartment,Dubai Islands,Aquora by Casa Vista,1 B/R,763.17,2175006,2849.97,Casa Vista,Casa Vista Development LLC,1
2026-02-04T00:00:00.000,Off-Plan Property,Apartment,Dubai Islands,Elle Residences,2 B/R,1067.25,3605777,3378.57,Anax Developments,ANAX Developments,1
2026-02-04T00:00:00.000,Off-Plan Property,Apartment,Dubai Islands,Flora Shore,2 B/R,838.3,2354000,2808.06,Calgary,Calgary Properties LLC,1
2026-02-04T00:00:00.000,Off-Plan Property,Apartment,Dubai Islands,Flora Shore,2 B/R,982.54,2551000,2596.34,Calgary,Calgary Properties LLC,1
2026-02-04T00:00:00.000,Off-Plan Property,Apartment,Dubai Islands,Flora Shore,2 B/R,838.3,2446000,2917.81,Calgary,Calgary Properties LLC,1
2026-02-04T00:00:00.000,Off-Plan Property,Apartment,Dubai Islands,Flora Shore,2 B/R,1074.79,2654820,2470.09,Calgary,Calgary Properties LLC,1
2026-02-04T00:00:00.000,Off-Plan Property,Apartment,Dubai Islands,Hado by Beyond Tower A,1 B/R,870.05,2717000,3122.79,Beyond Developments,Beyond Developments,1
2026-02-04T00:00:00.000,Off-Plan Property,Apartment,Dubai Islands,Lia Residences,2 B/R,1472.41,4689000,3184.58,Avenew,Avenew Real Estate Development,1
2026-02-04T00:00:00.000,Off-Plan Property,Apartment,Dubai Creek Harbour,Lyvia by Palace - Green Gate,1 B/R,913.86,2405888,2632.66,Emaar,Emaar Properties PJSC,1
2026-02-04T00:00:00.000,Off-Plan Property,Apartment,Dubai Islands,Lia Residences,1 B/R,884.91,2584000,2920.08,Avenew,Avenew Real Estate Development,1
2026-02-04T00:00:00.000,Off-Plan Property,Apartment,Dubai Islands,Hado by Beyond Tower B,3 B/R,2041.93,7561000,3702.87,Beyond Developments,Beyond Developments,1
2026-02-04T00:00:00.000,Off-Plan Property,Apartment,Dubai Healthcare City Phase 2,Binghatti Pinnacle,2 B/R,1078.45,2339999,2169.79,Binghatti,Binghatti Holding Limited,1
2026-02-04T00:00:00.000,Off-Plan Property,Apartment,Dubai Creek Harbour,Lyvia by Palace - Green Gate,2 B/R,1144,2957888,2585.57,Emaar,Emaar Properties PJSC,1
2026-02-04T00:00:00.000,Off-Plan Property,Apartment,Dubai Creek Harbour,Montiva at Green Gate,2 B/R,1205.35,2962888,2458.11,Emaar,Emaar Properties PJSC,1
2026-02-04T00:00:00.000,Off-Plan Property,Apartment,Dubai Creek Harbour,Montiva at Green Gate,3 B/R,1834.83,4017888,2189.79,Emaar,Emaar Properties PJSC,1
2026-02-04T00:00:00.000,Off-Plan Property,Apartment,Dubai Creek Harbour,Montiva at Green Gate,2 B/R,1143.14,2772310,2425.18,Emaar,Emaar Properties PJSC,1
2026-02-04T00:00:00.000,Off-Plan Property,Apartment,Dubai Creek Harbour,Montiva at Green Gate,1 B/R,754.88,1932888,2560.53,Emaar,Emaar Properties PJSC,1
2026-02-04T00:00:00.000,Off-Plan Property,Apartment,Dubai Creek Harbour,Lyvia by Palace - Green Gate,2 B/R,1241.41,3225888,2598.56,Emaar,Emaar Properties PJSC,1
2026-02-04T00:00:00.000,Off-Plan Property,Apartment,Dubai Creek Harbour,Silva at Green Gate,1 B/R,755.31,1827888,2420.05,Emaar,Emaar Properties PJSC,1
2026-02-04T00:00:00.000,Off-Plan Property,Apartment,Dubai Creek Harbour,Silva at Green Gate,2 B/R,1402.98,3124888,2227.32,Emaar,Emaar Properties PJSC,1
2026-02-04T00:00:00.000,Off-Plan Property,Apartment,Dubai Creek Harbour,Silva at Green Gate,2 B/R,1402.98,3130888,2231.6,Emaar,Emaar Properties PJSC,1
2026-02-04T00:00:00.000,Off-Plan Property,Apartment,Dubai Creek Harbour,Silva at Green Gate,2 B/R,1440.01,3231888,2244.35,Emaar,Emaar Properties PJSC,1
2026-02-04T00:00:00.000,Off-Plan Property,Apartment,Dubai Creek Harbour,Montiva at Green Gate,2 B/R,1143.14,2822888,2469.42,Emaar,Emaar Properties PJSC,1
2026-02-04T00:00:00.000,Off-Plan Property,Apartment,Dubai Healthcare City Phase 2,Binghatti Pinnacle,2 B/R,1078.45,2359999,2188.33,Binghatti,Binghatti Holding Limited,1
2026-02-04T00:00:00.000,Off-Plan Property,Apartment,Dubai Hills Estate,Rosehill Block A,2 B/R,1419.23,3300888,2325.82,Emaar,Emaar Properties PJSC,1
2026-02-04T00:00:00.000,Off-Plan Property,Apartment,Dubai Hills Estate,Hillsedge 1,2 B/R,1139.8,2713888,2381.02,Emaar,Emaar Properties PJSC,1
2026-02-04T00:00:00.000,Off-Plan Property,Apartment,Dubai Creek Harbour,Lyvia by Palace - Green Gate,2 B/R,1206.21,3091888,2563.3,Emaar,Emaar Properties PJSC,1
2026-02-04T00:00:00.000,Off-Plan Property,Apartment,Dubai Hills Estate,Palace Residences Hillside A,1 B/R,680.93,1915790,2813.49,Emaar,Emaar Properties PJSC,1
2026-02-04T00:00:00.000,Off-Plan Property,Apartment,Dubai Hills Estate,Palace Residences Hillside A,2 B/R,1147.33,2696850,2350.53,Emaar,Emaar Properties PJSC,1
2026-02-04T00:00:00.000,Off-Plan Property,Apartment,Dubai Hills Estate,Palace Residences Hillside A,2 B/R,1146.9,2652888,2313.09,Emaar,Emaar Properties PJSC,1
2026-02-04T00:00:00.000,Off-Plan Property,Apartment,Dubai Hills Estate,Palace Residences Hillside A,1 B/R,678.45,2020888,2978.66,Emaar,Emaar Properties PJSC,1
2026-02-04T00:00:00.000,Off-Plan Property,Apartment,Dubai Hills Estate,Hillsedge 2,1 B/R,711.39,1884888,2649.57,Emaar,Emaar Properties PJSC,1
2026-02-03T00:00:00.000,Off-Plan Property,Apartment,Meydan City,Mercedes Benz Places Binghatti City Tower 3 - Maybach Ultimate Luxury Tower B,0 B/R,401.82,1371000,3411.97,Unknown,Unknown,1
2026-02-03T00:00:00.000,Off-Plan Property,Apartment,Meydan City,Mercedes Benz Places Binghatti City Tower 1 - Project Maybach,0 B/R,389.55,1381000,3545.12,Unknown,Unknown,1
2026-02-03T00:00:00.000,Off-Plan Property,Apartment,Meydan City,Mercedes Benz Places Binghatti City Tower 2 - Maybach Ultimate Luxury Tower A,1 B/R,617.32,2346000,3800.33,Unknown,Unknown,1
2026-02-03T00:00:00.000,Off-Plan Property,Apartment,Meydan City,Mercedes Benz Places Binghatti City Tower 3 - Maybach Ultimate Luxury Tower B,0 B/R,395.68,1367000,3454.77,Unknown,Unknown,1
2026-02-03T00:00:00.000,Off-Plan Property,Apartment,Meydan City,Mercedes Benz Places Binghatti City Tower 4 - Maybach 6 Tower A,0 B/R,386.86,1363000,3523.26,Unknown,Unknown,1
2026-02-03T00:00:00.000,Off-Plan Property,Apartment,Meydan City,Mercedes Benz Places Binghatti City Tower 4 - Maybach 6 Tower A,0 B/R,341.11,1353000,3966.45,Unknown,Unknown,1
2026-02-03T00:00:00.000,Off-Plan Property,Apartment,Meydan City,Mercedes Benz Places Binghatti City Tower 5 - Maybach 6 Tower B,1 B/R,617.32,2577000,4174.53,Unknown,Unknown,1
2026-02-03T00:00:00.000,Off-Plan Property,Apartment,Meydan City,Mercedes Benz Places Binghatti City Tower 4 - Maybach 6 Tower A,0 B/R,401.82,1378000,3429.4,Unknown,Unknown,1
2026-02-03T00:00:00.000,Off-Plan Property,Apartment,Meydan City,Mercedes Benz Places Binghatti City Tower 4 - Maybach 6 Tower A,0 B/R,386.86,1388000,3587.88,Unknown,Unknown,1
2026-02-03T00:00:00.000,Off-Plan Property,Apartment,Meydan City,Mercedes Benz Places Binghatti City Tower 4 - Maybach 6 Tower A,0 B/R,401.82,1397000,3476.68,Unknown,Unknown,1
2026-02-03T00:00:00.000,Off-Plan Property,Apartment,Meydan City,Mercedes Benz Places Binghatti City Tower 4 - Maybach 6 Tower A,0 B/R,386.86,1425000,3683.52,Unknown,Unknown,1
2026-02-03T00:00:00.000,Off-Plan Property,Apartment,Meydan City,Mercedes Benz Places Binghatti City Tower 4 - Maybach 6 Tower A,0 B/R,341.11,1429000,4189.25,Unknown,Unknown,1
2026-02-03T00:00:00.000,Off-Plan Property,Apartment,Meydan City,Mercedes Benz Places Binghatti City Tower 4 - Maybach 6 Tower A,0 B/R,395.68,1307000,3303.14,Unknown,Unknown,1
2026-02-03T00:00:00.000,Off-Plan Property,Apartment,Meydan City,Mercedes Benz Places Binghatti City Tower 4 - Maybach 6 Tower A,0 B/R,395.68,1326000,3351.15,Unknown,Unknown,1
2026-02-03T00:00:00.000,Off-Plan Property,Apartment,Meydan City,Mercedes Benz Places Binghatti City Tower 5 - Maybach 6 Tower B,0 B/R,395.68,1384000,3497.73,Unknown,Unknown,1
2026-02-03T00:00:00.000,Off-Plan Property,Apartment,Meydan City,Mercedes Benz Places Binghatti City Tower 5 - Maybach 6 Tower B,0 B/R,375.34,1392000,3708.63,Unknown,Unknown,1
2026-02-03T00:00:00.000,Off-Plan Property,Apartment,Meydan City,Mercedes Benz Places Binghatti City Tower 4 - Maybach 6 Tower A,0 B/R,386.86,1301000,3362.99,Unknown,Unknown,1
2026-02-03T00:00:00.000,Off-Plan Property,Apartment,Meydan City,Mercedes Benz Places Binghatti City Tower 5 - Maybach 6 Tower B,0 B/R,386.86,1339000,3461.22,Unknown,Unknown,1
2026-02-03T00:00:00.000,Off-Plan Property,Apartment,Meydan City,Mercedes Benz Places Binghatti City Tower 5 - Maybach 6 Tower B,0 B/R,386.86,1308000,3381.08,Unknown,Unknown,1
2026-02-03T00:00:00.000,Off-Plan Property,Apartment,Business Bay,Peninsula Four Tower A,1 B/R,833.24,2046055,2455.54,Private Investor,Private Investor,2
2026-02-03T00:00:00.000,Off-Plan Property,Apartment,Meydan One,Azizi Riviera 49,0 B/R,448.32,1037400,2313.97,Azizi,Azizi Developments,1
2026-02-03T00:00:00.000,Off-Plan Property,Apartment,Downtown Dubai,St. Regis Residences Tower 2,2 B/R,1459.06,4050000,2775.76,Emaar,Emaar Properties PJSC,2
2026-02-03T00:00:00.000,Off-Plan Property,Apartment,Dubai Creek Harbour,ARLO,1 B/R,709.02,1872888,2641.5,Emaar,Emaar Properties PJSC,2
2026-02-03T00:00:00.000,Off-Plan Property,Apartment,Dubai Creek Harbour,The Cove ll Building 5,2 B/R,1385.87,2950000,2128.63,Emaar,Emaar Properties PJSC,2
2026-02-03T00:00:00.000,Off-Plan Property,Apartment,Dubai Hills Estate,399 Hills Park A,1 B/R,939.8,2255520,2399.99,National,National Properties,2
2026-02-03T00:00:00.000,Off-Plan Property,Apartment,Dubai Hills Estate,Ellington House II,3 B/R,1740.75,5900000,3389.34,Ellington,Ellington Properties Development L.L.C,2
2026-02-03T00:00:00.000,Off-Plan Property,Apartment,Dubai Hills Estate,Parkside Views,1 B/R,696.54,1745000,2505.25,Emaar,Emaar Properties PJSC,2
2026-02-03T00:00:00.000,Off-Plan Property,Apartment,Dubai Marina,Rove Home Dubai Marina,0 B/R,395.9,1489600,3762.57,Irth L L C,IRTH Development L.L.C,2
2026-02-03T00:00:00.000,Off-Plan Property,Apartment,Downtown Dubai,One Residence,1 B/R,749.17,2090000,2789.74,Ginco L L C,Ginco Properties L.L.C,2
2026-02-03T00:00:00.000,Off-Plan Property,Apartment,City Walk,Laurel,2 B/R,1428.38,4300000,3010.4,Meraas,Meraas Development  L.L.C,2
2026-02-03T00:00:00.000,Off-Plan Property,Apartment,Meydan One,Azizi Riviera 49,0 B/R,448.32,1039350,2318.32,Azizi,Azizi Developments,1
2026-02-03T00:00:00.000,Off-Plan Property,Apartment,Sobha Hartland 2,320 Riverside Crescent,3 B/R,1652.7,3801187,2299.98,Sobha,Sobha Real Estate L.L.C,1
2026-02-03T00:00:00.000,Off-Plan Property,Apartment,Sobha Hartland 2,Skyscape Altius,3 B/R,1712.34,4571921,2669.99,Sobha,Sobha Real Estate L.L.C,1
2026-02-03T00:00:00.000,Off-Plan Property,Apartment,Sobha Hartland 2,Skyscape Aura,2 B/R,1511.91,3946059,2609.98,Sobha,Sobha Real Estate L.L.C,1
2026-02-03T00:00:00.000,Off-Plan Property,Apartment,Sobha Hartland 2,Skyscape Avenue,2 B/R,1551.95,3972966,2559.98,Sobha,Sobha Real Estate L.L.C,1
2026-02-03T00:00:00.000,Off-Plan Property,Apartment,Sobha Hartland 2,Skyscape Avenue,1 B/R,867.26,2146444,2474.98,Sobha,Sobha Real Estate L.L.C,1
2026-02-03T00:00:00.000,Off-Plan Property,Apartment,Sobha Hartland 2,Skyscape Avenue,1 B/R,877.05,2140002,2440,Sobha,Sobha Real Estate L.L.C,1
2026-02-03T00:00:00.000,Off-Plan Property,Apartment,Sobha Hartland 2,Skyscape Avenue,1 B/R,876.94,2183581,2489.99,Sobha,Sobha Real Estate L.L.C,1
2026-02-03T00:00:00.000,Off-Plan Property,Apartment,Sobha Hartland 2,Skyvue Solair,1 B/R,548,1348055,2459.98,Sobha,Sobha Real Estate L.L.C,1
2026-02-03T00:00:00.000,Off-Plan Property,Apartment,Sobha Hartland 2,Skyvue Stellar,2 B/R,1238.4,3399381,2744.98,Sobha,Sobha Real Estate L.L.C,1
2026-02-03T00:00:00.000,Off-Plan Property,Apartment,Uptown Motorcity,Sobha Solis Tower A,2 B/R,1124.52,2310848,2054.97,Sobha,Sobha Real Estate L.L.C,1
2026-02-03T00:00:00.000,Off-Plan Property,Apartment,Uptown Motorcity,Sobha Solis Tower D,2 B/R,1146.26,2418588,2109.99,Sobha,Sobha Real Estate L.L.C,1
2026-02-03T00:00:00.000,Off-Plan Property,Apartment,Uptown Motorcity,Velos Residence,0 B/R,403.76,826288.15,2046.5,City View Urban,City View Urban Real Estate Development LLC,1
2026-02-03T00:00:00.000,Off-Plan Property,Apartment,Al Kifaf,Park Views Residences at Wasl 1,2 B/R,1134.53,2750000,2423.92,AL Wasl,Al Wasl Properties PJSC,2
2026-02-03T00:00:00.000,Off-Plan Property,Apartment,Al Kifaf,Park Views Residences B,1 B/R,718.17,1750000,2436.74,AL Wasl,Al Wasl Properties PJSC,2
2026-02-03T00:00:00.000,Off-Plan Property,Apartment,Jebel Ali First,Horizon at Sobha Central,2 B/R,1202.02,3383658,2814.99,Sobha,Sobha Real Estate L.L.C,1
2026-02-03T00:00:00.000,Off-Plan Property,Apartment,Expo City,Terra Gardens Building 1,2 B/R,1113.64,2279888,2047.23,Emaar,Emaar Properties PJSC,1
2026-02-03T00:00:00.000,Off-Plan Property,Apartment,Expo City,Terra Gardens Building 2,1 B/R,765.64,1627888,2126.17,Emaar,Emaar Properties PJSC,1
2026-02-03T00:00:00.000,Off-Plan Property,Apartment,Expo City,Terra Gardens Building 2,1 B/R,761.12,1618888,2126.97,Emaar,Emaar Properties PJSC,1
2026-02-03T00:00:00.000,Off-Plan Property,Apartment,Expo City,Terra Gardens Building 2,3 B/R,1674.66,3499888,2089.91,Emaar,Emaar Properties PJSC,1
2026-02-03T00:00:00.000,Off-Plan Property,Apartment,Falcon City of Wonders,Sakura Gardens Tower D,0 B/R,452.2,930000,2056.63,Hijazi,Hijazi Real Estate Development LLC,1
2026-02-03T00:00:00.000,Off-Plan Property,Apartment,Falcon City of Wonders,Sakura Gardens Tower D,0 B/R,452.3,940000,2078.25,Hijazi,Hijazi Real Estate Development LLC,1
2026-02-03T00:00:00.000,Off-Plan Property,Apartment,Ghaf Woods,Distrikt Building 1,2 B/R,1450.23,3022000,2083.8,Majid Al Futtaim,Majid Al Futtaim Properties,1
2026-02-03T00:00:00.000,Off-Plan Property,Apartment,Ghaf Woods,Maravelle 1 at Capria West Ghaf Woods,3 B/R,2872.8,6682000,2325.95,Majid Al Futtaim,Majid Al Futtaim (MAF Group),1
2026-02-03T00:00:00.000,Off-Plan Property,Apartment,Ghaf Woods,Maravelle 2 at Capria West Ghaf Woods,2 B/R,2250.11,5453000,2423.44,Majid Al Futtaim,Majid Al Futtaim (MAF Group),1
2026-02-03T00:00:00.000,Off-Plan Property,Apartment,Horizon,Mansory Residences - AMAAL 8,1 B/R,867.15,2117888,2442.36,Amaal Emirates L L C,Amaal Emirates L.L.C,1
2026-02-03T00:00:00.000,Off-Plan Property,Apartment,Horizon,Mansory Residences - AMAAL 8,1 B/R,867.15,2127888,2453.89,Amaal Emirates L L C,Amaal Emirates L.L.C,1
2026-02-03T00:00:00.000,Off-Plan Property,Apartment,Horizon,Wynwood Horizon,3 B/R,1925.25,4208260.61,2185.83,Imtiaz,Imtiaz Real Estate Investment And Development L.L.C,1
2026-02-03T00:00:00.000,Off-Plan Property,Apartment,Meydan City,Mercedes Benz Places Binghatti City Tower 4 - Maybach 6 Tower A,2 B/R,972.64,3200000,3290.03,Unknown,Unknown,2
2026-02-03T00:00:00.000,Off-Plan Property,Apartment,Emaar South,Golf Hills,1 B/R,680.18,1397888,2055.18,Emaar,Emaar Properties PJSC,1
2026-02-03T00:00:00.000,Off-Plan Property,Apartment,Jebel Ali First,Horizon at Sobha Central,2 B/R,1202.02,3401688,2829.99,Sobha,Sobha Real Estate L.L.C,1
2026-02-03T00:00:00.000,Off-Plan Property,Apartment,Jebel Ali First,Horizon at Sobha Central,2 B/R,1202.02,3419718,2844.99,Sobha,Sobha Real Estate L.L.C,1
2026-02-03T00:00:00.000,Off-Plan Property,Apartment,Jumeirah Village Circle,Berkeley Square,0 B/R,350.37,720000,2054.98,Prestige ONE Developments Prestige ONE Luxury LL,Prestige One Developments - Prestige One Luxury Real Estate LL,1
2026-02-03T00:00:00.000,Off-Plan Property,Apartment,Jebel Ali First,The Eden at Sobha Central,1 B/R,631.63,1784355,2824.99,Sobha,Sobha Real Estate L.L.C,1
2026-02-03T00:00:00.000,Off-Plan Property,Apartment,Jebel Ali First,The Serene at Sobha Central,2 B/R,852.62,2506673,2939.98,Sobha,Sobha Real Estate L.L.C,1
2026-02-03T00:00:00.000,Off-Plan Property,Apartment,Jebel Ali First,The Serene at Sobha Central,2 B/R,852.62,2532252,2969.98,Sobha,Sobha Real Estate L.L.C,1
2026-02-03T00:00:00.000,Off-Plan Property,Apartment,Jebel Ali First,Tranquil at Sobha Central,2 B/R,852.83,2481706,2909.96,Sobha,Sobha Real Estate L.L.C,1
2026-02-03T00:00:00.000,Off-Plan Property,Apartment,Jebel Ali First,Tranquil at Sobha Central,2 B/R,852.83,2507291,2939.96,Sobha,Sobha Real Estate L.L.C,1
2026-02-03T00:00:00.000,Off-Plan Property,Apartment,Jebel Ali First,Tranquil at Sobha Central,2 B/R,859.72,2583429,3004.96,Sobha,Sobha Real Estate L.L.C,1
2026-02-03T00:00:00.000,Off-Plan Property,Apartment,Jumeirah Garden City,Amber by Enso,1 B/R,727.22,1547000,2127.29,Enso,ENSO Development,1
2026-02-03T00:00:00.000,Off-Plan Property,Apartment,Jumeirah Garden City,Amber by Enso,1 B/R,851,1871025,2198.61,Enso,ENSO Development,1
2026-02-03T00:00:00.000,Off-Plan Property,Apartment,Jumeirah Garden City,Villea West,0 B/R,505.37,1212888,2400,Palmridge,Palmridge Real Estate Development LLC,1
2026-02-03T00:00:00.000,Off-Plan Property,Apartment,Jumeirah Garden City,Villea West,0 B/R,502.68,1206429,2400,Palmridge,Palmridge Real Estate Development LLC,1
2026-02-03T00:00:00.000,Off-Plan Property,Apartment,Jumeirah Lake Towers,Diamondz By Danube,2 B/R,1107.29,2467920,2228.79,Danube,Danube Properties,1
2026-02-03T00:00:00.000,Off-Plan Property,Apartment,Palm Jumeirah,Palm Beach Tower 2,2 B/R,1763.9,5900000,3344.87,Nakheel,Nakheel PJSC,2
2026-02-03T00:00:00.000,Off-Plan Property,Apartment,Palm Jumeirah,Palm Beach Tower 3,1 B/R,1168.97,4200000,3592.91,Nakheel,Nakheel PJSC,2
2026-02-03T00:00:00.000,Off-Plan Property,Apartment,Ras Al Khor Industrial First,Sobha One Tower D,1 B/R,675.23,1769076,2619.98,Sobha,Sobha Real Estate L.L.C,2
2026-02-03T00:00:00.000,Off-Plan Property,Apartment,Sobha Hartland 2,330 Riverside Crescent,1 B/R,495.25,1110000,2241.28,Sobha,Sobha Real Estate L.L.C,2
2026-02-03T00:00:00.000,Off-Plan Property,Apartment,Dubai Creek Harbour,Silva at Green Gate,2 B/R,1402.98,3170888,2260.11,Emaar,Emaar Properties PJSC,1
2026-02-03T00:00:00.000,Off-Plan Property,Apartment,Al Jadaf,Binghatti Cullinan,0 B/R,379.75,821999,2164.56,Binghatti,Binghatti Holding Limited,1
2026-02-03T00:00:00.000,Off-Plan Property,Apartment,Al Wasl,Safa Gate,0 B/R,400.1,1267000,3166.73,Damac,Damac Properties,1
2026-02-03T00:00:00.000,Off-Plan Property,Apartment,Business Bay,Onda By Kasco,1 B/R,815.05,1845277,2264,Kasco,KASCO Properties,1
2026-02-03T00:00:00.000,Off-Plan Property,Apartment,Business Bay,Sobha Skyparks,2 B/R,1582.31,6883005,4349.98,Sobha,Sobha Real Estate L.L.C,1
2026-02-03T00:00:00.000,Off-Plan Property,Apartment,Business Bay,Sobha Skyparks,2 B/R,1191.47,5063663,4249.94,Sobha,Sobha Real Estate L.L.C,1
2026-02-03T00:00:00.000,Off-Plan Property,Apartment,Business Bay,The Quayside,3 B/R,1727.73,4631828,2680.88,Ellington,Ellington Properties Development L.L.C,1
2026-02-03T00:00:00.000,Off-Plan Property,Apartment,Business Bay,Tiger Sky Tower,2 B/R,1472.95,4448259,3019.97,Tiger,Tiger Properties - Tiger Real Estate,1
2026-02-03T00:00:00.000,Off-Plan Property,Apartment,Business Bay,Tiger Sky Tower,2 B/R,1399.75,3983377,2845.78,Tiger,Tiger Properties - Tiger Real Estate,1
2026-02-03T00:00:00.000,Off-Plan Property,Apartment,Business Bay,Tiger Sky Tower,2 B/R,1512.99,4301086.03,2842.78,Tiger,Tiger Properties - Tiger Real Estate,1
2026-02-03T00:00:00.000,Off-Plan Property,Apartment,Business Bay,Onda By Kasco,0 B/R,419.04,1048588,2502.34,Kasco,KASCO Properties,1
2026-02-03T00:00:00.000,Off-Plan Property,Apartment,Business Bay,DWTN Residences - Downtown Residences,1 B/R,779.1,2061760,2646.34,Deyaar,Deyaar Development Company,1
2026-02-03T00:00:00.000,Off-Plan Property,Apartment,Business Bay,DWTN Residences - Downtown Residences,2 B/R,1335.49,3449360,2582.84,Deyaar,Deyaar Development Company,1
2026-02-03T00:00:00.000,Off-Plan Property,Apartment,Business Bay,DWTN Residences - Downtown Residences,1 B/R,896.21,2322860,2591.87,Deyaar,Deyaar Development Company,1
2026-02-03T00:00:00.000,Off-Plan Property,Apartment,Business Bay,Avarra - Business Bay Palace Residences,2 B/R,1452.82,4303888,2962.44,Emaar,Emaar Properties PJSC,1
2026-02-03T00:00:00.000,Off-Plan Property,Apartment,Business Bay,Avarra - Business Bay Palace Residences,1 B/R,824.85,3007888,3646.61,Emaar,Emaar Properties PJSC,1
2026-02-03T00:00:00.000,Off-Plan Property,Apartment,Business Bay,Avarra - Business Bay Palace Residences,3 B/R,1861.85,6363888,3418.05,Emaar,Emaar Properties PJSC,1
2026-02-03T00:00:00.000,Off-Plan Property,Apartment,Business Bay,Avarra - Business Bay Palace Residences,3 B/R,1861.85,6272870,3369.16,Emaar,Emaar Properties PJSC,1
2026-02-03T00:00:00.000,Off-Plan Property,Apartment,Business Bay,Bayz 102 By Danube,0 B/R,404.62,1593000,3937.04,Danube,Danube Properties,1
2026-02-03T00:00:00.000,Off-Plan Property,Apartment,Business Bay,Bayz 102 By Danube,2 B/R,1127.1,3094840,2745.85,Danube,Danube Properties,1
2026-02-03T00:00:00.000,Off-Plan Property,Apartment,Business Bay,Bayz 102 By Danube,0 B/R,444.55,1664640,3744.52,Danube,Danube Properties,1
2026-02-03T00:00:00.000,Off-Plan Property,Apartment,Business Bay,Canal Heights 2,2 B/R,1281.56,3642660,2842.36,Damac,Damac Properties,1
2026-02-03T00:00:00.000,Off-Plan Property,Apartment,Business Bay,DWTN Residences - Downtown Residences,1 B/R,896.1,2396656,2674.53,Deyaar,Deyaar Development Company,1
2026-02-03T00:00:00.000,Off-Plan Property,Apartment,Dubai Maritime City,Breez by Danube,0 B/R,394.82,1340160,3394.33,Danube,Danube Properties,1
2026-02-03T00:00:00.000,Off-Plan Property,Apartment,Dubai Islands,Beach Walk Grand 2,2 B/R,1430.97,3905233,2729.09,Imtiaz,Imtiaz Real Estate Investment And Development L.L.C,1
2026-02-03T00:00:00.000,Off-Plan Property,Apartment,Dubai Islands,Elle Residences,2 B/R,992.98,2846777,2866.91,Anax Developments,ANAX Developments,1
2026-02-03T00:00:00.000,Off-Plan Property,Apartment,Dubai Islands,Elle Residences,2 B/R,982.54,2902777,2954.37,Anax Developments,ANAX Developments,1
2026-02-03T00:00:00.000,Off-Plan Property,Apartment,Dubai Islands,Elle Residences,2 B/R,993.52,2967777,2987.14,Anax Developments,ANAX Developments,1
2026-02-03T00:00:00.000,Off-Plan Property,Apartment,Dubai Islands,Elle Residences,2 B/R,982.11,3061777,3117.56,Anax Developments,ANAX Developments,1
2026-02-03T00:00:00.000,Off-Plan Property,Apartment,Dubai Islands,Ellington Sands 1A -Ellington Cove 1A,1 B/R,488.47,1546828,3166.68,Ellington,Ellington Properties Development L.L.C,1
2026-02-03T00:00:00.000,Off-Plan Property,Apartment,Dubai Islands,Ellington Sands 1A -Ellington Cove 1A,2 B/R,1203.52,3172828,2636.28,Ellington,Ellington Properties Development L.L.C,1
2026-02-03T00:00:00.000,Off-Plan Property,Apartment,Dubai Islands,Ellington Sands 1A -Ellington Cove 1A,1 B/R,806.44,2173828,2695.59,Ellington,Ellington Properties Development L.L.C,1
2026-02-03T00:00:00.000,Off-Plan Property,Apartment,Dubai Islands,Ellington Sands 2A -Ellington Cove 2A,1 B/R,857.89,2361828,2753.06,Ellington,Ellington Properties Development L.L.C,1
2026-02-03T00:00:00.000,Off-Plan Property,Apartment,Dubai Islands,Ellington Sands 2A -Ellington Cove 2A,2 B/R,1175.86,3002828,2553.73,Ellington,Ellington Properties Development L.L.C,1
2026-02-03T00:00:00.000,Off-Plan Property,Apartment,Dubai Islands,Ellington Sands 2A -Ellington Cove 2A,3 B/R,2218.68,6660828,3002.16,Ellington,Ellington Properties Development L.L.C,1
2026-02-03T00:00:00.000,Off-Plan Property,Apartment,Dubai Islands,Ellington Sands 2B -Ellington Cove 2B,2 B/R,1381.99,3566828,2580.94,Ellington,Ellington Properties Development L.L.C,1
2026-02-03T00:00:00.000,Off-Plan Property,Apartment,Dubai Islands,Hado by Beyond Tower A,3 B/R,2008.89,7034000,3501.44,Beyond Developments,Beyond Developments,1
2026-02-03T00:00:00.000,Off-Plan Property,Apartment,Dubai Islands,Hado by Beyond Tower C,1 B/R,831.73,2576000,3097.14,Beyond Developments,Beyond Developments,1
2026-02-03T00:00:00.000,Off-Plan Property,Apartment,Dubai Islands,Mackerel Tower,2 B/R,1291.79,2645000,2047.55,Tarrad Saeed Tarrad,Tarrad Development - Saeed Tarrad Real Estate Development LLC,1
2026-02-03T00:00:00.000,Off-Plan Property,Apartment,Dubai Islands,Samana Ocean Bay Building 1,1 B/R,811.82,1930353.78,2377.81,Samana,Samana Developers,1
2026-02-03T00:00:00.000,Off-Plan Property,Apartment,Dubai Islands,Treppan Serenique Building 2,2 B/R,989.21,2953000,2985.21,Fakhruddin,Fakhruddin Properties,1
2026-02-03T00:00:00.000,Off-Plan Property,Apartment,Dubai Islands,Villa del Arte,1 B/R,713.76,2138000,2995.4,MR Eight,Mr. Eight Development,1
2026-02-03T00:00:00.000,Off-Plan Property,Apartment,Dubai Islands,Zephyra Residences,1 B/R,791.48,2008000,2537.03,Arsenal East,Arsenal East Real Estate Development LLC,1
2026-02-03T00:00:00.000,Off-Plan Property,Apartment,Dubai Marina,Residences Du Port - Autograph Collection Residences,3 B/R,2073.25,7516380,3625.4,Emaar,Emaar Properties PJSC,1
2026-02-03T00:00:00.000,Off-Plan Property,Apartment,Dubai Maritime City,Breez by Danube,0 B/R,395.36,1341510,3393.12,Danube,Danube Properties,1
2026-02-03T00:00:00.000,Off-Plan Property,Apartment,Dubai Maritime City,Breez by Danube,0 B/R,394.82,1340540,3395.29,Danube,Danube Properties,1
2026-02-03T00:00:00.000,Off-Plan Property,Apartment,Dubai Maritime City,Breez by Danube,0 B/R,395.36,1347330,3407.84,Danube,Danube Properties,1
2026-02-03T00:00:00.000,Off-Plan Property,Apartment,Dubai Islands,Arka Enclave Residences,2 B/R,1192.54,2531416,2122.7,Manodev,Manodev Real Estate Development LLC,1
2026-02-03T00:00:00.000,Off-Plan Property,Apartment,Dubai Islands,Arka Enclave Residences,3 B/R,2215.34,5617708,2535.82,Manodev,Manodev Real Estate Development LLC,1
2026-02-03T00:00:00.000,Off-Plan Property,Apartment,Dubai Hills Estate,Vida Residences Hillside Tower A,2 B/R,1326.45,3280888,2473.44,Emaar,Emaar Properties PJSC,1
2026-02-03T00:00:00.000,Off-Plan Property,Apartment,Dubai Hills Estate,Palace Residences Hillside A,2 B/R,1059.72,2660888,2510.94,Emaar,Emaar Properties PJSC,1
2026-02-03T00:00:00.000,Off-Plan Property,Apartment,Dubai Hills Estate,Palace Residences Hillside A,2 B/R,1061.55,2916888,2747.77,Emaar,Emaar Properties PJSC,1
2026-02-03T00:00:00.000,Off-Plan Property,Apartment,Dubai Hills Estate,Palace Residences Hillside A,2 B/R,1065.21,2543888,2388.17,Emaar,Emaar Properties PJSC,1
2026-02-03T00:00:00.000,Off-Plan Property,Apartment,Dubai Hills Estate,Palace Residences Hillside A,1 B/R,680.93,1800150,2643.66,Emaar,Emaar Properties PJSC,1
2026-02-03T00:00:00.000,Off-Plan Property,Apartment,Dubai Hills Estate,Palace Residences Hillside A,3 B/R,1882.09,4966888,2639.03,Emaar,Emaar Properties PJSC,1
2026-02-03T00:00:00.000,Off-Plan Property,Apartment,Dubai Hills Estate,Rosehill Block A,2 B/R,1419.23,3217230,2266.88,Emaar,Emaar Properties PJSC,1
2026-02-03T00:00:00.000,Off-Plan Property,Apartment,Dubai Hills Estate,Rosehill Block A,2 B/R,1419.23,3223110,2271.02,Emaar,Emaar Properties PJSC,1
2026-02-03T00:00:00.000,Off-Plan Property,Apartment,Dubai Hills Estate,Rosehill Block B,3 B/R,1669.93,3561492,2132.72,Emaar,Emaar Properties PJSC,1
2026-02-03T00:00:00.000,Off-Plan Property,Apartment,Dubai Hills Estate,Rosehill Block B,1 B/R,787.82,1624888,2062.52,Emaar,Emaar Properties PJSC,1
2026-02-03T00:00:00.000,Off-Plan Property,Apartment,Dubai Hills Estate,Rosehill Block B,1 B/R,744.98,1603888,2152.94,Emaar,Emaar Properties PJSC,1
2026-02-03T00:00:00.000,Off-Plan Property,Apartment,Dubai Hills Estate,Rosehill Block B,1 B/R,748.53,1613888,2156.08,Emaar,Emaar Properties PJSC,1
2026-02-03T00:00:00.000,Off-Plan Property,Apartment,Dubai Internet City,ICONIC Tower by Mered,2 B/R,1326.34,5257741.93,3964.1,Mered Residences L L C,Mered Residences Real Estate L.L.C,1
2026-02-03T00:00:00.000,Off-Plan Property,Apartment,Dubai Maritime City,Breez by Danube,0 B/R,477.38,1611000,3374.65,Danube,Danube Properties,1
2026-02-03T00:00:00.000,Off-Plan Property,Apartment,Dubai Maritime City,Breez by Danube,3 B/R,1769.17,5496400,3106.77,Danube,Danube Properties,1
2026-02-03T00:00:00.000,Off-Plan Property,Apartment,Dubai Hills Estate,Palace Residences Hillside A,2 B/R,1061.65,2692930,2536.54,Emaar,Emaar Properties PJSC,1
2026-02-03T00:00:00.000,Off-Plan Property,Apartment,Dubai Maritime City,Breez by Danube,0 B/R,394.29,1372000,3479.71,Danube,Danube Properties,1
2026-02-03T00:00:00.000,Off-Plan Property,Apartment,Dubai Science Park (Dubiotech),Skyhills Astra Building 1,0 B/R,378.46,831890,2198.08,Hijazi,Hijazi Real Estate Development LLC,1
2026-02-03T00:00:00.000,Off-Plan Property,Apartment,Dubai Sports City,Aspirz Tower,0 B/R,389.12,887880,2281.77,Danube,Danube Properties,1
2026-02-03T00:00:00.000,Off-Plan Property,Apartment,Dubai Maritime City,Chelsea 2 Tower B,1 B/R,921.08,2684160,2914.16,Damac,Damac Properties,1
2026-02-03T00:00:00.000,Off-Plan Property,Apartment,Dubai Maritime City,Chelsea 2 Tower C,1 B/R,774.36,2550000,3293.03,Damac,Damac Properties,1
2026-02-03T00:00:00.000,Off-Plan Property,Apartment,Dubai Maritime City,Chelsea 2 Tower C,1 B/R,776.3,2704000,3483.19,Damac,Damac Properties,1
2026-02-03T00:00:00.000,Off-Plan Property,Apartment,Dubai Maritime City,Chelsea 2 Tower C,1 B/R,774.36,2734000,3530.65,Damac,Damac Properties,1
2026-02-03T00:00:00.000,Off-Plan Property,Apartment,Dubai Maritime City,Franck Muller Yachting by London Gate,0 B/R,409.79,1388000,3387.14,London Gate L L C,London Gate Real Estate Development L.L.C,1
2026-02-03T00:00:00.000,Off-Plan Property,Apartment,Dubai Maritime City,Franck Muller Yachting by London Gate,1 B/R,792.02,1899000,2397.68,London Gate L L C,London Gate Real Estate Development L.L.C,1
2026-02-03T00:00:00.000,Off-Plan Property,Apartment,Dubai Maritime City,Kanyon by Beyond - Canyon by Beyond,1 B/R,876.19,2406000,2745.98,Omniyat,Omniyat Properties,1
2026-02-03T00:00:00.000,Off-Plan Property,Apartment,Dubai Maritime City,SouleverTower 2 - Jumeirah Peninsula,2 B/R,1250.99,5039000,4028,Omniyat,Omniyat Properties,1
2026-02-03T00:00:00.000,Off-Plan Property,Apartment,Dubai Media City,Damac Casa,3 B/R,2066.04,6292000,3045.44,Damac,Damac Properties,1
2026-02-03T00:00:00.000,Off-Plan Property,Apartment,Dubai Hills Estate,Palace Residences Hillside A,3 B/R,1882.09,5116888,2718.73,Emaar,Emaar Properties PJSC,1
2026-02-03T00:00:00.000,Off-Plan Property,Apartment,Dubai Hills Estate,Palace Residences Hillside A,2 B/R,1146.9,2657888,2317.45,Emaar,Emaar Properties PJSC,1
2026-02-03T00:00:00.000,Off-Plan Property,Apartment,Dubai Creek Harbour,Creek Bay Tower A,2 B/R,1450.56,3277888,2259.74,Emaar,Emaar Properties PJSC,1
2026-02-03T00:00:00.000,Off-Plan Property,Apartment,Downtown Dubai,Binghatti Skyblade,1 B/R,966.71,3729999,3858.43,Binghatti,Binghatti Holding Limited,1
2026-02-03T00:00:00.000,Off-Plan Property,Apartment,Downtown Dubai,One Residence,1 B/R,843.04,2555500,3031.3,Ginco L L C,Ginco Properties L.L.C,1
2026-02-03T00:00:00.000,Off-Plan Property,Apartment,Downtown Dubai,One Residence,2 B/R,1219.56,3562500,2921.13,Ginco L L C,Ginco Properties L.L.C,1
2026-02-03T00:00:00.000,Off-Plan Property,Apartment,Downtown Dubai,One Residence,0 B/R,470.06,1548500,3294.23,Ginco L L C,Ginco Properties L.L.C,1
2026-02-03T00:00:00.000,Off-Plan Property,Apartment,Downtown Dubai,One Residence,0 B/R,470.17,1548500,3293.48,Ginco L L C,Ginco Properties L.L.C,1
2026-02-03T00:00:00.000,Off-Plan Property,Apartment,Downtown Dubai,One Residence,0 B/R,469.53,1548500,3298.01,Ginco L L C,Ginco Properties L.L.C,1
2026-02-03T00:00:00.000,Off-Plan Property,Apartment,Downtown Dubai,Society House Downtown Dubai,1 B/R,868.76,2769134.8,3187.45,Invest Overseas IGO,Invest Group Overseas (IGO),1
2026-02-03T00:00:00.000,Off-Plan Property,Apartment,Dubai Creek Harbour,Albero,1 B/R,757.46,1780550,2350.68,Emaar,Emaar Properties PJSC,1
2026-02-03T00:00:00.000,Off-Plan Property,Apartment,Dubai Creek Harbour,Albero,3 B/R,1848.18,4251888,2300.58,Emaar,Emaar Properties PJSC,1
2026-02-03T00:00:00.000,Off-Plan Property,Apartment,Dubai Creek Harbour,Altan,3 B/R,1848.18,4236888,2292.47,Emaar,Emaar Properties PJSC,1
2026-02-03T00:00:00.000,Off-Plan Property,Apartment,Dubai Creek Harbour,Altan,1 B/R,774.58,1854050,2393.63,Emaar,Emaar Properties PJSC,1
2026-02-03T00:00:00.000,Off-Plan Property,Apartment,Dubai Creek Harbour,Altan,2 B/R,1453.36,3298888,2269.84,Emaar,Emaar Properties PJSC,1
2026-02-03T00:00:00.000,Off-Plan Property,Apartment,Dubai Creek Harbour,Creek Bay Tower A,2 B/R,1431.93,4735888,3307.33,Emaar,Emaar Properties PJSC,1
2026-02-03T00:00:00.000,Off-Plan Property,Apartment,Dubai Creek Harbour,Creek Bay Tower A,1 B/R,736.8,1839888,2497.15,Emaar,Emaar Properties PJSC,1
2026-02-03T00:00:00.000,Off-Plan Property,Apartment,Dubai Creek Harbour,Creek Bay Tower A,2 B/R,1248.41,4289888,3436.28,Emaar,Emaar Properties PJSC,1
2026-02-03T00:00:00.000,Off-Plan Property,Apartment,Dubai Creek Harbour,Creek Bay Tower A,2 B/R,1450.56,3352888,2311.45,Emaar,Emaar Properties PJSC,1
2026-02-03T00:00:00.000,Off-Plan Property,Apartment,Dubai Creek Harbour,Creek Bay Tower A,3 B/R,1855.07,6167888,3324.89,Emaar,Emaar Properties PJSC,1
2026-02-03T00:00:00.000,Off-Plan Property,Apartment,Dubai Creek Harbour,Creek Bay Tower A,2 B/R,1450.56,3258888,2246.65,Emaar,Emaar Properties PJSC,1
2026-02-03T00:00:00.000,Off-Plan Property,Apartment,Dubai Creek Harbour,Creek Bay Tower A,1 B/R,764.24,2051888,2684.86,Emaar,Emaar Properties PJSC,1
2026-02-03T00:00:00.000,Off-Plan Property,Apartment,Dubai Creek Harbour,Creek Bay Tower A,3 B/R,1855.07,5972888,3219.77,Emaar,Emaar Properties PJSC,1
2026-02-03T00:00:00.000,Off-Plan Property,Apartment,Dubai Hills Estate,Palace Residences Hillside A,1 B/R,680.93,1875888,2754.89,Emaar,Emaar Properties PJSC,1
2026-02-03T00:00:00.000,Off-Plan Property,Apartment,Dubai Creek Harbour,Creek Bay Tower A,2 B/R,1450.56,3264888,2250.78,Emaar,Emaar Properties PJSC,1
2026-02-03T00:00:00.000,Off-Plan Property,Apartment,Dubai Creek Harbour,Creek Bay Tower A,1 B/R,736.8,1822888,2474.07,Emaar,Emaar Properties PJSC,1
2026-02-03T00:00:00.000,Off-Plan Property,Apartment,Dubai Creek Harbour,Lyvia by Palace - Green Gate,1 B/R,760.8,1981888,2605.01,Emaar,Emaar Properties PJSC,1
2026-02-03T00:00:00.000,Off-Plan Property,Apartment,Dubai Creek Harbour,Lyvia by Palace - Green Gate,2 B/R,1206.21,3265888,2707.55,Emaar,Emaar Properties PJSC,1
2026-02-03T00:00:00.000,Off-Plan Property,Apartment,Dubai Creek Harbour,Lyvia by Palace - Green Gate,2 B/R,1144,3130888,2736.8,Emaar,Emaar Properties PJSC,1
2026-02-03T00:00:00.000,Off-Plan Property,Apartment,Dubai Creek Harbour,Lyvia by Palace - Green Gate,2 B/R,1241.41,3006888,2422.15,Emaar,Emaar Properties PJSC,1
2026-02-03T00:00:00.000,Off-Plan Property,Apartment,Dubai Creek Harbour,Lyvia by Palace - Green Gate,2 B/R,1241.41,3254888,2621.92,Emaar,Emaar Properties PJSC,1
2026-02-03T00:00:00.000,Off-Plan Property,Apartment,Dubai Creek Harbour,Lyvia by Palace - Green Gate,1 B/R,754.77,1987888,2633.76,Emaar,Emaar Properties PJSC,1
2026-02-03T00:00:00.000,Off-Plan Property,Apartment,Dubai Creek Harbour,Montiva at Green Gate,2 B/R,1237.86,2873888,2321.66,Emaar,Emaar Properties PJSC,1
2026-02-03T00:00:00.000,Off-Plan Property,Apartment,Dubai Creek Harbour,Montiva at Green Gate,1 B/R,754.88,2033888,2694.32,Emaar,Emaar Properties PJSC,1
2026-02-03T00:00:00.000,Off-Plan Property,Apartment,Dubai Creek Harbour,Montiva at Green Gate,2 B/R,1237.86,2849730,2302.14,Emaar,Emaar Properties PJSC,1
2026-02-03T00:00:00.000,Off-Plan Property,Apartment,Dubai Creek Harbour,Silva at Green Gate,2 B/R,1402.98,3068888,2187.41,Emaar,Emaar Properties PJSC,1
2026-02-03T00:00:00.000,Off-Plan Property,Apartment,Dubai Marina,Rove Home Dubai Marina,0 B/R,152.1,502143.46,3301.51,Irth L L C,IRTH Development L.L.C,0
2026-02-03T00:00:00.000,Off-Plan Property,Apartment,Dubai Creek Harbour,Silva at Green Gate,2 B/R,1402.98,3175888,2263.67,Emaar,Emaar Properties PJSC,1
2026-02-03T00:00:00.000,Off-Plan Property,Apartment,Dubai Harbour,Sobha Seahaven - Tower C,2 B/R,1682.09,6728320,3999.98,Sobha,Sobha Real Estate L.L.C,1
2026-02-03T00:00:00.000,Off-Plan Property,Apartment,Dubai Harbour,Sobha Seahaven - Tower C,2 B/R,1688.44,6753720,3999.97,Sobha,Sobha Real Estate L.L.C,1
2026-02-03T00:00:00.000,Off-Plan Property,Apartment,Dubai Harbour,Sobha Seahaven - Tower C,2 B/R,1716.21,7036420,4099.97,Sobha,Sobha Real Estate L.L.C,1
2026-02-03T00:00:00.000,Off-Plan Property,Apartment,Dubai Hills Estate,Hillsedge 2,1 B/R,711.39,1913888,2690.34,Emaar,Emaar Properties PJSC,1
2026-02-03T00:00:00.000,Off-Plan Property,Apartment,Dubai Hills Estate,Hillsedge 2,2 B/R,1139.8,2703888,2372.25,Emaar,Emaar Properties PJSC,1
2026-02-03T00:00:00.000,Off-Plan Property,Apartment,Dubai Hills Estate,Hillsedge 2,2 B/R,1139.8,2724888,2390.67,Emaar,Emaar Properties PJSC,1
2026-02-03T00:00:00.000,Off-Plan Property,Apartment,Dubai Hills Estate,Palace Residences Hillside A,2 B/R,1146.8,2568888,2240.06,Emaar,Emaar Properties PJSC,1
2026-02-03T00:00:00.000,Off-Plan Property,Apartment,Dubai Hills Estate,Palace Residences Hillside A,3 B/R,1882.09,4940070,2624.79,Emaar,Emaar Properties PJSC,1
2026-02-03T00:00:00.000,Off-Plan Property,Apartment,Dubai Hills Estate,Palace Residences Hillside A,3 B/R,2110.17,4850888,2298.81,Emaar,Emaar Properties PJSC,1
2026-02-03T00:00:00.000,Off-Plan Property,Apartment,Dubai Hills Estate,Palace Residences Hillside A,2 B/R,1061.65,2942888,2771.99,Emaar,Emaar Properties PJSC,1
2026-02-03T00:00:00.000,Off-Plan Property,Apartment,Dubai Hills Estate,Palace Residences Hillside A,2 B/R,1065.21,2578888,2421.02,Emaar,Emaar Properties PJSC,1
2026-02-03T00:00:00.000,Off-Plan Property,Apartment,Dubai Creek Harbour,Creek Bay Tower A,1 B/R,764.24,2033390,2660.66,Emaar,Emaar Properties PJSC,1
2026-02-03T00:00:00.000,Off-Plan Property,Apartment,Dubai Hills Estate,Palace Residences Hillside A,3 B/R,1882.09,5078888,2698.54,Emaar,Emaar Properties PJSC,1
2026-02-03T00:00:00.000,Off-Plan Property,Apartment,Dubai Creek Harbour,Lyvia by Palace - Green Gate,1 B/R,755.85,2115888,2799.36,Emaar,Emaar Properties PJSC,1
2026-02-03T00:00:00.000,Off-Plan Property,Apartment,Dubai Creek Harbour,Creek Haven Tower A,1 B/R,730.45,1861089,2547.88,Emaar,Emaar Properties PJSC,1
2026-02-03T00:00:00.000,Off-Plan Property,Apartment,Dubai Creek Harbour,Creek Haven Tower A,2 B/R,1196.31,3362888,2811.05,Emaar,Emaar Properties PJSC,1
2026-02-03T00:00:00.000,Off-Plan Property,Apartment,Dubai Creek Harbour,Creek Haven Tower A,1 B/R,739.49,1903888,2574.61,Emaar,Emaar Properties PJSC,1
2026-02-03T00:00:00.000,Off-Plan Property,Apartment,Dubai Creek Harbour,Creek Bay Tower A,3 B/R,1851.3,5924888,3200.39,Emaar,Emaar Properties PJSC,1
2026-02-03T00:00:00.000,Off-Plan Property,Apartment,Dubai Creek Harbour,Creek Haven Tower A,1 B/R,730.45,1904888,2607.85,Emaar,Emaar Properties PJSC,1
2026-02-03T00:00:00.000,Off-Plan Property,Apartment,Dubai Creek Harbour,Creek Haven Tower A,2 B/R,1191.57,3534888,2966.57,Emaar,Emaar Properties PJSC,1
2026-02-03T00:00:00.000,Off-Plan Property,Apartment,Dubai Creek Harbour,Creek Haven Tower A,1 B/R,872.75,1898150,2174.92,Emaar,Emaar Properties PJSC,1
2026-02-03T00:00:00.000,Off-Plan Property,Apartment,Dubai Creek Harbour,Creek Haven Tower A,2 B/R,1190.82,3315888,2784.54,Emaar,Emaar Properties PJSC,1
2026-02-03T00:00:00.000,Off-Plan Property,Apartment,Dubai Creek Harbour,Creek Haven Tower A,2 B/R,1238.4,3668888,2962.61,Emaar,Emaar Properties PJSC,1
2026-02-03T00:00:00.000,Off-Plan Property,Apartment,Dubai Creek Harbour,Creek Haven Tower A,1 B/R,739.49,1936888,2619.23,Emaar,Emaar Properties PJSC,1
2026-02-03T00:00:00.000,Off-Plan Property,Apartment,Dubai Creek Harbour,Creek Haven Tower A,1 B/R,730.45,1919888,2628.38,Emaar,Emaar Properties PJSC,1
2026-02-03T00:00:00.000,Off-Plan Property,Apartment,Dubai Creek Harbour,Creek Haven Tower A,2 B/R,1196.31,3356888,2806.03,Emaar,Emaar Properties PJSC,1
2026-02-03T00:00:00.000,Off-Plan Property,Apartment,Dubai Creek Harbour,Creek Haven Tower A,2 B/R,1191.57,3574888,3000.14,Emaar,Emaar Properties PJSC,1
2026-02-03T00:00:00.000,Off-Plan Property,Apartment,Dubai Creek Harbour,Creek Haven Tower A,1 B/R,739.49,1944888,2630.05,Emaar,Emaar Properties PJSC,1
2026-02-03T00:00:00.000,Off-Plan Property,Apartment,Dubai Creek Harbour,Creek Haven Tower A,2 B/R,1238.4,3709888,2995.71,Emaar,Emaar Properties PJSC,1
2026-02-03T00:00:00.000,Off-Plan Property,Apartment,Dubai Creek Harbour,Creek Haven Tower A,1 B/R,730.45,1930888,2643.44,Emaar,Emaar Properties PJSC,1
2026-02-03T00:00:00.000,Off-Plan Property,Apartment,Dubai Creek Harbour,Creek Haven Tower A,3 B/R,1859.37,5623888,3024.61,Emaar,Emaar Properties PJSC,1
2026-02-03T00:00:00.000,Off-Plan Property,Apartment,Dubai Creek Harbour,Creek Haven Tower A,3 B/R,1859.37,5654888,3041.29,Emaar,Emaar Properties PJSC,1
2026-02-03T00:00:00.000,Off-Plan Property,Apartment,Dubai Creek Harbour,Creek Haven Tower A,2 B/R,1190.93,3626888,3045.43,Emaar,Emaar Properties PJSC,1
2026-02-03T00:00:00.000,Off-Plan Property,Apartment,Dubai Creek Harbour,Creek Haven Tower A,2 B/R,1190.93,3561210,2990.28,Emaar,Emaar Properties PJSC,1
2026-02-03T00:00:00.000,Off-Plan Property,Apartment,Dubai Creek Harbour,Creek Haven Tower A,1 B/R,730.34,1904971,2608.34,Emaar,Emaar Properties PJSC,1
2026-02-03T00:00:00.000,Off-Plan Property,Apartment,Dubai Creek Harbour,Creek Haven Tower A,2 B/R,1195.88,3350510,2801.71,Emaar,Emaar Properties PJSC,1
2026-02-03T00:00:00.000,Off-Plan Property,Apartment,Dubai Creek Harbour,Creek Haven Tower A,2 B/R,1238.4,3606888,2912.54,Emaar,Emaar Properties PJSC,1
2026-02-03T00:00:00.000,Off-Plan Property,Apartment,Dubai Creek Harbour,Creek Haven Tower A,2 B/R,1190.82,3359888,2821.49,Emaar,Emaar Properties PJSC,1
2026-02-03T00:00:00.000,Off-Plan Property,Apartment,Dubai Creek Harbour,Creek Haven Tower A,1 B/R,733.24,1975888,2694.72,Emaar,Emaar Properties PJSC,1
2026-02-03T00:00:00.000,Off-Plan Property,Apartment,Dubai Creek Harbour,Creek Haven Tower A,1 B/R,730.45,1838370,2516.78,Emaar,Emaar Properties PJSC,1
2026-02-02T00:00:00.000,Off-Plan Property,Apartment,Meydan City,Mercedes Benz Places Binghatti City Tower 4 - Maybach 6 Tower A,1 B/R,617.32,2335000,3782.51,Unknown,Unknown,1
2026-02-02T00:00:00.000,Off-Plan Property,Apartment,Meydan City,Mercedes Benz Places Binghatti City Tower 5 - Maybach 6 Tower B,0 B/R,401.82,1379000,3431.88,Unknown,Unknown,1
2026-02-02T00:00:00.000,Off-Plan Property,Apartment,Meydan City,Mercedes Benz Places Binghatti City Tower 5 - Maybach 6 Tower B,0 B/R,341.11,1361000,3989.9,Unknown,Unknown,1
2026-02-02T00:00:00.000,Off-Plan Property,Apartment,Meydan City,Mercedes Benz Places Binghatti City Tower 4 - Maybach 6 Tower A,2 B/R,972.64,3200000,3290.03,Unknown,Unknown,1
2026-02-02T00:00:00.000,Off-Plan Property,Apartment,Meydan City,Mercedes Benz Places Binghatti City Tower 4 - Maybach 6 Tower A,0 B/R,395.68,1376000,3477.52,Unknown,Unknown,1
2026-02-02T00:00:00.000,Off-Plan Property,Apartment,Meydan City,Mercedes Benz Places Binghatti City Tower 4 - Maybach 6 Tower A,0 B/R,375.34,1416000,3772.57,Unknown,Unknown,1
2026-02-02T00:00:00.000,Off-Plan Property,Apartment,Meydan City,Mercedes Benz Places Binghatti City Tower 4 - Maybach 6 Tower A,0 B/R,401.82,1384000,3444.33,Unknown,Unknown,1
2026-02-02T00:00:00.000,Off-Plan Property,Apartment,Meydan City,Mercedes Benz Places Binghatti City Tower 4 - Maybach 6 Tower A,0 B/R,395.68,1382000,3492.68,Unknown,Unknown,1
2026-02-02T00:00:00.000,Off-Plan Property,Apartment,Meydan City,Mercedes Benz Places Binghatti City Tower 4 - Maybach 6 Tower A,0 B/R,375.34,1372000,3655.35,Unknown,Unknown,1
2026-02-02T00:00:00.000,Off-Plan Property,Apartment,Meydan City,Mercedes Benz Places Binghatti City Tower 5 - Maybach 6 Tower B,0 B/R,361.13,1389000,3846.24,Unknown,Unknown,1
2026-02-02T00:00:00.000,Off-Plan Property,Apartment,Meydan City,Mercedes Benz Places Binghatti City Tower 5 - Maybach 6 Tower B,0 B/R,401.82,1386000,3449.3,Unknown,Unknown,1
2026-02-02T00:00:00.000,Off-Plan Property,Apartment,Meydan One,Azizi Riviera 49,1 B/R,771.24,1862030,2414.33,Azizi,Azizi Developments,1
2026-02-02T00:00:00.000,Off-Plan Property,Apartment,Meydan City,Mercedes Benz Places Binghatti City Tower 5 - Maybach 6 Tower B,0 B/R,361.13,1396000,3865.62,Unknown,Unknown,1
2026-02-02T00:00:00.000,Off-Plan Property,Apartment,Meydan City,Mercedes Benz Places Binghatti City Tower 5 - Maybach 6 Tower B,2 B/R,972.64,3291000,3383.59,Unknown,Unknown,1
2026-02-02T00:00:00.000,Off-Plan Property,Apartment,Meydan City,Mercedes Benz Places Binghatti City Tower 5 - Maybach 6 Tower B,0 B/R,386.86,1408000,3639.58,Unknown,Unknown,1
2026-02-02T00:00:00.000,Off-Plan Property,Apartment,Meydan City,Mercedes Benz Places Binghatti City Tower 5 - Maybach 6 Tower B,0 B/R,395.68,1302000,3290.5,Unknown,Unknown,1
2026-02-02T00:00:00.000,Off-Plan Property,Apartment,Meydan City,Mercedes Benz Places Binghatti City Tower 5 - Maybach 6 Tower B,0 B/R,401.82,1424000,3543.87,Unknown,Unknown,1
2026-02-02T00:00:00.000,Off-Plan Property,Apartment,Meydan City,Mercedes Benz Places Binghatti City Tower 5 - Maybach 6 Tower B,0 B/R,341.11,1301000,3814.01,Unknown,Unknown,1
2026-02-02T00:00:00.000,Off-Plan Property,Apartment,Meydan City,Mercedes Benz Places Binghatti City Tower 5 - Maybach 6 Tower B,0 B/R,361.13,1446000,4004.07,Unknown,Unknown,1
2026-02-02T00:00:00.000,Off-Plan Property,Apartment,Meydan City,Mercedes Benz Places Binghatti City Tower 5 - Maybach 6 Tower B,1 B/R,617.32,2533000,4103.25,Unknown,Unknown,1
2026-02-02T00:00:00.000,Off-Plan Property,Apartment,Meydan City,Mercedes Benz Places Binghatti City Tower 5 - Maybach 6 Tower B,0 B/R,361.13,1320000,3655.17,Unknown,Unknown,1
2026-02-02T00:00:00.000,Off-Plan Property,Apartment,Meydan City,Mercedes Benz Places Binghatti City Tower 3 - Maybach Ultimate Luxury Tower B,0 B/R,401.82,1364000,3394.55,Unknown,Unknown,1
2026-02-02T00:00:00.000,Off-Plan Property,Apartment,Meydan One,Azizi Riviera 50,1 B/R,771.24,2002715,2596.74,Azizi,Azizi Developments,1
2026-02-02T00:00:00.000,Off-Plan Property,Apartment,Meydan City,Mercedes Benz Places Binghatti City Tower 4 - Maybach 6 Tower A,2 B/R,972.64,3257000,3348.64,Unknown,Unknown,1
2026-02-02T00:00:00.000,Off-Plan Property,Apartment,Meydan City,Mercedes Benz Places Binghatti City Tower 1 - Project Maybach,0 B/R,385.03,1389000,3607.53,Unknown,Unknown,1
2026-02-02T00:00:00.000,Off-Plan Property,Apartment,Meydan City,Mercedes Benz Places Binghatti City Tower 1 - Project Maybach,0 B/R,379.75,1384000,3644.47,Unknown,Unknown,1
2026-02-02T00:00:00.000,Off-Plan Property,Apartment,Dubai Creek Harbour,Albero,1 B/R,754.45,1933888,2563.31,Emaar,Emaar Properties PJSC,2
2026-02-02T00:00:00.000,Off-Plan Property,Apartment,Dubai Harbour,Address The Bay,2 B/R,1836.88,7540000,4104.79,Emaar,Emaar Properties PJSC,2
2026-02-02T00:00:00.000,Off-Plan Property,Apartment,Dubai Hills Estate,Address Residences Dubai Hills Estate Tower A,2 B/R,1138.4,3125000,2745.08,Emaar,Emaar Properties PJSC,2
2026-02-02T00:00:00.000,Off-Plan Property,Apartment,Dubai Hills Estate,Elvira 2,3 B/R,1501.04,3825000,2548.23,Emaar,Emaar Properties PJSC,2
2026-02-02T00:00:00.000,Off-Plan Property,Apartment,Dubai Hills Estate,Greenside Residence Tower A,1 B/R,743.9,1522888,2047.17,Emaar,Emaar Properties PJSC,3
2026-02-02T00:00:00.000,Off-Plan Property,Apartment,Dubai Hills Estate,Parkside Views,3 B/R,1514.6,3800000,2508.91,Emaar,Emaar Properties PJSC,2
2026-02-02T00:00:00.000,Off-Plan Property,Apartment,Dubai Islands,Beach Residences Dubai Islands B1,3 B/R,2358.39,6600000,2798.52,Nakheel,Nakheel PJSC,2
2026-02-02T00:00:00.000,Off-Plan Property,Apartment,Dubai Islands,Beach Residences Dubai Islands B2,3 B/R,2356.13,6438800,2732.78,Nakheel,Nakheel PJSC,2
2026-02-02T00:00:00.000,Off-Plan Property,Apartment,Dubai Islands,Edgewater Residences 1,2 B/R,1063.48,2250000,2115.69,M G S,M G S Development LLC,0
2026-02-02T00:00:00.000,Off-Plan Property,Apartment,Zaabeel Second,Akala Hotel & Residences,1 B/R,1036.04,3895000,3759.53,Arada,Arada Developments,1
2026-02-02T00:00:00.000,Off-Plan Property,Apartment,Al Mina,Marina Views 3,3 B/R,1884.67,4275000,2268.3,Emaar,Emaar Properties PJSC,3
2026-02-02T00:00:00.000,Off-Plan Property,Apartment,Bluewaters Island,Bluewaters Bay - Building 1,2 B/R,1256.7,5550000,4416.34,Meraas,Meraas Development  L.L.C,3
2026-02-02T00:00:00.000,Off-Plan Property,Apartment,City Walk,Laurel,1 B/R,752.73,2000000,2657.01,Meraas,Meraas Development  L.L.C,2
2026-02-02T00:00:00.000,Off-Plan Property,Apartment,City Walk,Castleton at Central Park,3 B/R,2248.06,7200000,3202.76,Meraas,Meraas Development  L.L.C,2
2026-02-02T00:00:00.000,Off-Plan Property,Apartment,Dubai Science Park (Dubiotech),Binghatti Hillside,0 B/R,360.59,780999,2165.87,Binghatti,Binghatti Holding Limited,1
2026-02-02T00:00:00.000,Off-Plan Property,Apartment,Dubai Maritime City,Kanyon by Beyond - Canyon by Beyond,1 B/R,930.01,2577000,2770.94,Omniyat,Omniyat Properties,1
2026-02-02T00:00:00.000,Off-Plan Property,Apartment,Dubai Maritime City,Kanyon by Beyond - Canyon by Beyond,1 B/R,919.14,2544000,2767.81,Omniyat,Omniyat Properties,1
2026-02-02T00:00:00.000,Off-Plan Property,Apartment,Dubai Maritime City,Kanyon by Beyond - Canyon by Beyond,1 B/R,929.26,2654000,2856.05,Omniyat,Omniyat Properties,1
2026-02-02T00:00:00.000,Off-Plan Property,Apartment,Dubai Maritime City,Kanyon by Beyond - Canyon by Beyond,3 B/R,2373.78,7543000,3177.63,Omniyat,Omniyat Properties,1
2026-02-02T00:00:00.000,Off-Plan Property,Apartment,Dubai Maritime City,SouleverTower 2 - Jumeirah Peninsula,3 B/R,1818.58,7817000,4298.41,Omniyat,Omniyat Properties,1
2026-02-02T00:00:00.000,Off-Plan Property,Apartment,Dubai Science Park (Dubiotech),Empire Livings,0 B/R,425.18,870000,2046.2,Empire,Empire Development,1
2026-02-02T00:00:00.000,Off-Plan Property,Apartment,Jumeirah Garden City,Holm One,1 B/R,732.71,1858950,2537.1,Holm Avenue,Holm Avenue Real Estate Development LLC,1
2026-02-02T00:00:00.000,Off-Plan Property,Apartment,Jumeirah Garden City,Holm One,0 B/R,478.35,998893,2088.2,Holm Avenue,Holm Avenue Real Estate Development LLC,1
2026-02-02T00:00:00.000,Off-Plan Property,Apartment,Jumeirah Garden City,Holm One,0 B/R,435.3,981851,2255.59,Holm Avenue,Holm Avenue Real Estate Development LLC,1
2026-02-02T00:00:00.000,Off-Plan Property,Apartment,Jumeirah Garden City,Holm One,1 B/R,732.71,1510564,2061.63,Holm Avenue,Holm Avenue Real Estate Development LLC,1
2026-02-02T00:00:00.000,Off-Plan Property,Apartment,Jumeirah Garden City,Holm One,0 B/R,494.07,1108305,2243.23,Holm Avenue,Holm Avenue Real Estate Development LLC,1
2026-02-02T00:00:00.000,Off-Plan Property,Apartment,Jumeirah Garden City,Holm One,0 B/R,469.74,1008675,2147.3,Holm Avenue,Holm Avenue Real Estate Development LLC,1
2026-02-02T00:00:00.000,Off-Plan Property,Apartment,Jumeirah Garden City,Holm One,0 B/R,465,1001396,2153.52,Holm Avenue,Holm Avenue Real Estate Development LLC,1
2026-02-02T00:00:00.000,Off-Plan Property,Apartment,Jumeirah Garden City,Holm One,0 B/R,451.66,1054621,2335,Holm Avenue,Holm Avenue Real Estate Development LLC,1
2026-02-02T00:00:00.000,Off-Plan Property,Apartment,Jumeirah Garden City,Holm One,1 B/R,771.78,1628709,2110.33,Holm Avenue,Holm Avenue Real Estate Development LLC,1
2026-02-02T00:00:00.000,Off-Plan Property,Apartment,Jumeirah Garden City,Holm One,1 B/R,799.01,1739592,2177.18,Holm Avenue,Holm Avenue Real Estate Development LLC,1
2026-02-02T00:00:00.000,Off-Plan Property,Apartment,Jumeirah Islands,Eltiera Heights,1 B/R,835.72,2010828,2406.11,Ellington,Ellington Properties Development L.L.C,1
2026-02-02T00:00:00.000,Off-Plan Property,Apartment,Horizon,Wynwood Horizon,1 B/R,1109.88,2530270,2279.78,Imtiaz,Imtiaz Real Estate Investment And Development L.L.C,1
2026-02-02T00:00:00.000,Off-Plan Property,Apartment,Expo City,Terra Gardens Building 1,2 B/R,1118.92,2401888,2146.62,Emaar,Emaar Properties PJSC,1
2026-02-02T00:00:00.000,Off-Plan Property,Apartment,Expo City,Terra Gardens Building 2,2 B/R,1119.46,2406888,2150.05,Emaar,Emaar Properties PJSC,1
2026-02-02T00:00:00.000,Off-Plan Property,Apartment,Horizon,Wynwood Horizon,1 B/R,936.9,2022316.14,2158.52,Imtiaz,Imtiaz Real Estate Investment And Development L.L.C,1
2026-02-02T00:00:00.000,Off-Plan Property,Apartment,Expo City,Terra Gardens Building 2,2 B/R,1126.34,2307888,2049.01,Emaar,Emaar Properties PJSC,1
2026-02-02T00:00:00.000,Off-Plan Property,Apartment,Expo City,Terra Gardens Building 2,2 B/R,1114.61,2395888,2149.53,Emaar,Emaar Properties PJSC,1
2026-02-02T00:00:00.000,Off-Plan Property,Apartment,Ghaf Woods,Distrikt Building 1,2 B/R,1463.58,3021000,2064.12,Majid Al Futtaim,Majid Al Futtaim Properties,1
2026-02-02T00:00:00.000,Off-Plan Property,Apartment,Ghaf Woods,Maravelle 1 at Capria West Ghaf Woods,2 B/R,2294.78,5427000,2364.94,Majid Al Futtaim,Majid Al Futtaim (MAF Group),1
2026-02-02T00:00:00.000,Off-Plan Property,Apartment,Horizon,Belmore Residences,2 B/R,1187.38,2795828,2354.63,Ellington,Ellington Properties Development L.L.C,1
2026-02-02T00:00:00.000,Off-Plan Property,Apartment,Horizon,Wynwood Horizon,1 B/R,751.54,1997853,2658.34,Imtiaz,Imtiaz Real Estate Investment And Development L.L.C,1
2026-02-02T00:00:00.000,Off-Plan Property,Apartment,Horizon,Wynwood Horizon,1 B/R,925.38,2097689.99,2266.84,Imtiaz,Imtiaz Real Estate Investment And Development L.L.C,1
2026-02-02T00:00:00.000,Off-Plan Property,Apartment,Horizon,Wynwood Horizon,1 B/R,935.39,2207882,2360.38,Imtiaz,Imtiaz Real Estate Investment And Development L.L.C,1
2026-02-02T00:00:00.000,Off-Plan Property,Apartment,Horizon,Wynwood Horizon,1 B/R,904.82,2223821,2457.74,Imtiaz,Imtiaz Real Estate Investment And Development L.L.C,1
2026-02-02T00:00:00.000,Off-Plan Property,Apartment,Horizon,Wynwood Horizon,1 B/R,943.36,2311172,2449.94,Imtiaz,Imtiaz Real Estate Investment And Development L.L.C,1
2026-02-02T00:00:00.000,Off-Plan Property,Apartment,Meydan One,Azizi Riviera Reve Tower 3,0 B/R,443.05,1328335,2998.19,Azizi,Azizi Developments,2
2026-02-02T00:00:00.000,Off-Plan Property,Apartment,Dubai Maritime City,Franck Muller Yachting by London Gate,2 B/R,1462.5,3049000,2084.78,London Gate L L C,London Gate Real Estate Development L.L.C,1
2026-02-02T00:00:00.000,Off-Plan Property,Apartment,Sobha Hartland 2,330 Riverside Crescent,1 B/R,373.3,800000,2143.07,Sobha,Sobha Real Estate L.L.C,0
2026-02-02T00:00:00.000,Off-Plan Property,Apartment,Horizon,Wynwood Horizon,1 B/R,751.76,2102079,2796.22,Imtiaz,Imtiaz Real Estate Investment And Development L.L.C,1
2026-02-02T00:00:00.000,Off-Plan Property,Apartment,Dubai Maritime City,Franck Muller Yachting by London Gate,1 B/R,968.76,2235000,2307.07,London Gate L L C,London Gate Real Estate Development L.L.C,1
2026-02-02T00:00:00.000,Off-Plan Property,Apartment,Al Jadaf,Binghatti Cullinan,0 B/R,379.86,834999,2198.17,Binghatti,Binghatti Holding Limited,1
2026-02-02T00:00:00.000,Off-Plan Property,Apartment,Al Jadaf,Binghatti Cullinan,0 B/R,379.75,836999,2204.06,Binghatti,Binghatti Holding Limited,1
2026-02-02T00:00:00.000,Off-Plan Property,Apartment,Al Jadaf,Binghatti Cullinan,0 B/R,379.75,866999,2283.05,Binghatti,Binghatti Holding Limited,1
2026-02-02T00:00:00.000,Off-Plan Property,Apartment,Al Jadaf,Binghatti Cullinan,1 B/R,699.23,1571999,2248.19,Binghatti,Binghatti Holding Limited,1
2026-02-02T00:00:00.000,Off-Plan Property,Apartment,Al Jadaf,Binghatti Cullinan,1 B/R,699.23,1574999,2252.48,Binghatti,Binghatti Holding Limited,1
2026-02-02T00:00:00.000,Off-Plan Property,Apartment,Dubai Maritime City,Franck Muller Yachting by London Gate,0 B/R,409.25,1379000,3369.6,London Gate L L C,London Gate Real Estate Development L.L.C,1
2026-02-02T00:00:00.000,Off-Plan Property,Apartment,Dubai Hills Estate,Park Residence,2 B/R,813.33,1874698.84,2304.97,Emaar,Emaar Properties PJSC,0
2026-02-02T00:00:00.000,Off-Plan Property,Apartment,Dubai Maritime City,Harbour Lights,3 B/R,1700.6,4380005.59,2575.56,Damac,Damac Properties,0
2026-02-02T00:00:00.000,Off-Plan Property,Apartment,Meydan One,Azizi Riviera Reve Tower 3,1 B/R,824.52,2349853,2849.96,Azizi,Azizi Developments,0
2026-02-02T00:00:00.000,Off-Plan Property,Apartment,Sobha Hartland 2,360 Riverside Crescent,2 B/R,924.84,2400007.84,2595.04,Sobha,Sobha Real Estate L.L.C,0
2026-02-02T00:00:00.000,Off-Plan Property,Apartment,Al Jadaf,Binghatti Cullinan,0 B/R,379.75,837999,2206.69,Binghatti,Binghatti Holding Limited,1
2026-02-02T00:00:00.000,Off-Plan Property,Apartment,Al Jadaf,Binghatti Cullinan,0 B/R,381.26,826999,2169.12,Binghatti,Binghatti Holding Limited,1
2026-02-02T00:00:00.000,Off-Plan Property,Apartment,Dubai Harbour,Sobha Seahaven - Tower B,2 B/R,1663.04,6984684,4199.95,Sobha,Sobha Real Estate L.L.C,0
2026-02-02T00:00:00.000,Off-Plan Property,Apartment,Dubai Creek Harbour,Altan,2 B/R,1453.36,3342888,2300.12,Emaar,Emaar Properties PJSC,1
2026-02-02T00:00:00.000,Off-Plan Property,Apartment,Dubai Creek Harbour,Creek Bay Tower A,2 B/R,1248.41,4297888,3442.69,Emaar,Emaar Properties PJSC,1
2026-02-02T00:00:00.000,Off-Plan Property,Apartment,Dubai Creek Harbour,Creek Bay Tower A,3 B/R,1855.07,6144888,3312.49,Emaar,Emaar Properties PJSC,1
2026-02-02T00:00:00.000,Off-Plan Property,Apartment,Dubai Creek Harbour,Creek Haven Tower A,2 B/R,1238.4,3640888,2940,Emaar,Emaar Properties PJSC,1
2026-02-02T00:00:00.000,Off-Plan Property,Apartment,Dubai Creek Harbour,Creek Haven Tower A,2 B/R,1238.4,3574930,2886.74,Emaar,Emaar Properties PJSC,1
2026-02-02T00:00:00.000,Off-Plan Property,Apartment,Dubai Creek Harbour,Creek Haven Tower A,2 B/R,1191.57,3412250,2863.65,Emaar,Emaar Properties PJSC,1
2026-02-02T00:00:00.000,Off-Plan Property,Apartment,Dubai Creek Harbour,Montiva at Green Gate,3 B/R,1834.83,4040888,2202.32,Emaar,Emaar Properties PJSC,1
2026-02-02T00:00:00.000,Off-Plan Property,Apartment,Dubai Creek Harbour,Silva at Green Gate,2 B/R,1402.98,3141888,2239.44,Emaar,Emaar Properties PJSC,1
2026-02-02T00:00:00.000,Off-Plan Property,Apartment,Dubai Harbour,W Residences by Arada - Tower 2,1 B/R,1059.07,3988000,3765.57,Arada,Arada Developments,1
2026-02-02T00:00:00.000,Off-Plan Property,Apartment,Dubai Harbour,W Residences by Arada - Tower 3,1 B/R,1068.22,5090000,4764.94,Arada,Arada Developments,1
2026-02-02T00:00:00.000,Off-Plan Property,Apartment,Dubai Harbour,W Residences by Arada - Tower 3,2 B/R,1588.55,7675000,4831.45,Arada,Arada Developments,1
2026-02-02T00:00:00.000,Off-Plan Property,Apartment,Dubai Harbour,W Residences by Arada - Tower 3,2 B/R,1588.55,7700000,4847.18,Arada,Arada Developments,1
2026-02-02T00:00:00.000,Off-Plan Property,Apartment,Dubai Islands,Hado by Beyond Tower C,1 B/R,835.93,2476000,2961.96,Beyond Developments,Beyond Developments,1
2026-02-02T00:00:00.000,Off-Plan Property,Apartment,Dubai Islands,Hado by Beyond Tower C,1 B/R,831.73,2595000,3119.99,Beyond Developments,Beyond Developments,1
2026-02-02T00:00:00.000,Off-Plan Property,Apartment,Dubai Islands,Hado by Beyond Tower C,1 B/R,866.72,2682000,3094.43,Beyond Developments,Beyond Developments,1
2026-02-02T00:00:00.000,Off-Plan Property,Apartment,Dubai Islands,Hado by Beyond Tower C,1 B/R,831.73,2595000,3119.99,Beyond Developments,Beyond Developments,1
2026-02-02T00:00:00.000,Off-Plan Property,Apartment,Dubai Islands,Hado by Beyond Tower C,1 B/R,770.06,2459000,3193.27,Beyond Developments,Beyond Developments,1
2026-02-02T00:00:00.000,Off-Plan Property,Apartment,Dubai Islands,Octa Isle Interiors by Missoni,2 B/R,1025.59,2772888,2703.69,Octa DI,Octa DI Development Co. LLC,1
2026-02-02T00:00:00.000,Off-Plan Property,Apartment,Dubai Islands,Royal Yacht Club Residences Tower B,2 B/R,1196.85,3701529,3092.73,Azimuth Developments,Azimuth Developments LLc,1
2026-02-02T00:00:00.000,Off-Plan Property,Apartment,Dubai Islands,Sunset Bay Grand,2 B/R,1660.78,3556294,2141.34,Imtiaz,Imtiaz Real Estate Investment And Development L.L.C,1
2026-02-02T00:00:00.000,Off-Plan Property,Apartment,Dubai Islands,Hado by Beyond Tower C,2 B/R,1168,4018000,3440.06,Beyond Developments,Beyond Developments,1
2026-02-02T00:00:00.000,Off-Plan Property,Apartment,Dubai Islands,Villa del Arte,1 B/R,656.71,1950000,2969.34,MR Eight,Mr. Eight Development,1
2026-02-02T00:00:00.000,Off-Plan Property,Apartment,Dubai Islands,Villa del Arte,1 B/R,930.55,2234000,2400.74,MR Eight,Mr. Eight Development,1
2026-02-02T00:00:00.000,Off-Plan Property,Apartment,Dubai Islands,Wellington Ocean Walk,1 B/R,905.47,2123720,2345.44,Ellington,Wellington Elite Real Estate Development LLC,1
2026-02-02T00:00:00.000,Off-Plan Property,Apartment,Dubai Maritime City,Breez by Danube,2 B/R,1105.79,4227260,3822.86,Danube,Danube Properties,1
2026-02-02T00:00:00.000,Off-Plan Property,Apartment,Dubai Maritime City,Breez by Danube,0 B/R,394.82,1260000,3191.3,Danube,Danube Properties,1
2026-02-02T00:00:00.000,Off-Plan Property,Apartment,Dubai Maritime City,Breez by Danube,0 B/R,466.4,1700160,3645.25,Danube,Danube Properties,1
2026-02-02T00:00:00.000,Off-Plan Property,Apartment,Dubai Maritime City,Chelsea 2 Tower C,1 B/R,776.3,2741000,3530.85,Damac,Damac Properties,1
2026-02-02T00:00:00.000,Off-Plan Property,Apartment,Dubai Maritime City,Franck Muller Yachting by London Gate,0 B/R,474.91,1373000,2891.09,London Gate L L C,London Gate Real Estate Development L.L.C,1
2026-02-02T00:00:00.000,Off-Plan Property,Apartment,Dubai Maritime City,Franck Muller Yachting by London Gate,1 B/R,968.76,2200000,2270.94,London Gate L L C,London Gate Real Estate Development L.L.C,1
2026-02-02T00:00:00.000,Off-Plan Property,Apartment,Dubai Islands,Hado by Beyond Tower C,1 B/R,830.77,2587000,3114,Beyond Developments,Beyond Developments,1
2026-02-02T00:00:00.000,Off-Plan Property,Apartment,Dubai Islands,Hado by Beyond Tower C,2 B/R,1266.38,4254000,3359.17,Beyond Developments,Beyond Developments,1
2026-02-02T00:00:00.000,Off-Plan Property,Apartment,Dubai Islands,Ellington Sands 2A -Ellington Cove 2A,2 B/R,1175,3288828,2799.01,Ellington,Ellington Properties Development L.L.C,1
2026-02-02T00:00:00.000,Off-Plan Property,Apartment,Dubai Islands,Ayamore Residence,2 B/R,1331.29,2850000,2140.78,Ayat,Ayat Real Estate Development LLC,1
2026-02-02T00:00:00.000,Off-Plan Property,Apartment,Dubai Islands,Casagrand Hermina,1 B/R,953.37,2246750,2356.65,Casagrand,Casagrand Developers LLC,1
2026-02-02T00:00:00.000,Off-Plan Property,Apartment,Dubai Islands,Edgewater Residences 2,2 B/R,1310.09,3032413,2314.67,M G S,M G S Development LLC,1
2026-02-02T00:00:00.000,Off-Plan Property,Apartment,Dubai Islands,Edgewater Residences 3 - Building A,1 B/R,730.23,2478927,3394.72,M G S,M G S Development LLC,1
2026-02-02T00:00:00.000,Off-Plan Property,Apartment,Dubai Islands,Ellington Sands 1B -Ellington Cove 1B,3 B/R,1729.99,4842828,2799.34,Ellington,Ellington Properties Development L.L.C,1
2026-02-02T00:00:00.000,Off-Plan Property,Apartment,Dubai Islands,Ellington Sands 2A -Ellington Cove 2A,2 B/R,1172.74,3463828,2953.63,Ellington,Ellington Properties Development L.L.C,1
2026-02-02T00:00:00.000,Off-Plan Property,Apartment,Dubai Islands,Hado by Beyond Tower A,3 B/R,2043.11,7095000,3472.64,Beyond Developments,Beyond Developments,1
2026-02-02T00:00:00.000,Off-Plan Property,Apartment,Dubai Islands,Hado by Beyond Tower C,1 B/R,870.27,2779000,3193.26,Beyond Developments,Beyond Developments,1
2026-02-02T00:00:00.000,Off-Plan Property,Apartment,Dubai Islands,Hado by Beyond Tower A,1 B/R,831.73,2540000,3053.86,Beyond Developments,Beyond Developments,1
2026-02-02T00:00:00.000,Off-Plan Property,Apartment,Dubai Islands,Hado by Beyond Tower A,1 B/R,831.73,2540000,3053.86,Beyond Developments,Beyond Developments,1
2026-02-02T00:00:00.000,Off-Plan Property,Apartment,Dubai Islands,Hado by Beyond Tower A,1 B/R,831.73,2544000,3058.67,Beyond Developments,Beyond Developments,1
2026-02-02T00:00:00.000,Off-Plan Property,Apartment,Dubai Islands,Hado by Beyond Tower A,1 B/R,795.78,2434000,3058.62,Beyond Developments,Beyond Developments,1
2026-02-02T00:00:00.000,Off-Plan Property,Apartment,Dubai Islands,Hado by Beyond Tower A,1 B/R,831.73,2544000,3058.67,Beyond Developments,Beyond Developments,1
2026-02-02T00:00:00.000,Off-Plan Property,Apartment,Dubai Islands,Hado by Beyond Tower A,2 B/R,1271.87,3976000,3126.1,Beyond Developments,Beyond Developments,1
2026-02-02T00:00:00.000,Off-Plan Property,Apartment,Dubai Islands,Hado by Beyond Tower A,2 B/R,1203.63,3948000,3280.08,Beyond Developments,Beyond Developments,1
2026-02-02T00:00:00.000,Off-Plan Property,Apartment,Dubai Islands,Hado by Beyond Tower B,1 B/R,1151.21,3524000,3061.13,Beyond Developments,Beyond Developments,1
2026-02-02T00:00:00.000,Off-Plan Property,Apartment,Dubai Islands,Hado by Beyond Tower B,3 B/R,1706.31,7302000,4279.41,Beyond Developments,Beyond Developments,1
2026-02-02T00:00:00.000,Off-Plan Property,Apartment,Dubai Islands,Hado by Beyond Tower B,1 B/R,832.38,2783000,3343.42,Beyond Developments,Beyond Developments,1
2026-02-02T00:00:00.000,Off-Plan Property,Apartment,Dubai Islands,Hado by Beyond Tower B,1 B/R,771.24,2693000,3491.78,Beyond Developments,Beyond Developments,1
2026-02-02T00:00:00.000,Off-Plan Property,Apartment,Dubai Creek Harbour,Creek Haven Tower A,2 B/R,1237.75,3696450,2986.42,Emaar,Emaar Properties PJSC,1
2026-02-02T00:00:00.000,Off-Plan Property,Apartment,Business Bay,Avarra - Business Bay Palace Residences,1 B/R,824.85,2916888,3536.28,Emaar,Emaar Properties PJSC,1
2026-02-02T00:00:00.000,Off-Plan Property,Apartment,Business Bay,Avarra - Business Bay Palace Residences,2 B/R,1209.01,4584888,3792.26,Emaar,Emaar Properties PJSC,1
2026-02-02T00:00:00.000,Off-Plan Property,Apartment,Business Bay,Avarra - Business Bay Palace Residences,3 B/R,1861.85,6584888,3536.75,Emaar,Emaar Properties PJSC,1
2026-02-02T00:00:00.000,Off-Plan Property,Apartment,Business Bay,Binghatti Aquarise Tower A,0 B/R,512.26,1411999,2756.42,Binghatti,Binghatti Holding Limited,1
2026-02-02T00:00:00.000,Off-Plan Property,Apartment,Business Bay,Binghatti Aquarise Tower B,1 B/R,875.87,2246999,2565.46,Binghatti,Binghatti Holding Limited,1
2026-02-02T00:00:00.000,Off-Plan Property,Apartment,Business Bay,Binghatti Aquarise Tower D,1 B/R,801.06,2344999,2927.38,Binghatti,Binghatti Holding Limited,1
2026-02-02T00:00:00.000,Off-Plan Property,Apartment,Business Bay,Binghatti Skyhall,0 B/R,423.89,1362000,3213.13,Binghatti,Binghatti Holding Limited,1
2026-02-02T00:00:00.000,Off-Plan Property,Apartment,Business Bay,Canal Crown 1,2 B/R,1461.11,4259000,2914.92,Damac,Damac Properties,1
2026-02-02T00:00:00.000,Off-Plan Property,Apartment,Business Bay,Canal Heights 1,2 B/R,1381.02,3856050,2792.17,Damac,Damac Properties,1
2026-02-02T00:00:00.000,Off-Plan Property,Apartment,Business Bay,One by Binghatti,1 B/R,1020.32,3474999,3405.79,Binghatti,Binghatti Holding Limited,1
2026-02-02T00:00:00.000,Off-Plan Property,Apartment,Business Park Motor City,Sierra by Iman,0 B/R,416.35,882075,2118.58,Iman L L C,Iman Developers L.L.C,1
2026-02-02T00:00:00.000,Off-Plan Property,Apartment,Business Park Motor City,Sierra by Iman,0 B/R,416.35,870167,2089.98,Iman L L C,Iman Developers L.L.C,1
2026-02-02T00:00:00.000,Off-Plan Property,Apartment,Business Park Motor City,Sierra by Iman,0 B/R,416.35,895148,2149.98,Iman L L C,Iman Developers L.L.C,1
2026-02-02T00:00:00.000,Off-Plan Property,Apartment,Business Bay,Avarra - Business Bay Palace Residences,1 B/R,824.74,2835888,3438.53,Emaar,Emaar Properties PJSC,1
2026-02-02T00:00:00.000,Off-Plan Property,Apartment,Al Jadaf,Binghatti Cullinan,0 B/R,371.79,892999,2401.9,Binghatti,Binghatti Holding Limited,1
2026-02-02T00:00:00.000,Off-Plan Property,Apartment,Al Jadaf,Binghatti Ivory,2 B/R,1259.6,2729999,2167.35,Binghatti,Binghatti Holding Limited,1
2026-02-02T00:00:00.000,Off-Plan Property,Apartment,Al Kifaf,Avenue Park 1,2 B/R,1132.59,2489777,2198.31,AL Wasl,Al Wasl Properties PJSC,1
2026-02-02T00:00:00.000,Off-Plan Property,Apartment,Al Kifaf,Avenue Park 1,3 B/R,1747,4198777,2403.43,AL Wasl,Al Wasl Properties PJSC,1
2026-02-02T00:00:00.000,Off-Plan Property,Apartment,Arjan,Binghatti Hillcrest,0 B/R,368.13,843999,2292.67,Binghatti,Binghatti Holding Limited,1
2026-02-01T00:00:00.000,Off-Plan Property,Apartment,Jumeirah Garden City,Holm One,1 B/R,846.48,1841823,2175.86,Holm Avenue,Holm Avenue Real Estate Development LLC,1
2026-02-01T00:00:00.000,Off-Plan Property,Apartment,Jumeirah Garden City,Holm One,0 B/R,430.24,1005749,2337.66,Holm Avenue,Holm Avenue Real Estate Development LLC,1
2026-02-01T00:00:00.000,Off-Plan Property,Apartment,Jumeirah Garden City,Holm One,0 B/R,500.63,1210369,2417.67,Holm Avenue,Holm Avenue Real Estate Development LLC,1
2026-02-01T00:00:00.000,Off-Plan Property,Apartment,Jumeirah Garden City,Holm One,0 B/R,451.55,1089600,2413.02,Holm Avenue,Holm Avenue Real Estate Development LLC,1
2026-02-01T00:00:00.000,Off-Plan Property,Apartment,Sobha Hartland,Sobha Creek Vista Heights - Tower A,1 B/R,611.5,1315337,2150.99,Sobha,Sobha Real Estate L.L.C,2
2026-02-01T00:00:00.000,Off-Plan Property,Apartment,Jumeirah Garden City,Holm One,0 B/R,435.73,1015727,2331.11,Holm Avenue,Holm Avenue Real Estate Development LLC,1
2026-02-01T00:00:00.000,Off-Plan Property,Apartment,Jumeirah Garden City,Holm One,1 B/R,816.13,1728364,2117.76,Holm Avenue,Holm Avenue Real Estate Development LLC,1
2026-02-01T00:00:00.000,Off-Plan Property,Apartment,Jumeirah Garden City,Holm One,0 B/R,444.02,993130,2236.7,Holm Avenue,Holm Avenue Real Estate Development LLC,1
2026-02-01T00:00:00.000,Off-Plan Property,Apartment,Al Wasl,Eden House The Park B,1 B/R,676.63,2922051.99,4318.57,H&H,H&H Investment and Development,1
2026-02-01T00:00:00.000,Off-Plan Property,Apartment,City Walk,Erin,1 B/R,821.08,2300005.92,2801.2,Meraas,Meraas Development  L.L.C,0
2026-01-31T00:00:00.000,Off-Plan Property,Apartment,Jumeirah Garden City,Elmora Residence,1 B/R,501.93,1413589,2816.33,Unknown,Unknown,1
2026-01-31T00:00:00.000,Off-Plan Property,Apartment,Dubai Design District,Design Quarter - Tower A,1 B/R,843.36,2145000,2543.4,Meraas,Meraas Development  L.L.C,2
2026-01-31T00:00:00.000,Off-Plan Property,Apartment,Jumeirah Garden City,Holm One,0 B/R,418.07,919190,2198.63,Holm Avenue,Holm Avenue Real Estate Development LLC,1
2026-01-31T00:00:00.000,Off-Plan Property,Apartment,Jumeirah Garden City,Holm One,0 B/R,478.35,1046873,2188.5,Holm Avenue,Holm Avenue Real Estate Development LLC,1
2026-01-31T00:00:00.000,Off-Plan Property,Apartment,Jumeirah Garden City,Elmora Residence,1 B/R,393.32,1206003,3066.24,Unknown,Unknown,1
2026-01-31T00:00:00.000,Off-Plan Property,Apartment,Jumeirah Garden City,Elmora Residence,1 B/R,477.92,1298921,2717.85,Unknown,Unknown,1
2026-01-31T00:00:00.000,Off-Plan Property,Apartment,Horizon,Claydon House,1 B/R,840.78,1730000,2057.62,Ellington,Ellington Properties Development L.L.C,2
2026-01-31T00:00:00.000,Off-Plan Property,Apartment,Jumeirah Garden City,Elmora Residence,1 B/R,393.32,1187213,3018.47,Unknown,Unknown,1
2026-01-31T00:00:00.000,Off-Plan Property,Apartment,Ghaf Woods,Maravelle 2 at Capria East Ghaf Woods,2 B/R,2398.76,5849000,2438.35,Majid Al Futtaim,Majid Al Futtaim (MAF Group),1
2026-01-31T00:00:00.000,Off-Plan Property,Apartment,Jumeirah Garden City,Elmora Residence,0 B/R,224.21,732622,3267.51,Unknown,Unknown,1
2026-01-31T00:00:00.000,Off-Plan Property,Apartment,Dubai Maritime City,Breez by Danube,1 B/R,667.37,2160180,3236.86,Danube,Danube Properties,1
2026-01-31T00:00:00.000,Off-Plan Property,Apartment,Dubai Islands,Villa del Arte,2 B/R,1104.71,2990000,2706.59,MR Eight,Mr. Eight Development,1
2026-01-31T00:00:00.000,Off-Plan Property,Apartment,Dubai Islands,Samana Ocean Bay Building 1,1 B/R,853.15,2015459.56,2362.36,Samana,Samana Developers,1
2026-01-31T00:00:00.000,Off-Plan Property,Apartment,Jumeirah Garden City,Elmora Residence,1 B/R,477.92,1317822,2757.4,Unknown,Unknown,1
2026-01-31T00:00:00.000,Off-Plan Property,Apartment,Dubai Maritime City,Breez by Danube,0 B/R,395.36,1372000,3470.24,Danube,Danube Properties,1
2026-01-31T00:00:00.000,Off-Plan Property,Apartment,Jumeirah Garden City,Elmora Residence,1 B/R,477.92,1303505,2727.45,Unknown,Unknown,1
2026-01-31T00:00:00.000,Off-Plan Property,Apartment,Ghaf Woods,Maravelle 2 at Capria East Ghaf Woods,2 B/R,2406.4,5888000,2446.81,Majid Al Futtaim,Majid Al Futtaim (MAF Group),1
2026-01-31T00:00:00.000,Off-Plan Property,Apartment,Ghaf Woods,Distrikt Building 2,2 B/R,1481.02,3102000,2094.5,Majid Al Futtaim,Majid Al Futtaim Properties,1
2026-01-31T00:00:00.000,Off-Plan Property,Apartment,Ghaf Woods,Capria East 3,2 B/R,1307.07,2711000,2074.1,Majid Al Futtaim,Majid Al Futtaim Properties,1
2026-01-31T00:00:00.000,Off-Plan Property,Apartment,Jumeirah Garden City,Elmora Residence,1 B/R,501.93,1383088,2755.57,Unknown,Unknown,1
2026-01-31T00:00:00.000,Off-Plan Property,Apartment,Jumeirah Garden City,Elmora Residence,1 B/R,393.32,1150204,2924.37,Unknown,Unknown,1
2026-01-31T00:00:00.000,Off-Plan Property,Apartment,Dubai Sports City,Aspirz Tower,0 B/R,376.42,870000,2311.27,Danube,Danube Properties,1
2026-01-30T00:00:00.000,Off-Plan Property,Apartment,Meydan City,Mercedes Benz Places Binghatti City Tower 4 - Maybach 6 Tower A,0 B/R,395.68,1345000,3399.17,Unknown,Unknown,1
2026-01-30T00:00:00.000,Off-Plan Property,Apartment,Meydan City,Mercedes Benz Places Binghatti City Tower 5 - Maybach 6 Tower B,0 B/R,401.82,1379000,3431.88,Unknown,Unknown,1
2026-01-30T00:00:00.000,Off-Plan Property,Apartment,Meydan City,Mercedes Benz Places Binghatti City Tower 5 - Maybach 6 Tower B,1 B/R,617.32,2368000,3835.96,Unknown,Unknown,1
2026-01-30T00:00:00.000,Off-Plan Property,Apartment,Meydan City,Mercedes Benz Places Binghatti City Tower 5 - Maybach 6 Tower B,0 B/R,401.82,1354000,3369.67,Unknown,Unknown,1
2026-01-30T00:00:00.000,Off-Plan Property,Apartment,Meydan City,Mercedes Benz Places Binghatti City Tower 4 - Maybach 6 Tower A,0 B/R,375.34,1334000,3554.1,Unknown,Unknown,1
2026-01-30T00:00:00.000,Off-Plan Property,Apartment,Meydan City,Mercedes Benz Places Binghatti City Tower 4 - Maybach 6 Tower A,0 B/R,386.86,1344000,3474.14,Unknown,Unknown,1
2026-01-30T00:00:00.000,Off-Plan Property,Apartment,Meydan City,Mercedes Benz Places Binghatti City Tower 4 - Maybach 6 Tower A,0 B/R,375.34,1334000,3554.1,Unknown,Unknown,1
2026-01-30T00:00:00.000,Off-Plan Property,Apartment,Meydan City,Mercedes Benz Places Binghatti City Tower 4 - Maybach 6 Tower A,0 B/R,386.86,1338000,3458.63,Unknown,Unknown,1
2026-01-30T00:00:00.000,Off-Plan Property,Apartment,Meydan City,Mercedes Benz Places Binghatti City Tower 4 - Maybach 6 Tower A,1 B/R,617.32,2335000,3782.51,Unknown,Unknown,1
2026-01-30T00:00:00.000,Off-Plan Property,Apartment,Meydan City,Mercedes Benz Places Binghatti City Tower 4 - Maybach 6 Tower A,0 B/R,401.82,1334000,3319.89,Unknown,Unknown,1
2026-01-30T00:00:00.000,Off-Plan Property,Apartment,Meydan City,Mercedes Benz Places Binghatti City Tower 4 - Maybach 6 Tower A,0 B/R,341.11,1397000,4095.44,Unknown,Unknown,1
2026-01-30T00:00:00.000,Off-Plan Property,Apartment,Meydan City,Mercedes Benz Places Binghatti City Tower 5 - Maybach 6 Tower B,0 B/R,361.13,1383000,3829.62,Unknown,Unknown,1
2026-01-30T00:00:00.000,Off-Plan Property,Apartment,Meydan City,Mercedes Benz Places Binghatti City Tower 5 - Maybach 6 Tower B,0 B/R,375.34,1424000,3793.89,Unknown,Unknown,1
2026-01-30T00:00:00.000,Off-Plan Property,Apartment,Meydan City,Mercedes Benz Places Binghatti City Tower 5 - Maybach 6 Tower B,1 B/R,617.32,2390000,3871.6,Unknown,Unknown,1
2026-01-30T00:00:00.000,Off-Plan Property,Apartment,Meydan City,Mercedes Benz Places Binghatti City Tower 5 - Maybach 6 Tower B,0 B/R,386.86,1383000,3574.95,Unknown,Unknown,1
2026-01-30T00:00:00.000,Off-Plan Property,Apartment,Meydan City,Mercedes Benz Places Binghatti City Tower 5 - Maybach 6 Tower B,0 B/R,341.11,1311000,3843.32,Unknown,Unknown,1
2026-01-30T00:00:00.000,Off-Plan Property,Apartment,Meydan City,Mercedes Benz Places Binghatti City Tower 5 - Maybach 6 Tower B,0 B/R,386.86,1314000,3396.59,Unknown,Unknown,1
2026-01-30T00:00:00.000,Off-Plan Property,Apartment,Meydan City,Mercedes Benz Places Binghatti City Tower 5 - Maybach 6 Tower B,0 B/R,361.13,1345000,3724.4,Unknown,Unknown,1
2026-01-30T00:00:00.000,Off-Plan Property,Apartment,Meydan City,Mercedes Benz Places Binghatti City Tower 4 - Maybach 6 Tower A,0 B/R,375.34,1397000,3721.95,Unknown,Unknown,1
2026-01-30T00:00:00.000,Off-Plan Property,Apartment,Motor City,Mirdad One,0 B/R,377.39,792504,2099.98,Union,Union Properties,1
2026-01-30T00:00:00.000,Off-Plan Property,Apartment,Meydan City,Mercedes Benz Places Binghatti City Tower 4 - Maybach 6 Tower A,1 B/R,617.32,2456000,3978.52,Unknown,Unknown,1
2026-01-30T00:00:00.000,Off-Plan Property,Apartment,Meydan City,Mercedes Benz Places Binghatti City Tower 4 - Maybach 6 Tower A,0 B/R,386.86,1388000,3587.88,Unknown,Unknown,1
2026-01-30T00:00:00.000,Off-Plan Property,Apartment,Majan,Samana Barari Views,0 B/R,404.83,920175.75,2272.97,Samana,Samana Developers,1
2026-01-30T00:00:00.000,Off-Plan Property,Apartment,Meydan City,Mercedes Benz Places Binghatti City Tower 1 - Project Maybach,0 B/R,394.93,1379000,3491.75,Unknown,Unknown,1
2026-01-30T00:00:00.000,Off-Plan Property,Apartment,Meydan City,Mercedes Benz Places Binghatti City Tower 1 - Project Maybach,0 B/R,394.61,1381000,3499.67,Unknown,Unknown,1
2026-01-30T00:00:00.000,Off-Plan Property,Apartment,Meydan City,Mercedes Benz Places Binghatti City Tower 4 - Maybach 6 Tower A,0 B/R,341.11,1347000,3948.86,Unknown,Unknown,1
2026-01-30T00:00:00.000,Off-Plan Property,Apartment,Meydan City,Mercedes Benz Places Binghatti City Tower 4 - Maybach 6 Tower A,0 B/R,361.13,1356000,3754.86,Unknown,Unknown,1
2026-01-30T00:00:00.000,Off-Plan Property,Apartment,Meydan City,Mercedes Benz Places Binghatti City Tower 4 - Maybach 6 Tower A,0 B/R,386.86,1356000,3505.16,Unknown,Unknown,1
2026-01-30T00:00:00.000,Off-Plan Property,Apartment,Meydan City,Mercedes Benz Places Binghatti City Tower 4 - Maybach 6 Tower A,0 B/R,386.86,1369000,3538.76,Unknown,Unknown,1
2026-01-30T00:00:00.000,Off-Plan Property,Apartment,Meydan City,Mercedes Benz Places Binghatti City Tower 4 - Maybach 6 Tower A,1 B/R,617.32,2423000,3925.06,Unknown,Unknown,1
2026-01-30T00:00:00.000,Off-Plan Property,Apartment,Business Bay,DG1 Living,0 B/R,454.46,1175148,2585.83,DAR Global DAR AL Arkan Aqtab,Dar Global Properties - Dar Al Arkan - Aqtab Properties,2
2026-01-30T00:00:00.000,Off-Plan Property,Apartment,City Walk,Erin,2 B/R,1199.22,3500000,2918.57,Meraas,Meraas Development  L.L.C,2
2026-01-30T00:00:00.000,Off-Plan Property,Apartment,Downtown Dubai,St. Regis Residences Tower 2,2 B/R,1348.08,4200000,3115.53,Emaar,Emaar Properties PJSC,2
2026-01-30T00:00:00.000,Off-Plan Property,Apartment,Jumeirah Lake Towers,ME DO RE 2,2 B/R,1217.09,3000000,2464.9,ME DO RE Dmcc,Me Do Re Properties DMCC,2
2026-01-30T00:00:00.000,Off-Plan Property,Apartment,Jumeirah Lake Towers,Upper House West,1 B/R,955.84,2150000,2249.32,Ellington,Ellington Properties Development L.L.C,3
2026-01-30T00:00:00.000,Off-Plan Property,Apartment,Palm Jumeirah,Olaia Residences,1 B/R,901.7,3426422,3799.96,Gulf House L L C,Gulf House Real Estate Development L.L.C,1
2026-01-30T00:00:00.000,Off-Plan Property,Apartment,Jumeirah Village Triangle,SOL Levante,0 B/R,419.9,870000,2071.9,SOL,SOL Properties,1
2026-01-30T00:00:00.000,Off-Plan Property,Apartment,Horizon,Wynwood Horizon,1 B/R,739.38,2164451,2927.39,Imtiaz,Imtiaz Real Estate Investment And Development L.L.C,1
2026-01-30T00:00:00.000,Off-Plan Property,Apartment,Horizon,Wynwood Horizon,1 B/R,737.33,1726253.04,2341.21,Imtiaz,Imtiaz Real Estate Investment And Development L.L.C,1
2026-01-30T00:00:00.000,Off-Plan Property,Apartment,Horizon,Wynwood Horizon,1 B/R,970.37,2171552,2237.85,Imtiaz,Imtiaz Real Estate Investment And Development L.L.C,1
2026-01-30T00:00:00.000,Off-Plan Property,Apartment,Horizon,Wynwood Horizon,2 B/R,1275.75,2826672.15,2215.7,Imtiaz,Imtiaz Real Estate Investment And Development L.L.C,1
2026-01-30T00:00:00.000,Off-Plan Property,Apartment,Horizon,Wynwood Horizon,1 B/R,737.33,1966843,2667.51,Imtiaz,Imtiaz Real Estate Investment And Development L.L.C,1
2026-01-30T00:00:00.000,Off-Plan Property,Apartment,Dubai Maritime City,Franck Muller Yachting by London Gate,1 B/R,968.76,2226000,2297.78,London Gate L L C,London Gate Real Estate Development L.L.C,1
2026-01-30T00:00:00.000,Off-Plan Property,Apartment,Dubai Maritime City,Franck Muller Yachting by London Gate,0 B/R,429.05,1313000,3060.23,London Gate L L C,London Gate Real Estate Development L.L.C,1
2026-01-30T00:00:00.000,Off-Plan Property,Apartment,Dubai Maritime City,Franck Muller Yachting by London Gate,0 B/R,409.25,1273000,3110.59,London Gate L L C,London Gate Real Estate Development L.L.C,1
2026-01-30T00:00:00.000,Off-Plan Property,Apartment,Dubai Production City (IMPZ),Binghatti Elite,0 B/R,375.88,818749,2178.23,Binghatti,Binghatti Holding Limited,1
2026-01-30T00:00:00.000,Off-Plan Property,Apartment,Dubai Science Park (Dubiotech),Binghatti Hillside,0 B/R,393.53,834999,2121.81,Binghatti,Binghatti Holding Limited,1
2026-01-30T00:00:00.000,Off-Plan Property,Apartment,Sobha Hartland,The Highbury,1 B/R,860.58,1828821,2125.1,Ellington,Ellington Properties Development L.L.C,2
2026-01-30T00:00:00.000,Off-Plan Property,Apartment,Dubai Islands,Sunset Bay 5,1 B/R,966.93,2293719,2372.17,Imtiaz,Imtiaz Real Estate Investment And Development L.L.C,1
2026-01-30T00:00:00.000,Off-Plan Property,Apartment,Jumeirah Garden City,171 Garden Heights,1 B/R,663.39,1525774,2299.98,JAD Global,JAD Global Real Estate Development LLC,1
2026-01-30T00:00:00.000,Off-Plan Property,Apartment,Jumeirah Garden City,Amber by Enso,1 B/R,727.22,1499310,2061.71,Enso,ENSO Development,1
2026-01-30T00:00:00.000,Off-Plan Property,Apartment,Jumeirah Garden City,Elmora Residence,1 B/R,393.32,1132076,2878.28,Unknown,Unknown,1
2026-01-30T00:00:00.000,Off-Plan Property,Apartment,Jumeirah Garden City,Elmora Residence,1 B/R,393.32,1131986,2878.05,Unknown,Unknown,1
2026-01-30T00:00:00.000,Off-Plan Property,Apartment,Jumeirah Garden City,Elmora Residence,0 B/R,224.21,728208,3247.82,Unknown,Unknown,1
2026-01-30T00:00:00.000,Off-Plan Property,Apartment,Jumeirah Garden City,Evergrin House 2,0 B/R,414.09,1027916,2482.34,TSZ Object ONE L L C,TSZ Group - Object One Real Estate Development L.L.C,1
2026-01-30T00:00:00.000,Off-Plan Property,Apartment,Jumeirah Garden City,The Elysian Residence,0 B/R,415.38,1025074,2467.78,NEW Mfour,New MFOUR Real Estate Development LLC,1
2026-01-30T00:00:00.000,Off-Plan Property,Apartment,Jumeirah Garden City,Villea West,0 B/R,500.31,1225761,2450,Palmridge,Palmridge Real Estate Development LLC,1
2026-01-30T00:00:00.000,Off-Plan Property,Apartment,Jumeirah Garden City,Villea West,0 B/R,500.1,1225234,2450,Palmridge,Palmridge Real Estate Development LLC,1
2026-01-30T00:00:00.000,Off-Plan Property,Apartment,Jumeirah Garden City,Villea West,0 B/R,500.2,1225498,2450,Palmridge,Palmridge Real Estate Development LLC,1
2026-01-30T00:00:00.000,Off-Plan Property,Apartment,Jumeirah Islands,Eltiera Heights,1 B/R,844.33,2252828,2668.19,Ellington,Ellington Properties Development L.L.C,1
2026-01-30T00:00:00.000,Off-Plan Property,Apartment,Jumeirah Islands,Eltiera Heights,1 B/R,821.62,2085828,2538.69,Ellington,Ellington Properties Development L.L.C,1
2026-01-30T00:00:00.000,Off-Plan Property,Apartment,Jumeirah Lake Towers,Verde by Sobha,3 B/R,1786.61,3787571,2119.98,Sobha,Sobha Real Estate L.L.C,1
2026-01-30T00:00:00.000,Off-Plan Property,Apartment,Sobha Hartland,Sobha Creek Vista Heights - Tower B,1 B/R,847.88,1774569,2092.95,Sobha,Sobha Real Estate L.L.C,2
2026-01-30T00:00:00.000,Off-Plan Property,Apartment,Sobha Hartland 2,340 Riverside Crescent,1 B/R,639.92,1500589,2344.96,Sobha,Sobha Real Estate L.L.C,2
2026-01-30T00:00:00.000,Off-Plan Property,Apartment,Umm Suqeim Third,Lamaa 3,1 B/R,730.01,2015000,2760.22,Dubai Properties,Dubai Holding,2
2026-01-30T00:00:00.000,Off-Plan Property,Apartment,Umm Suqeim Third,Lamaa 4,1 B/R,744.76,2015000,2705.57,Dubai Properties,Dubai Holding,2
2026-01-30T00:00:00.000,Off-Plan Property,Apartment,Dubai Maritime City,Franck Muller Yachting by London Gate,0 B/R,409.79,1337000,3262.68,London Gate L L C,London Gate Real Estate Development L.L.C,1
2026-01-30T00:00:00.000,Off-Plan Property,Apartment,Dubai Islands,Sunset Bay 5,1 B/R,1038.51,2325162.42,2238.94,Imtiaz,Imtiaz Real Estate Investment And Development L.L.C,1
2026-01-30T00:00:00.000,Off-Plan Property,Apartment,Dubai Islands,Sunset Bay 5,1 B/R,1016.66,2214029,2177.75,Imtiaz,Imtiaz Real Estate Investment And Development L.L.C,1
2026-01-30T00:00:00.000,Off-Plan Property,Apartment,Business Bay,Binghatti Skyrise Tower 2,0 B/R,476.52,1710000.02,3588.5,Binghatti,Binghatti Holding Limited,0
2026-01-30T00:00:00.000,Off-Plan Property,Apartment,Dubai Creek Harbour,Creek Waters,1 B/R,757.03,1700001.71,2245.61,Emaar,Emaar Properties PJSC,0
2026-01-30T00:00:00.000,Off-Plan Property,Apartment,Dubai Creek Harbour,Creek Waters,3 B/R,1846.24,4200002.8,2274.89,Emaar,Emaar Properties PJSC,0
2026-01-30T00:00:00.000,Off-Plan Property,Apartment,Dubai Hills Estate,Hillsedge 2,1 B/R,711.39,1900000.26,2670.82,Emaar,Emaar Properties PJSC,0
2026-01-30T00:00:00.000,Off-Plan Property,Apartment,Jumeirah Lake Towers,Viewz 2 By Danube,1 B/R,737.44,1620133,2196.96,Danube,Danube Properties,0
2026-01-30T00:00:00.000,Off-Plan Property,Apartment,Dubai Islands,Elle Residences,2 B/R,994.06,3127777,3146.48,Anax Developments,ANAX Developments,1
2026-01-30T00:00:00.000,Off-Plan Property,Apartment,Dubai Islands,Ellington Sands 2A -Ellington Cove 2A,2 B/R,1383.17,3530828,2552.7,Ellington,Ellington Properties Development L.L.C,1
2026-01-30T00:00:00.000,Off-Plan Property,Apartment,Dubai Islands,Flora Shore,2 B/R,840.45,2412040,2869.93,Calgary,Calgary Properties LLC,1
2026-01-30T00:00:00.000,Off-Plan Property,Apartment,Dubai Islands,Flora Shore,2 B/R,985.87,2448000,2483.07,Calgary,Calgary Properties LLC,1
2026-01-30T00:00:00.000,Off-Plan Property,Apartment,Dubai Islands,Flora Shore,2 B/R,1034.64,2389860,2309.86,Calgary,Calgary Properties LLC,1
2026-01-30T00:00:00.000,Off-Plan Property,Apartment,Dubai Islands,Flora Shore,2 B/R,985.87,2496000,2531.76,Calgary,Calgary Properties LLC,1
2026-01-30T00:00:00.000,Off-Plan Property,Apartment,Dubai Islands,Flora Shore,2 B/R,840.45,2457000,2923.42,Calgary,Calgary Properties LLC,1
2026-01-30T00:00:00.000,Off-Plan Property,Apartment,Dubai Islands,Hado by Beyond Tower A,2 B/R,1230.43,4050000,3291.52,Beyond Developments,Beyond Developments,1
2026-01-30T00:00:00.000,Off-Plan Property,Apartment,Dubai Islands,Hado by Beyond Tower A,2 B/R,1308.04,4486000,3429.56,Beyond Developments,Beyond Developments,1
2026-01-30T00:00:00.000,Off-Plan Property,Apartment,Dubai Islands,Hado by Beyond Tower A,1 B/R,831.73,2540000,3053.86,Beyond Developments,Beyond Developments,1
2026-01-30T00:00:00.000,Off-Plan Property,Apartment,Dubai Islands,Hado by Beyond Tower A,1 B/R,831.73,2540000,3053.86,Beyond Developments,Beyond Developments,1
2026-01-30T00:00:00.000,Off-Plan Property,Apartment,Dubai Islands,Hado by Beyond Tower B,1 B/R,1326.12,3980000,3001.23,Beyond Developments,Beyond Developments,1
2026-01-30T00:00:00.000,Off-Plan Property,Apartment,Dubai Islands,Hado by Beyond Tower B,1 B/R,1350.13,4000000,2962.68,Beyond Developments,Beyond Developments,1
2026-01-30T00:00:00.000,Off-Plan Property,Apartment,Dubai Islands,Hado by Beyond Tower B,1 B/R,827.54,2577000,3114.06,Beyond Developments,Beyond Developments,1
2026-01-30T00:00:00.000,Off-Plan Property,Apartment,Dubai Islands,Hado by Beyond Tower B,2 B/R,1231.29,3964000,3219.38,Beyond Developments,Beyond Developments,1
2026-01-30T00:00:00.000,Off-Plan Property,Apartment,Dubai Islands,Hado by Beyond Tower B,1 B/R,831.73,2783000,3346.02,Beyond Developments,Beyond Developments,1
2026-01-30T00:00:00.000,Off-Plan Property,Apartment,Dubai Islands,Hado by Beyond Tower B,1 B/R,1169.29,3385000,2894.91,Beyond Developments,Beyond Developments,1
2026-01-30T00:00:00.000,Off-Plan Property,Apartment,Dubai Islands,Hado by Beyond Tower B,2 B/R,1231.29,4685000,3804.94,Beyond Developments,Beyond Developments,1
2026-01-30T00:00:00.000,Off-Plan Property,Apartment,Dubai Islands,Hado by Beyond Tower C,2 B/R,1167.68,3987000,3414.47,Beyond Developments,Beyond Developments,1
2026-01-30T00:00:00.000,Off-Plan Property,Apartment,Dubai Islands,Luzora Residences,1 B/R,561.02,1503108,2679.24,DIA Homes,DIA Homes Real Estate Development LLC,1
2026-01-30T00:00:00.000,Off-Plan Property,Apartment,Dubai Islands,Silena Building B,2 B/R,1368.97,5004000,3655.31,Avenew,Avenew Real Estate Development,1
2026-01-30T00:00:00.000,Off-Plan Property,Apartment,Dubai Islands,Sunset Bay 5,1 B/R,994.27,2117900,2130.1,Imtiaz,Imtiaz Real Estate Investment And Development L.L.C,1
2026-01-30T00:00:00.000,Off-Plan Property,Apartment,Dubai Islands,Arka Enclave Residences,2 B/R,1233.23,2868912,2326.34,Manodev,Manodev Real Estate Development LLC,1
2026-01-30T00:00:00.000,Off-Plan Property,Apartment,Dubai Creek Harbour,Altan,3 B/R,1848.18,4251888,2300.58,Emaar,Emaar Properties PJSC,1
2026-01-30T00:00:00.000,Off-Plan Property,Apartment,Dubai Creek Harbour,Creek Bay Tower A,2 B/R,1450.56,3346888,2307.31,Emaar,Emaar Properties PJSC,1
2026-01-30T00:00:00.000,Off-Plan Property,Apartment,Dubai Creek Harbour,Creek Haven Tower A,2 B/R,1238.4,3661888,2956.96,Emaar,Emaar Properties PJSC,1
2026-01-30T00:00:00.000,Off-Plan Property,Apartment,Dubai Creek Harbour,Creek Haven Tower A,2 B/R,1190.82,3327888,2794.62,Emaar,Emaar Properties PJSC,1
2026-01-30T00:00:00.000,Off-Plan Property,Apartment,Dubai Creek Harbour,Creek Haven Tower A,1 B/R,733.35,1886888,2572.97,Emaar,Emaar Properties PJSC,1
2026-01-30T00:00:00.000,Off-Plan Property,Apartment,Dubai Creek Harbour,Montiva at Green Gate,1 B/R,754.88,1936888,2565.82,Emaar,Emaar Properties PJSC,1
2026-01-30T00:00:00.000,Off-Plan Property,Apartment,Dubai Creek Harbour,Silva at Green Gate,2 B/R,1440.01,3081888,2140.19,Emaar,Emaar Properties PJSC,1
2026-01-30T00:00:00.000,Off-Plan Property,Apartment,Dubai Harbour,Seapoint Tower 1,2 B/R,1382.64,5003151,3618.56,Emaar,Emaar Properties PJSC,1
2026-01-30T00:00:00.000,Off-Plan Property,Apartment,Dubai Hills Estate,City View Dubai Hills Residences,1 B/R,899.76,2775716,3084.94,City View L L C,City View Real Estate Development L.L.C,1
2026-01-30T00:00:00.000,Off-Plan Property,Apartment,Dubai Hills Estate,Palace Residences Hillside A,1 B/R,681.04,1993888,2927.72,Emaar,Emaar Properties PJSC,1
2026-01-30T00:00:00.000,Off-Plan Property,Apartment,Dubai Hills Estate,Palace Residences Hillside A,1 B/R,680.93,1857888,2728.45,Emaar,Emaar Properties PJSC,1
2026-01-30T00:00:00.000,Off-Plan Property,Apartment,Al Mina,Sera 2 at Mina Rashid Building B,1 B/R,758.65,2123888,2799.57,Emaar,Emaar Properties PJSC,1
2026-01-30T00:00:00.000,Off-Plan Property,Apartment,Al Jadaf,Binghatti Cullinan,1 B/R,685.99,1538999,2243.47,Binghatti,Binghatti Holding Limited,1
2026-01-30T00:00:00.000,Off-Plan Property,Apartment,Al Kifaf,Avenue Park 1,3 B/R,1742.26,4164777,2390.44,AL Wasl,Al Wasl Properties PJSC,1
2026-01-30T00:00:00.000,Off-Plan Property,Apartment,Al Mina,Aurea at Mina Rashid,2 B/R,1229.03,3348888,2724.81,Emaar,Emaar Properties PJSC,1
2026-01-30T00:00:00.000,Off-Plan Property,Apartment,Al Mina,Baystar by Vida Tower 2,3 B/R,1700.5,6639888,3904.68,Emaar,Emaar Properties PJSC,1
2026-01-30T00:00:00.000,Off-Plan Property,Apartment,Al Mina,Sera 2 at Mina Rashid Building A,2 B/R,1336.35,3227888,2415.45,Emaar,Emaar Properties PJSC,1
2026-01-30T00:00:00.000,Off-Plan Property,Apartment,Al Wasl,Eden House The Park B,0 B/R,629.37,2484381.25,3947.4,H&H,H&H Investment and Development,1
2026-01-30T00:00:00.000,Off-Plan Property,Apartment,Al Wasl,Eden House The Park B,2 B/R,1800.17,6716080.55,3730.8,H&H,H&H Investment and Development,1
2026-01-30T00:00:00.000,Off-Plan Property,Apartment,Azizi Venice,Azizi Venice 6 Building B,0 B/R,354.46,745000,2101.8,Azizi,Azizi Developments,1
2026-01-30T00:00:00.000,Off-Plan Property,Apartment,Azizi Venice,Azizi Venice 1,0 B/R,346.82,777000,2240.38,Azizi,Azizi Developments,1
2026-01-30T00:00:00.000,Off-Plan Property,Apartment,Business Bay,Rove Home Marasi Drive,0 B/R,394.18,1240000,3145.79,Irth L L C,IRTH Development L.L.C,1
2026-01-30T00:00:00.000,Off-Plan Property,Apartment,Business Bay,Al Habtoor Tower,1 B/R,1121.61,3529943.48,3147.21,AL Habtoor,Al Habtoor Group,1
2026-01-30T00:00:00.000,Off-Plan Property,Apartment,Business Bay,Binghatti Aquarise Tower B,2 B/R,1047.66,2904999,2772.84,Binghatti,Binghatti Holding Limited,1
2026-01-30T00:00:00.000,Off-Plan Property,Apartment,Business Bay,Binghatti Aquarise Tower C,2 B/R,1141.2,3234999,2834.74,Binghatti,Binghatti Holding Limited,1
2026-01-30T00:00:00.000,Off-Plan Property,Apartment,Business Bay,DWTN Residences - Downtown Residences,2 B/R,1334.84,3363085,2519.46,Deyaar,Deyaar Development Company,1
2026-01-30T00:00:00.000,Off-Plan Property,Apartment,Business Park Motor City,Sierra by Iman,0 B/R,416.35,907639,2179.98,Iman L L C,Iman Developers L.L.C,1
2026-01-30T00:00:00.000,Off-Plan Property,Apartment,Business Bay,DWTN Residences - Downtown Residences,2 B/R,1242.38,3365495,2708.91,Deyaar,Deyaar Development Company,1
2026-01-30T00:00:00.000,Off-Plan Property,Apartment,Business Bay,Rove Home Marasi Drive,1 B/R,595.14,2050000,3444.56,Irth L L C,IRTH Development L.L.C,1
2026-01-29T00:00:00.000,Off-Plan Property,Apartment,Jumeirah Garden City,Elmora Residence,1 B/R,477.92,1275199,2668.22,Unknown,Unknown,1
2026-01-29T00:00:00.000,Off-Plan Property,Apartment,Jumeirah Garden City,Elmora Residence,1 B/R,631.52,1692690,2680.33,Unknown,Unknown,1
2026-01-29T00:00:00.000,Off-Plan Property,Apartment,Jumeirah Islands,Eltiera Heights,2 B/R,1254.65,3040828,2423.64,Ellington,Ellington Properties Development L.L.C,1
2026-01-29T00:00:00.000,Off-Plan Property,Apartment,Jumeirah Garden City,Elmora Residence,1 B/R,394.93,1129983,2861.22,Unknown,Unknown,1
2026-01-29T00:00:00.000,Off-Plan Property,Apartment,Jumeirah Garden City,Elmora Residence,1 B/R,393.32,1069541,2719.29,Unknown,Unknown,1
2026-01-29T00:00:00.000,Off-Plan Property,Apartment,Jumeirah Garden City,Elmora Residence,0 B/R,224.21,719380,3208.45,Unknown,Unknown,1
2026-01-29T00:00:00.000,Off-Plan Property,Apartment,Jumeirah Garden City,Elmora Residence,2 B/R,660.05,1772716,2685.74,Unknown,Unknown,1
2026-01-29T00:00:00.000,Off-Plan Property,Apartment,Jumeirah Garden City,Elmora Residence,1 B/R,394.93,1123162,2843.94,Unknown,Unknown,1
2026-01-29T00:00:00.000,Off-Plan Property,Apartment,Jumeirah Garden City,Elmora Residence,1 B/R,393.32,1096467,2787.75,Unknown,Unknown,1
2026-01-29T00:00:00.000,Off-Plan Property,Apartment,Jumeirah Garden City,Amber by Enso,0 B/R,518.39,1120000,2160.52,Enso,ENSO Development,1
2026-01-29T00:00:00.000,Off-Plan Property,Apartment,Jebel Ali First,The Eden at Sobha Central,2 B/R,1201.91,3509548,2919.98,Sobha,Sobha Real Estate L.L.C,1
2026-01-29T00:00:00.000,Off-Plan Property,Apartment,Jumeirah Islands,Eltiera Heights,1 B/R,826.14,2242828,2714.84,Ellington,Ellington Properties Development L.L.C,1
2026-01-29T00:00:00.000,Off-Plan Property,Apartment,Jumeirah Village Circle,Berkeley Square,0 B/R,350.37,745000,2126.33,Prestige ONE Developments Prestige ONE Luxury LL,Prestige One Developments - Prestige One Luxury Real Estate LL,1
2026-01-29T00:00:00.000,Off-Plan Property,Apartment,Jumeirah Village Triangle,Voxa Residences,1 B/R,653.59,1342502,2054.04,Pantheon Pantheon,Pantheon Properties - Pantheon Real Estate Development LLc,1
2026-01-29T00:00:00.000,Off-Plan Property,Apartment,Meydan City,Mercedes Benz Places Binghatti City Tower 5 - Maybach 6 Tower B,1 B/R,617.32,2445000,3960.7,Unknown,Unknown,1
2026-01-29T00:00:00.000,Off-Plan Property,Apartment,Palm Jumeirah,Avita - Passo Building 1,1 B/R,889.43,4204000,4726.63,Beyond Developments,Beyond Developments,1
2026-01-29T00:00:00.000,Off-Plan Property,Apartment,Palm Jumeirah,Avita - Passo Building 1,1 B/R,964.56,4648000,4818.77,Beyond Developments,Beyond Developments,1
2026-01-29T00:00:00.000,Off-Plan Property,Apartment,Meydan City,Mercedes Benz Places Binghatti City Tower 5 - Maybach 6 Tower B,0 B/R,386.86,1333000,3445.71,Unknown,Unknown,1
2026-01-29T00:00:00.000,Off-Plan Property,Apartment,Meydan City,Mercedes Benz Places Binghatti City Tower 5 - Maybach 6 Tower B,0 B/R,386.86,1396000,3608.56,Unknown,Unknown,1
2026-01-29T00:00:00.000,Off-Plan Property,Apartment,Meydan City,Mercedes Benz Places Binghatti City Tower 5 - Maybach 6 Tower B,0 B/R,401.82,1361000,3387.09,Unknown,Unknown,1
2026-01-29T00:00:00.000,Off-Plan Property,Apartment,Meydan City,Mercedes Benz Places Binghatti City Tower 5 - Maybach 6 Tower B,0 B/R,401.82,1361000,3387.09,Unknown,Unknown,1
2026-01-29T00:00:00.000,Off-Plan Property,Apartment,Meydan City,Mercedes Benz Places Binghatti City Tower 5 - Maybach 6 Tower B,0 B/R,395.68,1359000,3434.55,Unknown,Unknown,1
2026-01-29T00:00:00.000,Off-Plan Property,Apartment,Meydan City,Mercedes Benz Places Binghatti City Tower 5 - Maybach 6 Tower B,0 B/R,341.11,1349000,3954.72,Unknown,Unknown,1
2026-01-29T00:00:00.000,Off-Plan Property,Apartment,Meydan City,Mercedes Benz Places Binghatti City Tower 4 - Maybach 6 Tower A,0 B/R,341.11,1316000,3857.98,Unknown,Unknown,1
2026-01-29T00:00:00.000,Off-Plan Property,Apartment,Meydan City,Mercedes Benz Places Binghatti City Tower 4 - Maybach 6 Tower A,0 B/R,386.86,1306000,3375.91,Unknown,Unknown,1
2026-01-29T00:00:00.000,Off-Plan Property,Apartment,Meydan City,Mercedes Benz Places Binghatti City Tower 4 - Maybach 6 Tower A,1 B/R,617.32,2500000,4049.79,Unknown,Unknown,1
2026-01-29T00:00:00.000,Off-Plan Property,Apartment,Meydan City,Mercedes Benz Places Binghatti City Tower 4 - Maybach 6 Tower A,1 B/R,617.32,2467000,3996.34,Unknown,Unknown,1
2026-01-29T00:00:00.000,Off-Plan Property,Apartment,Meydan City,Mercedes Benz Places Binghatti City Tower 4 - Maybach 6 Tower A,0 B/R,386.86,1400000,3618.9,Unknown,Unknown,1
2026-01-29T00:00:00.000,Off-Plan Property,Apartment,Meydan City,Mercedes Benz Places Binghatti City Tower 4 - Maybach 6 Tower A,0 B/R,375.34,1384000,3687.32,Unknown,Unknown,1
2026-01-29T00:00:00.000,Off-Plan Property,Apartment,Dubai Silicon Oasis,Timez by Danube,0 B/R,386.97,821000,2121.63,Danube,Danube Properties,1
2026-01-29T00:00:00.000,Off-Plan Property,Apartment,Dubai Science Park (Dubiotech),Skyhills Astra Building 2,0 B/R,379.11,888500,2343.66,Hijazi,Hijazi Real Estate Development LLC,1
2026-01-29T00:00:00.000,Off-Plan Property,Apartment,Dubai Science Park (Dubiotech),Empire Livings,0 B/R,416.89,855000,2050.9,Empire,Empire Development,1
2026-01-29T00:00:00.000,Off-Plan Property,Apartment,Dubai Sports City,Aspirz Tower,0 B/R,387.61,817710,2109.61,Danube,Danube Properties,1
2026-01-29T00:00:00.000,Off-Plan Property,Apartment,Dubai Science Park (Dubiotech),Binghatti Hills Tower 2,0 B/R,504.4,1078822,2138.82,Binghatti,Binghatti Holding Limited,1
2026-01-29T00:00:00.000,Off-Plan Property,Apartment,Dubai Maritime City,Chelsea 2 Tower C,1 B/R,774.36,2771000,3578.43,Damac,Damac Properties,1
2026-01-29T00:00:00.000,Off-Plan Property,Apartment,Dubai Maritime City,Chelsea 2 Tower C,1 B/R,774.36,2316000,2990.85,Damac,Damac Properties,1
2026-01-29T00:00:00.000,Off-Plan Property,Apartment,Dubai Maritime City,Breez by Danube,0 B/R,414.09,1753290,4234.07,Danube,Danube Properties,1
2026-01-29T00:00:00.000,Off-Plan Property,Apartment,Dubai Maritime City,Breez by Danube,0 B/R,394.82,1365140,3457.6,Danube,Danube Properties,1
2026-01-29T00:00:00.000,Off-Plan Property,Apartment,Dubai Maritime City,Breez by Danube,0 B/R,394.82,1389000,3518.03,Danube,Danube Properties,1
2026-01-29T00:00:00.000,Off-Plan Property,Apartment,Dubai Maritime City,Breez by Danube,0 B/R,394.29,1335690,3387.62,Danube,Danube Properties,1
2026-01-29T00:00:00.000,Off-Plan Property,Apartment,Dubai Maritime City,Breez by Danube,1 B/R,623.34,2287225,3669.29,Danube,Danube Properties,1
2026-01-29T00:00:00.000,Off-Plan Property,Apartment,Dubai Maritime City,Kanyon by Beyond - Canyon by Beyond,1 B/R,889.21,2410000,2710.26,Omniyat,Omniyat Properties,1
2026-01-29T00:00:00.000,Off-Plan Property,Apartment,Expo City,Terra Gardens Building 2,2 B/R,1125.16,2331888,2072.49,Emaar,Emaar Properties PJSC,1
2026-01-29T00:00:00.000,Off-Plan Property,Apartment,Expo City,Terra Gardens Building 2,2 B/R,1118.92,2415888,2159.13,Emaar,Emaar Properties PJSC,1
2026-01-29T00:00:00.000,Off-Plan Property,Apartment,Expo City,Terra Gardens Building 2,2 B/R,1113.64,2288888,2055.31,Emaar,Emaar Properties PJSC,1
2026-01-29T00:00:00.000,Off-Plan Property,Apartment,Expo City,Terra Gardens Building 2,2 B/R,1113.64,2279888,2047.23,Emaar,Emaar Properties PJSC,1
2026-01-29T00:00:00.000,Off-Plan Property,Apartment,Expo City,Terra Gardens Building 2,2 B/R,1118.92,2287888,2044.73,Emaar,Emaar Properties PJSC,1
2026-01-29T00:00:00.000,Off-Plan Property,Apartment,Expo City,Terra Gardens Building 2,2 B/R,1112.78,2391888,2149.47,Emaar,Emaar Properties PJSC,1
2026-01-29T00:00:00.000,Off-Plan Property,Apartment,Expo City,Terra Gardens Building 2,2 B/R,1126.34,2302888,2044.57,Emaar,Emaar Properties PJSC,1
2026-01-29T00:00:00.000,Off-Plan Property,Apartment,Expo City,Terra Gardens Building 2,2 B/R,1112.78,2386888,2144.97,Emaar,Emaar Properties PJSC,1
2026-01-29T00:00:00.000,Off-Plan Property,Apartment,Expo City,Terra Gardens Building 2,2 B/R,1119.46,2401888,2145.58,Emaar,Emaar Properties PJSC,1
2026-01-29T00:00:00.000,Off-Plan Property,Apartment,Expo City,Terra Gardens Building 2,3 B/R,1665.08,3484888,2092.92,Emaar,Emaar Properties PJSC,1
2026-01-29T00:00:00.000,Off-Plan Property,Apartment,Expo City,Terra Gardens Building 1,2 B/R,1113.64,2292888,2058.91,Emaar,Emaar Properties PJSC,1
2026-01-29T00:00:00.000,Off-Plan Property,Apartment,Expo City,Terra Gardens Building 1,2 B/R,1112.78,2405888,2162.05,Emaar,Emaar Properties PJSC,1
2026-01-29T00:00:00.000,Off-Plan Property,Apartment,Expo City,Terra Gardens Building 1,1 B/R,764.67,1603888,2097.48,Emaar,Emaar Properties PJSC,1
2026-01-29T00:00:00.000,Off-Plan Property,Apartment,Horizon,The Caden,1 B/R,830.87,1992000,2397.48,Prescott,Prescott Real Estate,1
2026-01-29T00:00:00.000,Off-Plan Property,Apartment,Ghaf Woods,Maravelle 2 at Capria West Ghaf Woods,2 B/R,2956.22,6127000,2072.58,Majid Al Futtaim,Majid Al Futtaim (MAF Group),1
2026-01-29T00:00:00.000,Off-Plan Property,Apartment,Ghaf Woods,Maravelle 2 at Capria East Ghaf Woods,3 B/R,2922.86,6718000,2298.44,Majid Al Futtaim,Majid Al Futtaim (MAF Group),1
2026-01-29T00:00:00.000,Off-Plan Property,Apartment,Ghaf Woods,Maravelle 1 at Capria East Ghaf Woods,2 B/R,2782.92,6131000,2203.08,Majid Al Futtaim,Majid Al Futtaim (MAF Group),1
2026-01-29T00:00:00.000,Off-Plan Property,Apartment,Ghaf Woods,Maravelle 1 at Capria East Ghaf Woods,2 B/R,2406.4,5888000,2446.81,Majid Al Futtaim,Majid Al Futtaim (MAF Group),1
2026-01-29T00:00:00.000,Off-Plan Property,Apartment,Expo City,Terra Gardens Building 1,2 B/R,1112.78,2386888,2144.97,Emaar,Emaar Properties PJSC,1
2026-01-29T00:00:00.000,Off-Plan Property,Apartment,Expo City,Terra Gardens Building 1,2 B/R,1127.64,2342888,2077.7,Emaar,Emaar Properties PJSC,1
2026-01-29T00:00:00.000,Off-Plan Property,Apartment,Expo City,Terra Gardens Building 1,1 B/R,764.67,1628888,2130.17,Emaar,Emaar Properties PJSC,1
2026-01-29T00:00:00.000,Off-Plan Property,Apartment,Expo City,Terra Gardens Building 1,1 B/R,742.07,1550888,2089.95,Emaar,Emaar Properties PJSC,1
2026-01-29T00:00:00.000,Off-Plan Property,Apartment,Expo City,Terra Gardens Building 1,1 B/R,742.07,1550888,2089.95,Emaar,Emaar Properties PJSC,1
2026-01-29T00:00:00.000,Off-Plan Property,Apartment,Expo City,Terra Gardens Building 1,2 B/R,1119.35,2392888,2137.75,Emaar,Emaar Properties PJSC,1
2026-01-29T00:00:00.000,Off-Plan Property,Apartment,Dubai Islands,Treppan Serenique Building 2,2 B/R,989.21,3153000,3187.39,Fakhruddin,Fakhruddin Properties,1
2026-01-29T00:00:00.000,Off-Plan Property,Apartment,Ras Al Khor Industrial First,Sobha One Tower D,1 B/R,740.35,1797116,2427.39,Sobha,Sobha Real Estate L.L.C,2
2026-01-29T00:00:00.000,Off-Plan Property,Apartment,Ras Al Khor Industrial First,Sobha One Tower B,1 B/R,615.59,1649781,2679.99,Sobha,Sobha Real Estate L.L.C,2
2026-01-29T00:00:00.000,Off-Plan Property,Apartment,Ghaf Woods,Serra Tower 1,2 B/R,1188.67,2500000,2103.19,Majid Al Futtaim,Majid Al Futtaim (MAF Group),2
2026-01-29T00:00:00.000,Off-Plan Property,Apartment,Sobha Hartland,The Highbury,1 B/R,881.14,1875621,2128.63,Ellington,Ellington Properties Development L.L.C,2
2026-01-29T00:00:00.000,Off-Plan Property,Apartment,Sobha Hartland 2,340 Riverside Crescent,1 B/R,870.81,2055088,2359.98,Sobha,Sobha Real Estate L.L.C,2
2026-01-29T00:00:00.000,Off-Plan Property,Apartment,Umm Suqeim Third,Lamaa 1,2 B/R,1108.48,3400000,3067.27,Dubai Properties,Dubai Holding,4
2026-01-29T00:00:00.000,Off-Plan Property,Apartment,Umm Suqeim Third,Jomana 3,1 B/R,919.25,3000000,3263.55,Dubai Properties,Dubai Holding,2
2026-01-29T00:00:00.000,Off-Plan Property,Apartment,Dubai Media City,Damac Casa,1 B/R,808.05,2480000,3069.1,Damac,Damac Properties,2
2026-01-29T00:00:00.000,Off-Plan Property,Apartment,Dubai Maritime City,Nautica One,1 B/R,733.89,1900000,2588.95,Select Group,Select Group,2
2026-01-29T00:00:00.000,Off-Plan Property,Apartment,Uptown Motorcity,Sobha Solis Tower D,2 B/R,1146.26,2435781,2124.98,Sobha,Sobha Real Estate L.L.C,1
2026-01-29T00:00:00.000,Off-Plan Property,Apartment,Uptown Motorcity,Sobha Orbis Tower F,1 B/R,634.65,1320051,2079.98,Sobha,Sobha Real Estate L.L.C,1
2026-01-29T00:00:00.000,Off-Plan Property,Apartment,Dubai Marina,Aba Lux Living - Kempinski Marina Residences,2 B/R,1646.78,3750000,2277.17,ABA,ABA Group,2
2026-01-29T00:00:00.000,Off-Plan Property,Apartment,Dubai Hills Estate,Parkside Views,2 B/R,1063.38,2328000,2189.25,Emaar,Emaar Properties PJSC,2
2026-01-29T00:00:00.000,Off-Plan Property,Apartment,Dubai Hills Estate,Elvira 1,1 B/R,703.97,1740000,2471.71,Emaar,Emaar Properties PJSC,2
2026-01-29T00:00:00.000,Off-Plan Property,Apartment,Dubai Creek Harbour,Address Residences Dubai Creek Harbour,3 B/R,1911.15,6008888,3144.12,Emaar,Emaar Properties PJSC,2
2026-01-29T00:00:00.000,Off-Plan Property,Apartment,Downtown Dubai,St. Regis Residences Tower 1,3 B/R,1799.2,7900000,4390.83,Emaar,Emaar Properties PJSC,2
2026-01-29T00:00:00.000,Off-Plan Property,Apartment,Downtown Dubai,St. Regis Residences Tower 1,2 B/R,1361,5050000,3710.51,Emaar,Emaar Properties PJSC,2
2026-01-29T00:00:00.000,Off-Plan Property,Apartment,Business Bay,Peninsula Four Tower B,1 B/R,971.24,2285000,2352.67,Private Investor,Private Investor,2
2026-01-29T00:00:00.000,Off-Plan Property,Apartment,Business Bay,Peninsula Four Tower A,1 B/R,863.17,2268720,2628.37,Private Investor,Private Investor,2
2026-01-29T00:00:00.000,Off-Plan Property,Apartment,Business Bay,Peninsula Four Tower A,1 B/R,831.09,2236640,2691.22,Private Investor,Private Investor,2
2026-01-29T00:00:00.000,Off-Plan Property,Apartment,Business Bay,Peninsula Four Tower A,1 B/R,832.16,2107900,2533.03,Private Investor,Private Investor,2
2026-01-29T00:00:00.000,Off-Plan Property,Apartment,Bluewaters Island,Bluewaters Bay - Building 1,1 B/R,40.15,156650,3901.65,Meraas,Meraas Development  L.L.C,0
2026-01-29T00:00:00.000,Off-Plan Property,Apartment,Dubai Islands,Villa Del Brunello,2 B/R,1417.4,5832000,4114.57,MR Eight,Mr. Eight Development,1
2026-01-29T00:00:00.000,Off-Plan Property,Apartment,Dubai Maritime City,Breez by Danube,1 B/R,603,1875010,3109.47,Danube,Danube Properties,1
2026-01-29T00:00:00.000,Off-Plan Property,Apartment,Dubai Islands,Treppan Serenique Building 2,2 B/R,1044.43,3253000,3114.61,Fakhruddin,Fakhruddin Properties,1
2026-01-29T00:00:00.000,Off-Plan Property,Apartment,Dubai Islands,Casagrand Hermina,1 B/R,838.73,1724000,2055.49,Casagrand,Casagrand Developers LLC,1
2026-01-29T00:00:00.000,Off-Plan Property,Apartment,Downtown Dubai,Sofitel Residences Downtown,2 B/R,1653.24,4632759,2802.23,Azha,Azha Development,1
2026-01-29T00:00:00.000,Off-Plan Property,Apartment,Dubai Islands,Cotier House,3 B/R,2970.11,7398523,2490.99,Imtiaz,Imtiaz Real Estate Investment And Development L.L.C,1
2026-01-29T00:00:00.000,Off-Plan Property,Apartment,Dubai Islands,Elle Residences,3 B/R,1459.81,5417777,3711.28,Anax Developments,ANAX Developments,1
2026-01-29T00:00:00.000,Off-Plan Property,Apartment,Dubai Islands,Ellington Sands 2A -Ellington Cove 2A,2 B/R,1173.71,2959828,2521.78,Ellington,Ellington Properties Development L.L.C,1
2026-01-29T00:00:00.000,Off-Plan Property,Apartment,Dubai Islands,Hado by Beyond Tower A,1 B/R,870.05,2723000,3129.69,Beyond Developments,Beyond Developments,1
2026-01-29T00:00:00.000,Off-Plan Property,Apartment,Dubai Islands,Luxury Canal Residences,1 B/R,830.33,1826000,2199.11,Prestige ONE Developments Prestige ONE Luxury LL,Prestige One Developments - Prestige One Luxury Real Estate LL,1
2026-01-29T00:00:00.000,Off-Plan Property,Apartment,Dubai Islands,Hado by Beyond Tower B,2 B/R,1229.03,4753000,3867.27,Beyond Developments,Beyond Developments,1
2026-01-29T00:00:00.000,Off-Plan Property,Apartment,Dubai Islands,Hado by Beyond Tower B,1 B/R,827.54,2583000,3121.31,Beyond Developments,Beyond Developments,1
2026-01-29T00:00:00.000,Off-Plan Property,Apartment,Dubai Islands,Hado by Beyond Tower B,1 B/R,768.87,2684000,3490.83,Beyond Developments,Beyond Developments,1
2026-01-29T00:00:00.000,Off-Plan Property,Apartment,Dubai Islands,Hado by Beyond Tower B,1 B/R,831.84,2783000,3345.59,Beyond Developments,Beyond Developments,1
2026-01-29T00:00:00.000,Off-Plan Property,Apartment,Dubai Islands,Hado by Beyond Tower B,1 B/R,827.54,2575000,3111.65,Beyond Developments,Beyond Developments,1
2026-01-29T00:00:00.000,Off-Plan Property,Apartment,Dubai Islands,Hado by Beyond Tower B,3 B/R,1958.4,7382000,3769.4,Beyond Developments,Beyond Developments,1
2026-01-29T00:00:00.000,Off-Plan Property,Apartment,Dubai Islands,Hado by Beyond Tower B,2 B/R,1270.37,4909000,3864.24,Beyond Developments,Beyond Developments,1
2026-01-29T00:00:00.000,Off-Plan Property,Apartment,Dubai Islands,Hado by Beyond Tower A,1 B/R,831.73,2435000,2927.62,Beyond Developments,Beyond Developments,1
2026-01-29T00:00:00.000,Off-Plan Property,Apartment,Dubai Islands,Hado by Beyond Tower A,1 B/R,1270.37,3638000,2863.74,Beyond Developments,Beyond Developments,1
2026-01-29T00:00:00.000,Off-Plan Property,Apartment,Dubai Islands,Hado by Beyond Tower A,1 B/R,829.9,2532000,3050.95,Beyond Developments,Beyond Developments,1
2026-01-29T00:00:00.000,Off-Plan Property,Apartment,Dubai Hills Estate,Palace Residences Hillside A,1 B/R,681.04,2004888,2943.87,Emaar,Emaar Properties PJSC,1
2026-01-29T00:00:00.000,Off-Plan Property,Apartment,Dubai Hills Estate,Palace Residences Hillside A,1 B/R,771.78,1961888,2542.03,Emaar,Emaar Properties PJSC,1
2026-01-29T00:00:00.000,Off-Plan Property,Apartment,Dubai Harbour,Damac Bay - Tower A,1 B/R,1285.33,4152000,3230.3,Damac,Damac Properties,1
2026-01-29T00:00:00.000,Off-Plan Property,Apartment,Dubai Creek Harbour,Silva at Green Gate,2 B/R,1440.01,3075888,2136.02,Emaar,Emaar Properties PJSC,1
2026-01-29T00:00:00.000,Off-Plan Property,Apartment,Dubai Creek Harbour,Montiva at Green Gate,2 B/R,1143.14,3016888,2639.13,Emaar,Emaar Properties PJSC,1
2026-01-29T00:00:00.000,Off-Plan Property,Apartment,Dubai Creek Harbour,Lyvia by Palace - Green Gate,2 B/R,1241.41,3023888,2435.85,Emaar,Emaar Properties PJSC,1
2026-01-29T00:00:00.000,Off-Plan Property,Apartment,Dubai Creek Harbour,Lyvia by Palace - Green Gate,1 B/R,760.8,1989888,2615.52,Emaar,Emaar Properties PJSC,1
2026-01-29T00:00:00.000,Off-Plan Property,Apartment,Dubai Creek Harbour,Lyvia by Palace - Green Gate,1 B/R,774.69,2017888,2604.78,Emaar,Emaar Properties PJSC,1
2026-01-29T00:00:00.000,Off-Plan Property,Apartment,Dubai Creek Harbour,Creek Haven Tower A,1 B/R,876.19,1912850,2183.15,Emaar,Emaar Properties PJSC,1
2026-01-29T00:00:00.000,Off-Plan Property,Apartment,Dubai Creek Harbour,Creek Bay Tower A,1 B/R,1086.3,2443888,2249.73,Emaar,Emaar Properties PJSC,1
2026-01-29T00:00:00.000,Off-Plan Property,Apartment,Dubai Creek Harbour,Creek Bay Tower A,1 B/R,736.8,1829888,2483.58,Emaar,Emaar Properties PJSC,1
2026-01-29T00:00:00.000,Off-Plan Property,Apartment,Dubai Hills Estate,Palace Residences Hillside A,2 B/R,1061.55,2716888,2559.37,Emaar,Emaar Properties PJSC,1
2026-01-29T00:00:00.000,Off-Plan Property,Apartment,Dubai Hills Estate,Palace Residences Hillside A,1 B/R,680.93,1868888,2744.61,Emaar,Emaar Properties PJSC,1
2026-01-29T00:00:00.000,Off-Plan Property,Apartment,Dubai Hills Estate,Palace Residences Hillside A,1 B/R,685.34,1797888,2623.34,Emaar,Emaar Properties PJSC,1
2026-01-29T00:00:00.000,Off-Plan Property,Apartment,Dubai Hills Estate,Vida Residences Hillside Tower B,1 B/R,734.64,1942888,2644.67,Emaar,Emaar Properties PJSC,1
2026-01-29T00:00:00.000,Off-Plan Property,Apartment,Dubai Hills Estate,Rosehill Block A,2 B/R,1419.23,3306888,2330.05,Emaar,Emaar Properties PJSC,1
2026-01-29T00:00:00.000,Off-Plan Property,Apartment,Dubai Hills Estate,Rosehill Block A,2 B/R,1520.2,3344888,2200.3,Emaar,Emaar Properties PJSC,1
2026-01-29T00:00:00.000,Off-Plan Property,Apartment,Dubai Hills Estate,Parkwood Tower A,2 B/R,1309.66,3344888,2554.02,Emaar,Emaar Properties PJSC,1
2026-01-29T00:00:00.000,Off-Plan Property,Apartment,Dubai Hills Estate,Parkwood Tower A,3 B/R,1807.6,4595888,2542.54,Emaar,Emaar Properties PJSC,1
2026-01-29T00:00:00.000,Off-Plan Property,Apartment,Dubai Hills Estate,Palace Residences Hillside A,3 B/R,2622.65,6083412,2319.57,Emaar,Emaar Properties PJSC,1
2026-01-29T00:00:00.000,Off-Plan Property,Apartment,Dubai Hills Estate,Palace Residences Hillside A,3 B/R,1882.09,4956888,2633.72,Emaar,Emaar Properties PJSC,1
2026-01-29T00:00:00.000,Off-Plan Property,Apartment,Dubai Hills Estate,Palace Residences Hillside A,2 B/R,1061.55,2685888,2530.17,Emaar,Emaar Properties PJSC,1
2026-01-29T00:00:00.000,Off-Plan Property,Apartment,Dubai Hills Estate,Palace Residences Hillside A,1 B/R,680.93,1741888,2558.1,Emaar,Emaar Properties PJSC,1
2026-01-29T00:00:00.000,Off-Plan Property,Apartment,Dubai Hills Estate,Palace Residences Hillside A,1 B/R,680.93,1829888,2687.33,Emaar,Emaar Properties PJSC,1
2026-01-29T00:00:00.000,Off-Plan Property,Apartment,Dubai Hills Estate,Palace Residences Hillside A,2 B/R,1061.55,2665888,2511.33,Emaar,Emaar Properties PJSC,1
2026-01-29T00:00:00.000,Off-Plan Property,Apartment,Dubai Hills Estate,Palace Residences Hillside A,1 B/R,680.93,1727888,2537.54,Emaar,Emaar Properties PJSC,1
2026-01-29T00:00:00.000,Off-Plan Property,Apartment,Dubai Hills Estate,Palace Residences Hillside A,2 B/R,1146.9,2796888,2438.64,Emaar,Emaar Properties PJSC,1
2026-01-29T00:00:00.000,Off-Plan Property,Apartment,Dubai Hills Estate,Palace Residences Hillside A,1 B/R,680.93,1803732,2648.92,Emaar,Emaar Properties PJSC,1
2026-01-29T00:00:00.000,Off-Plan Property,Apartment,Al Jadaf,Binghatti Cullinan,1 B/R,699.23,1572999,2249.62,Binghatti,Binghatti Holding Limited,1
2026-01-29T00:00:00.000,Off-Plan Property,Apartment,Al Jadaf,Binghatti Cullinan,0 B/R,379.75,837999,2206.69,Binghatti,Binghatti Holding Limited,1
2026-01-29T00:00:00.000,Off-Plan Property,Apartment,Al Jadaf,Binghatti Cullinan,0 B/R,379.75,868999,2288.32,Binghatti,Binghatti Holding Limited,1
2026-01-29T00:00:00.000,Off-Plan Property,Apartment,Al Jadaf,Binghatti Cullinan,0 B/R,379.75,868999,2288.32,Binghatti,Binghatti Holding Limited,1
2026-01-29T00:00:00.000,Off-Plan Property,Apartment,Al Jadaf,Binghatti Cullinan,1 B/R,699.12,1574999,2252.82,Binghatti,Binghatti Holding Limited,1
2026-01-29T00:00:00.000,Off-Plan Property,Apartment,Al Jadaf,Binghatti Cullinan,0 B/R,379.75,837999,2206.69,Binghatti,Binghatti Holding Limited,1
2026-01-29T00:00:00.000,Off-Plan Property,Apartment,Al Jadaf,Binghatti Cullinan,0 B/R,383.52,868999,2265.84,Binghatti,Binghatti Holding Limited,1
2026-01-29T00:00:00.000,Off-Plan Property,Apartment,Al Jadaf,Binghatti Cullinan,1 B/R,699.12,1571999,2248.53,Binghatti,Binghatti Holding Limited,1
2026-01-29T00:00:00.000,Off-Plan Property,Apartment,Al Wasl,Safa Gate,1 B/R,771.78,2114600,2739.9,Damac,Damac Properties,1
2026-01-29T00:00:00.000,Off-Plan Property,Apartment,Al Jadaf,Binghatti Cullinan,0 B/R,379.75,828999,2182.99,Binghatti,Binghatti Holding Limited,1
2026-01-29T00:00:00.000,Off-Plan Property,Apartment,Al Jadaf,Binghatti Cullinan,0 B/R,383.52,878999,2291.92,Binghatti,Binghatti Holding Limited,1
2026-01-29T00:00:00.000,Off-Plan Property,Apartment,Al Jadaf,Binghatti Cullinan,0 B/R,385.14,876999,2277.12,Binghatti,Binghatti Holding Limited,1
2026-01-29T00:00:00.000,Off-Plan Property,Apartment,Al Jadaf,Binghatti Cullinan,0 B/R,379.75,834999,2198.79,Binghatti,Binghatti Holding Limited,1
2026-01-29T00:00:00.000,Off-Plan Property,Apartment,Al Jadaf,Binghatti Cullinan,1 B/R,769.73,1649999,2143.6,Binghatti,Binghatti Holding Limited,1
2026-01-29T00:00:00.000,Off-Plan Property,Apartment,Al Wasl,Safa Gate,2 B/R,1415.36,3659320,2585.44,Damac,Damac Properties,1
2026-01-29T00:00:00.000,Off-Plan Property,Apartment,Al Wasl,Safa Gate,1 B/R,756.6,2220000,2934.17,Damac,Damac Properties,1
2026-01-29T00:00:00.000,Off-Plan Property,Apartment,Al Kifaf,Avenue Park 2,2 B/R,1209.44,2703777,2235.56,AL Wasl,Al Wasl Properties PJSC,1
2026-01-29T00:00:00.000,Off-Plan Property,Apartment,Al Kifaf,Avenue Park 1,3 B/R,1742.26,4267777,2449.56,AL Wasl,Al Wasl Properties PJSC,1
2026-01-29T00:00:00.000,Off-Plan Property,Apartment,Al Jadaf,Binghatti Cullinan,1 B/R,671.78,1408999,2097.41,Binghatti,Binghatti Holding Limited,1
2026-01-29T00:00:00.000,Off-Plan Property,Apartment,Al Jadaf,Binghatti Cullinan,2 B/R,1000.19,2222999,2222.57,Binghatti,Binghatti Holding Limited,1
2026-01-29T00:00:00.000,Off-Plan Property,Apartment,Al Jadaf,Binghatti Cullinan,0 B/R,383.41,835999,2180.41,Binghatti,Binghatti Holding Limited,1
2026-01-29T00:00:00.000,Off-Plan Property,Apartment,Al Jadaf,Binghatti Cullinan,0 B/R,385.14,869999,2258.94,Binghatti,Binghatti Holding Limited,1
2026-01-29T00:00:00.000,Off-Plan Property,Apartment,Al Jadaf,Binghatti Cullinan,0 B/R,379.75,863999,2275.15,Binghatti,Binghatti Holding Limited,1
2026-01-29T00:00:00.000,Off-Plan Property,Apartment,Al Jadaf,Binghatti Cullinan,2 B/R,894.81,2085999,2331.22,Binghatti,Binghatti Holding Limited,1
2026-01-29T00:00:00.000,Off-Plan Property,Apartment,Al Jadaf,Binghatti Cullinan,0 B/R,379.75,835999,2201.42,Binghatti,Binghatti Holding Limited,1
2026-01-29T00:00:00.000,Off-Plan Property,Apartment,Al Jadaf,Binghatti Cullinan,0 B/R,383.41,834999,2177.8,Binghatti,Binghatti Holding Limited,1
2026-01-29T00:00:00.000,Off-Plan Property,Apartment,Al Jadaf,Binghatti Cullinan,0 B/R,379.75,822999,2167.19,Binghatti,Binghatti Holding Limited,1
2026-01-29T00:00:00.000,Off-Plan Property,Apartment,Al Wasl,Safa Gate,1 B/R,983.4,2834000,2881.84,Damac,Damac Properties,1
2026-01-29T00:00:00.000,Off-Plan Property,Apartment,Al Wasl,Safa Gate,1 B/R,765.97,2199000,2870.88,Damac,Damac Properties,1
2026-01-29T00:00:00.000,Off-Plan Property,Apartment,Damac Hills,Golf Greens 2 Tower B,1 B/R,695.35,1440000,2070.89,Damac,Damac Properties,1
2026-01-29T00:00:00.000,Off-Plan Property,Apartment,Business Bay,Sobha Skyparks,1 B/R,715.59,2916029,4075,Sobha,Sobha Real Estate L.L.C,1
2026-01-29T00:00:00.000,Off-Plan Property,Apartment,Business Bay,One by Binghatti,1 B/R,1009.23,3424999,3393.67,Binghatti,Binghatti Holding Limited,1
2026-01-29T00:00:00.000,Off-Plan Property,Apartment,Arjan,Samana Imperial Garden,0 B/R,434.87,919999.8,2115.6,Samana,Samana Developers,1
2026-01-29T00:00:00.000,Off-Plan Property,Apartment,Business Bay,Al Habtoor Tower,2 B/R,1475.74,3666327,2484.39,AL Habtoor,Al Habtoor Group,1
2026-01-29T00:00:00.000,Off-Plan Property,Apartment,Business Bay,Al Habtoor Tower,1 B/R,973.71,2818180,2894.27,AL Habtoor,Al Habtoor Group,1
2026-01-29T00:00:00.000,Off-Plan Property,Apartment,Business Bay,Al Habtoor Tower,1 B/R,1045.4,2592818,2480.22,AL Habtoor,Al Habtoor Group,1
2026-01-29T00:00:00.000,Off-Plan Property,Apartment,Business Bay,Avarra - Business Bay Palace Residences,1 B/R,824.85,2970888,3601.75,Emaar,Emaar Properties PJSC,1
2026-01-29T00:00:00.000,Off-Plan Property,Apartment,Business Bay,One by Binghatti,2 B/R,1548.94,4549999,2937.49,Binghatti,Binghatti Holding Limited,1
2026-01-29T00:00:00.000,Off-Plan Property,Apartment,Business Bay,Al Habtoor Tower,1 B/R,1121.61,3155926,2813.75,AL Habtoor,Al Habtoor Group,1
2026-01-29T00:00:00.000,Off-Plan Property,Apartment,Business Bay,Binghatti Skyhall,0 B/R,423.89,1365000,3220.2,Binghatti,Binghatti Holding Limited,1
2026-01-29T00:00:00.000,Off-Plan Property,Apartment,Business Bay,DWTN Residences - Downtown Residences,1 B/R,903.21,2414405,2673.15,Deyaar,Deyaar Development Company,1
2026-01-29T00:00:00.000,Off-Plan Property,Apartment,Business Bay,DWTN Residences - Downtown Residences,1 B/R,848.53,2561908,3019.24,Deyaar,Deyaar Development Company,1
2026-01-29T00:00:00.000,Off-Plan Property,Apartment,Business Bay,DWTN Residences - Downtown Residences,1 B/R,777.91,2067044,2657.16,Deyaar,Deyaar Development Company,1
2026-01-29T00:00:00.000,Off-Plan Property,Apartment,Business Bay,Binghatti Skyrise Tower 3,1 B/R,829.37,2324999,2803.34,Binghatti,Binghatti Holding Limited,1
2026-01-29T00:00:00.000,Off-Plan Property,Apartment,Business Bay,Binghatti Skyrise Tower 2,0 B/R,465.33,1699999,3653.34,Binghatti,Binghatti Holding Limited,1
2026-01-29T00:00:00.000,Off-Plan Property,Apartment,Business Bay,Binghatti Skyhall,1 B/R,834.96,1917000,2295.91,Binghatti,Binghatti Holding Limited,1
2026-01-29T00:00:00.000,Off-Plan Property,Apartment,Business Bay,Avarra - Business Bay Palace Residences,1 B/R,824.85,3146888,3815.12,Emaar,Emaar Properties PJSC,1
2026-01-29T00:00:00.000,Off-Plan Property,Apartment,Business Bay,Binghatti Skyhall,1 B/R,995.24,2297000,2307.99,Binghatti,Binghatti Holding Limited,1
2026-01-29T00:00:00.000,Off-Plan Property,Apartment,Business Bay,Binghatti Aquarise Tower C,0 B/R,512.26,1404999,2742.75,Binghatti,Binghatti Holding Limited,1
2026-01-29T00:00:00.000,Off-Plan Property,Apartment,Business Bay,Bayz 102 By Danube,2 B/R,1218.7,3478860,2854.57,Danube,Danube Properties,1
2026-01-29T00:00:00.000,Off-Plan Property,Apartment,Business Bay,Bayz 102 By Danube,2 B/R,1127.1,3072225,2725.78,Danube,Danube Properties,1
2026-01-29T00:00:00.000,Off-Plan Property,Apartment,Business Bay,Bayz 102 By Danube,2 B/R,1209.23,3460380,2861.64,Danube,Danube Properties,1
2026-01-29T00:00:00.000,Off-Plan Property,Apartment,Business Bay,Bayz 102 By Danube,1 B/R,805.58,2533650,3145.13,Danube,Danube Properties,1
2026-01-29T00:00:00.000,Off-Plan Property,Apartment,Business Bay,Bayz 102 By Danube,1 B/R,751.97,2324160,3090.75,Danube,Danube Properties,1
2026-01-28T00:00:00.000,Off-Plan Property,Apartment,Jumeirah Village Circle,Binghatti Ruby,0 B/R,399.67,937499,2345.7,Binghatti,Binghatti Holding Limited,1
2026-01-28T00:00:00.000,Off-Plan Property,Apartment,Jumeirah Village Circle,Binghatti Ruby,0 B/R,412.69,962499,2332.25,Binghatti,Binghatti Holding Limited,1
2026-01-28T00:00:00.000,Off-Plan Property,Apartment,Jumeirah Village Circle,Grove By Binghatti,1 B/R,791.26,1762499,2227.45,Binghatti,Binghatti Holding Limited,1
2026-01-28T00:00:00.000,Off-Plan Property,Apartment,Al Mina,Marina Views 2,2 B/R,1222.79,4112264,3363.02,Emaar,Emaar Properties PJSC,2
2026-01-28T00:00:00.000,Off-Plan Property,Apartment,Business Bay,Bayz 101,0 B/R,373.62,1379340,3691.84,Danube,Danube Properties,2
2026-01-28T00:00:00.000,Off-Plan Property,Apartment,Business Bay,Binghatti Skyrise Tower 3,0 B/R,425.61,1020000,2396.57,Binghatti,Binghatti Holding Limited,2
2026-01-28T00:00:00.000,Off-Plan Property,Apartment,Business Bay,Binghatti Skyrise Tower 3,0 B/R,425.61,1000000,2349.58,Binghatti,Binghatti Holding Limited,2
2026-01-28T00:00:00.000,Off-Plan Property,Apartment,Business Bay,The Edge 2,1 B/R,647.35,1700000,2626.1,Select Group,Select Group,2
2026-01-28T00:00:00.000,Off-Plan Property,Apartment,Dubai Creek Harbour,The Cove ll Building 10,2 B/R,1385.76,3275000,2363.33,Emaar,Emaar Properties PJSC,2
2026-01-28T00:00:00.000,Off-Plan Property,Apartment,Dubai Harbour,Bayview Tower 2,1 B/R,763.6,3541888,4638.42,Emaar,Emaar Properties PJSC,2
2026-01-28T00:00:00.000,Off-Plan Property,Apartment,Dubai Harbour,Damac Bay - Tower B,1 B/R,443.15,2000600,4514.46,Damac,Damac Properties,0
2026-01-28T00:00:00.000,Off-Plan Property,Apartment,Dubai Hills Estate,Park Lane Building 1B,3 B/R,1523.43,3570000,2343.4,Emaar,Emaar Properties PJSC,2
2026-01-28T00:00:00.000,Off-Plan Property,Apartment,Dubai Islands,Hado by Beyond Tower A,1 B/R,830.87,2412000,2902.97,Beyond Developments,Beyond Developments,2
2026-01-28T00:00:00.000,Off-Plan Property,Apartment,Dubai Marina,Liv Lux,1 B/R,900.52,2930000,3253.69,LIV,LIV Real Estate Development,2
2026-01-28T00:00:00.000,Off-Plan Property,Apartment,Uptown Motorcity,Sobha Solis Tower B,1 B/R,542.4,1139040,2100.01,Sobha,Sobha Real Estate L.L.C,1
2026-01-28T00:00:00.000,Off-Plan Property,Apartment,Uptown Motorcity,Sobha Solis Tower B,1 B/R,544.66,1113809,2044.97,Sobha,Sobha Real Estate L.L.C,1
2026-01-28T00:00:00.000,Off-Plan Property,Apartment,Sobha Hartland 2,Skyscape Avenue,1 B/R,876.94,2196735,2504.99,Sobha,Sobha Real Estate L.L.C,1
2026-01-28T00:00:00.000,Off-Plan Property,Apartment,Sobha Hartland,The Element at Sobha One,3 B/R,1957.76,5099913,2604.98,Sobha,Sobha Real Estate L.L.C,1
2026-01-28T00:00:00.000,Off-Plan Property,Apartment,Sobha Hartland 2,320 Riverside Crescent,1 B/R,758.75,1896875,2499.99,Sobha,Sobha Real Estate L.L.C,1
2026-01-28T00:00:00.000,Off-Plan Property,Apartment,Sobha Hartland 2,Skyscape Altius,2 B/R,1383.28,3548088,2564.98,Sobha,Sobha Real Estate L.L.C,1
2026-01-28T00:00:00.000,Off-Plan Property,Apartment,Sobha Hartland 2,Skyscape Aura,2 B/R,1514.06,3951671,2609.98,Sobha,Sobha Real Estate L.L.C,1
2026-01-28T00:00:00.000,Off-Plan Property,Apartment,Sobha Hartland 2,Skyscape Avenue,1 B/R,877.05,2113691,2410,Sobha,Sobha Real Estate L.L.C,1
2026-01-28T00:00:00.000,Off-Plan Property,Apartment,Sobha Hartland 2,Skyvue Stellar,3 B/R,1682.63,4677656,2779.97,Sobha,Sobha Real Estate L.L.C,1
2026-01-28T00:00:00.000,Off-Plan Property,Apartment,Uptown Motorcity,Sobha Orbis Tower C,1 B/R,830.33,1768603,2129.99,Sobha,Sobha Real Estate L.L.C,1
2026-01-28T00:00:00.000,Off-Plan Property,Apartment,Sobha Hartland 2,Skyvue Stellar,1 B/R,873.28,2445156,2799.96,Sobha,Sobha Real Estate L.L.C,1
2026-01-28T00:00:00.000,Off-Plan Property,Apartment,Sobha Hartland 2,Skyvue Stellar,2 B/R,1191.68,3217509,2699.97,Sobha,Sobha Real Estate L.L.C,1
2026-01-28T00:00:00.000,Off-Plan Property,Apartment,Jumeirah Village Circle,Binghatti Amberhall,0 B/R,361.99,744999,2058.05,Binghatti,Binghatti Holding Limited,1
2026-01-28T00:00:00.000,Off-Plan Property,Apartment,Dubai Science Park (Dubiotech),Binghatti Hillside,0 B/R,372.65,812999,2181.67,Binghatti,Binghatti Holding Limited,1
2026-01-28T00:00:00.000,Off-Plan Property,Apartment,Dubai Maritime City,Chelsea 2 Tower C,1 B/R,1001.7,3092000,3086.76,Damac,Damac Properties,1
2026-01-28T00:00:00.000,Off-Plan Property,Apartment,Dubai Islands,Samana Ocean Bay Building 1,1 B/R,832.16,2116608,2543.5,Samana,Samana Developers,1
2026-01-28T00:00:00.000,Off-Plan Property,Apartment,Dubai Islands,Sunset Bay Grand,1 B/R,844.54,2064602.7,2444.64,Imtiaz,Imtiaz Real Estate Investment And Development L.L.C,1
2026-01-28T00:00:00.000,Off-Plan Property,Apartment,Dubai Islands,Villa del Arte,2 B/R,1262.19,3461000,2742.07,MR Eight,Mr. Eight Development,1
2026-01-28T00:00:00.000,Off-Plan Property,Apartment,Dubai Islands,Villa del Arte,2 B/R,1106.11,3040000,2748.37,MR Eight,Mr. Eight Development,1
2026-01-28T00:00:00.000,Off-Plan Property,Apartment,Dubai Islands,Villa del Arte,2 B/R,1102.56,2982000,2704.62,MR Eight,Mr. Eight Development,1
2026-01-28T00:00:00.000,Off-Plan Property,Apartment,Dubai Islands,Villa del Arte,2 B/R,1458.52,4147000,2843.29,MR Eight,Mr. Eight Development,1
2026-01-28T00:00:00.000,Off-Plan Property,Apartment,Dubai Islands,Villa del Arte,1 B/R,650.58,1911000,2937.4,MR Eight,Mr. Eight Development,1
2026-01-28T00:00:00.000,Off-Plan Property,Apartment,Dubai Islands,Wellington Ocean Walk,1 B/R,905.68,2264189,2499.98,Ellington,Wellington Elite Real Estate Development LLC,1
2026-01-28T00:00:00.000,Off-Plan Property,Apartment,Dubai Marina,Aba Lux Living - Kempinski Marina Residences,1 B/R,1173.6,2704225,2304.22,ABA,ABA Group,1
2026-01-28T00:00:00.000,Off-Plan Property,Apartment,Dubai Marina,Marina Shores,2 B/R,1135.6,3250000,2861.92,Emaar,Emaar Properties PJSC,1
2026-01-28T00:00:00.000,Off-Plan Property,Apartment,Dubai Maritime City,Breez by Danube,1 B/R,603,2184000,3621.89,Danube,Danube Properties,1
2026-01-28T00:00:00.000,Off-Plan Property,Apartment,Dubai Maritime City,Chelsea 2 Tower C,1 B/R,776.3,2655000,3420.07,Damac,Damac Properties,1
2026-01-28T00:00:00.000,Off-Plan Property,Apartment,Dubai Maritime City,Franck Muller Yachting by London Gate,0 B/R,429.05,1414000,3295.63,London Gate L L C,London Gate Real Estate Development L.L.C,1
2026-01-28T00:00:00.000,Off-Plan Property,Apartment,Dubai Maritime City,Franck Muller Yachting by London Gate,2 B/R,1461.54,3132000,2142.95,London Gate L L C,London Gate Real Estate Development L.L.C,1
2026-01-28T00:00:00.000,Off-Plan Property,Apartment,Dubai Maritime City,Kanyon by Beyond - Canyon by Beyond,2 B/R,1419.23,4010000,2825.47,Omniyat,Omniyat Properties,1
2026-01-28T00:00:00.000,Off-Plan Property,Apartment,Dubai Maritime City,Kanyon by Beyond - Canyon by Beyond,2 B/R,1505.99,4820620,3200.96,Omniyat,Omniyat Properties,1
2026-01-28T00:00:00.000,Off-Plan Property,Apartment,Dubai Maritime City,Kanyon by Beyond - Canyon by Beyond,2 B/R,1356.05,4954000,3653.26,Omniyat,Omniyat Properties,1
2026-01-28T00:00:00.000,Off-Plan Property,Apartment,Dubai Maritime City,Kanyon by Beyond - Canyon by Beyond,2 B/R,1370.58,4499000,3282.55,Omniyat,Omniyat Properties,1
2026-01-28T00:00:00.000,Off-Plan Property,Apartment,Dubai Maritime City,SouleverTower 2 - Jumeirah Peninsula,1 B/R,855.74,3155000,3686.88,Omniyat,Omniyat Properties,1
2026-01-28T00:00:00.000,Off-Plan Property,Apartment,Dubai Maritime City,Talea by Beyond,2 B/R,1421.49,4321000,3039.76,Beyond Developments,Beyond Developments,1
2026-01-28T00:00:00.000,Off-Plan Property,Apartment,Dubai Sports City,Aspirz Tower,1 B/R,479.97,1087800,2266.41,Danube,Danube Properties,1
2026-01-28T00:00:00.000,Off-Plan Property,Apartment,Jebel Ali First,The Eden at Sobha Central,1 B/R,581.26,1711781,2944.97,Sobha,Sobha Real Estate L.L.C,1
2026-01-28T00:00:00.000,Off-Plan Property,Apartment,Jebel Ali First,The Eden at Sobha Central,2 B/R,1202.02,3557950,2959.99,Sobha,Sobha Real Estate L.L.C,1
2026-01-28T00:00:00.000,Off-Plan Property,Apartment,Jebel Ali First,The Serene at Sobha Central,2 B/R,852.62,2506673,2939.98,Sobha,Sobha Real Estate L.L.C,1
2026-01-28T00:00:00.000,Off-Plan Property,Apartment,Jebel Ali First,Tranquil at Sobha Central,1 B/R,495.47,1424476,2875.02,Sobha,Sobha Real Estate L.L.C,1
2026-01-28T00:00:00.000,Off-Plan Property,Apartment,Jumeirah Garden City,DoubleTree by Hilton Residences - West 5,2 B/R,1304.7,2983655.36,2286.84,West F5,West F5 Development LLC,1
2026-01-28T00:00:00.000,Off-Plan Property,Apartment,Jumeirah Lake Towers,Diamondz By Danube,3 B/R,1519.02,3668140,2414.81,Danube,Danube Properties,1
2026-01-28T00:00:00.000,Off-Plan Property,Apartment,Jumeirah Lake Towers,Saba Towers 4,3 B/R,2194.67,5928962,2701.53,Saba JLT,SABA Properties JLT,1
2026-01-28T00:00:00.000,Off-Plan Property,Apartment,Jumeirah Village Circle,Berkeley Square,0 B/R,350.91,757570,2158.89,Prestige ONE Developments Prestige ONE Luxury LL,Prestige One Developments - Prestige One Luxury Real Estate LL,1
2026-01-28T00:00:00.000,Off-Plan Property,Apartment,Dubai Sports City,Aspirz Tower,0 B/R,394.07,874160,2218.29,Danube,Danube Properties,1
2026-01-28T00:00:00.000,Off-Plan Property,Apartment,Dubai Sports City,Aspirz Tower,1 B/R,489.12,1153000,2357.31,Danube,Danube Properties,1
2026-01-28T00:00:00.000,Off-Plan Property,Apartment,Dubai Sports City,Aspirz Tower,0 B/R,389.12,903870,2322.87,Danube,Danube Properties,1
2026-01-28T00:00:00.000,Off-Plan Property,Apartment,Horizon,Belmore Residences,1 B/R,738.95,1519828,2056.74,Ellington,Ellington Properties Development L.L.C,1
2026-01-28T00:00:00.000,Off-Plan Property,Apartment,Horizon,Belmore Residences,2 B/R,1314.61,2767828,2105.44,Ellington,Ellington Properties Development L.L.C,1
2026-01-28T00:00:00.000,Off-Plan Property,Apartment,Horizon,Future Residence,1 B/R,644.44,1372761,2130.16,True Future,True Future Real Estate Development LLC,1
2026-01-28T00:00:00.000,Off-Plan Property,Apartment,Ras Al Khor Industrial First,Sobha One Tower B,1 B/R,745.51,1785496,2394.98,Sobha,Sobha Real Estate L.L.C,2
2026-01-28T00:00:00.000,Off-Plan Property,Apartment,Sobha Hartland 2,330 Riverside Crescent,1 B/R,736.15,1630550,2214.97,Sobha,Sobha Real Estate L.L.C,2
2026-01-28T00:00:00.000,Off-Plan Property,Apartment,Sobha Hartland 2,340 Riverside Crescent,1 B/R,869.95,2000862,2299.98,Sobha,Sobha Real Estate L.L.C,2
2026-01-28T00:00:00.000,Off-Plan Property,Apartment,Dubai Islands,Meriden Beach Residences,1 B/R,774.58,1779000,2296.74,Green Horizon,Green Horizon Real Estate Development LLC,1
2026-01-28T00:00:00.000,Off-Plan Property,Apartment,Downtown Dubai,Fairmont Residences Solara Tower,1 B/R,1174.03,3390004,2887.49,SOL,SOL Properties,0
2026-01-28T00:00:00.000,Off-Plan Property,Apartment,Dubai Hills Estate,Palace Residences Hillside A,1 B/R,680.93,1850888,2718.17,Emaar,Emaar Properties PJSC,1
2026-01-28T00:00:00.000,Off-Plan Property,Apartment,Dubai Hills Estate,Palace Residences Hillside A,2 B/R,1059.72,2722888,2569.45,Emaar,Emaar Properties PJSC,1
2026-01-28T00:00:00.000,Off-Plan Property,Apartment,Dubai Hills Estate,Palace Residences Hillside A,2 B/R,1065.21,2534888,2379.72,Emaar,Emaar Properties PJSC,1
2026-01-28T00:00:00.000,Off-Plan Property,Apartment,Dubai Hills Estate,Palace Residences Hillside A,2 B/R,1147.33,2720888,2371.49,Emaar,Emaar Properties PJSC,1
2026-01-28T00:00:00.000,Off-Plan Property,Apartment,Dubai Hills Estate,Palace Residences Hillside A,2 B/R,1061.65,2537888,2390.51,Emaar,Emaar Properties PJSC,1
2026-01-28T00:00:00.000,Off-Plan Property,Apartment,Dubai Hills Estate,Parkwood Tower A,1 B/R,830.01,1992888,2401.04,Emaar,Emaar Properties PJSC,1
2026-01-28T00:00:00.000,Off-Plan Property,Apartment,Dubai Harbour,Dubai Harbour Residences (Area 3),1 B/R,1010.31,4273306.57,4229.7,H&H,H&H Investment and Development,1
2026-01-28T00:00:00.000,Off-Plan Property,Apartment,Dubai Creek Harbour,Montiva at Green Gate,1 B/R,765.21,1923888,2514.19,Emaar,Emaar Properties PJSC,1
2026-01-28T00:00:00.000,Off-Plan Property,Apartment,Dubai Creek Harbour,Creek Haven Tower A,2 B/R,1238.4,3613888,2918.2,Emaar,Emaar Properties PJSC,1
2026-01-28T00:00:00.000,Off-Plan Property,Apartment,Downtown Dubai,Binghatti Skyblade,1 B/R,760.26,3249999,4274.84,Binghatti,Binghatti Holding Limited,1
2026-01-28T00:00:00.000,Off-Plan Property,Apartment,Downtown Dubai,Binghatti Skyblade,1 B/R,994.7,3750599.06,3770.58,Binghatti,Binghatti Holding Limited,1
2026-01-28T00:00:00.000,Off-Plan Property,Apartment,Downtown Dubai,Volta Tower,1 B/R,726.68,1766940,2431.53,Damac,Damac Properties,1
2026-01-28T00:00:00.000,Off-Plan Property,Apartment,Dubai Creek Harbour,Creek Haven Tower A,2 B/R,1190.93,3639888,3056.34,Emaar,Emaar Properties PJSC,1
2026-01-28T00:00:00.000,Off-Plan Property,Apartment,Dubai Islands,Capital Horizon Terraces,1 B/R,855.63,2292672.52,2679.51,Capital International,Capital International Real Estate Developer LLC,1
2026-01-28T00:00:00.000,Off-Plan Property,Apartment,Dubai Islands,Hado by Beyond Tower B,1 B/R,826.35,2571000,3111.26,Beyond Developments,Beyond Developments,1
2026-01-28T00:00:00.000,Off-Plan Property,Apartment,Dubai Islands,Hado by Beyond Tower A,1 B/R,866.72,2629000,3033.28,Beyond Developments,Beyond Developments,1
2026-01-28T00:00:00.000,Off-Plan Property,Apartment,Dubai Islands,Hado by Beyond Tower A,1 B/R,831.73,2544000,3058.67,Beyond Developments,Beyond Developments,1
2026-01-28T00:00:00.000,Off-Plan Property,Apartment,Dubai Islands,Hado by Beyond Tower A,1 B/R,835.93,2526000,3021.78,Beyond Developments,Beyond Developments,1
2026-01-28T00:00:00.000,Off-Plan Property,Apartment,Dubai Islands,Hado by Beyond Tower A,1 B/R,831.63,2642000,3176.91,Beyond Developments,Beyond Developments,1
2026-01-28T00:00:00.000,Off-Plan Property,Apartment,Dubai Islands,Hado by Beyond Tower A,1 B/R,831.73,2643000,3177.7,Beyond Developments,Beyond Developments,1
2026-01-28T00:00:00.000,Off-Plan Property,Apartment,Dubai Islands,Hado by Beyond Tower A,1 B/R,830.66,2640000,3178.2,Beyond Developments,Beyond Developments,1
2026-01-28T00:00:00.000,Off-Plan Property,Apartment,Dubai Islands,Hado by Beyond Tower A,1 B/R,830.77,2516000,3028.53,Beyond Developments,Beyond Developments,1
2026-01-28T00:00:00.000,Off-Plan Property,Apartment,Dubai Islands,Hado by Beyond Tower B,2 B/R,1305.24,4935000,3780.91,Beyond Developments,Beyond Developments,1
2026-01-28T00:00:00.000,Off-Plan Property,Apartment,Dubai Islands,Hado by Beyond Tower B,2 B/R,1168.97,4294000,3673.32,Beyond Developments,Beyond Developments,1
2026-01-28T00:00:00.000,Off-Plan Property,Apartment,Dubai Islands,Hado by Beyond Tower B,2 B/R,1982.62,6416000,3236.12,Beyond Developments,Beyond Developments,1
2026-01-28T00:00:00.000,Off-Plan Property,Apartment,Dubai Islands,Hado by Beyond Tower B,2 B/R,1235.38,4801000,3886.24,Beyond Developments,Beyond Developments,1
2026-01-28T00:00:00.000,Off-Plan Property,Apartment,Dubai Islands,Hado by Beyond Tower B,2 B/R,1310.41,5052000,3855.28,Beyond Developments,Beyond Developments,1
2026-01-28T00:00:00.000,Off-Plan Property,Apartment,Dubai Islands,Hado by Beyond Tower B,1 B/R,831.73,2780000,3342.41,Beyond Developments,Beyond Developments,1
2026-01-28T00:00:00.000,Off-Plan Property,Apartment,Dubai Islands,Hado by Beyond Tower A,1 B/R,870.05,2611000,3000.96,Beyond Developments,Beyond Developments,1
2026-01-28T00:00:00.000,Off-Plan Property,Apartment,Dubai Islands,Hado by Beyond Tower B,1 B/R,1288.67,3638000,2823.07,Beyond Developments,Beyond Developments,1
2026-01-28T00:00:00.000,Off-Plan Property,Apartment,Dubai Islands,Hado by Beyond Tower B,1 B/R,827.86,3104000,3749.43,Beyond Developments,Beyond Developments,1
2026-01-28T00:00:00.000,Off-Plan Property,Apartment,Dubai Islands,Hado by Beyond Tower C,2 B/R,1230.43,4141000,3365.48,Beyond Developments,Beyond Developments,1
2026-01-28T00:00:00.000,Off-Plan Property,Apartment,Dubai Islands,Hado by Beyond Tower C,2 B/R,1679.18,5262000,3133.66,Beyond Developments,Beyond Developments,1
2026-01-28T00:00:00.000,Off-Plan Property,Apartment,Dubai Islands,Hado by Beyond Tower C,2 B/R,1230.43,4214000,3424.81,Beyond Developments,Beyond Developments,1
2026-01-28T00:00:00.000,Off-Plan Property,Apartment,Dubai Islands,Hado by Beyond Tower C,3 B/R,2043.01,7237000,3542.33,Beyond Developments,Beyond Developments,1
2026-01-28T00:00:00.000,Off-Plan Property,Apartment,Dubai Islands,Hado by Beyond Tower C,2 B/R,2062.49,6222000,3016.74,Beyond Developments,Beyond Developments,1
2026-01-28T00:00:00.000,Off-Plan Property,Apartment,Dubai Islands,Hado by Beyond Tower C,2 B/R,2029.23,6429000,3168.2,Beyond Developments,Beyond Developments,1
2026-01-28T00:00:00.000,Off-Plan Property,Apartment,Dubai Islands,Hado by Beyond Tower C,1 B/R,796.64,2583000,3242.35,Beyond Developments,Beyond Developments,1
2026-01-28T00:00:00.000,Off-Plan Property,Apartment,Dubai Islands,Hatimi Residences,1 B/R,839.81,2350000,2798.26,Fakhruddin,Fakhruddin Properties,1
2026-01-28T00:00:00.000,Off-Plan Property,Apartment,Dubai Islands,Hado by Beyond Tower A,1 B/R,830.87,2412000,2902.97,Beyond Developments,Beyond Developments,1
2026-01-28T00:00:00.000,Off-Plan Property,Apartment,Dubai Islands,Hado by Beyond Tower A,1 B/R,831.73,2540000,3053.86,Beyond Developments,Beyond Developments,1
2026-01-28T00:00:00.000,Off-Plan Property,Apartment,Dubai Islands,Elle Residences,3 B/R,1597.81,5715777,3577.26,Anax Developments,ANAX Developments,1
2026-01-28T00:00:00.000,Off-Plan Property,Apartment,Dubai Islands,Hado by Beyond Tower A,2 B/R,1266.38,4170000,3292.84,Beyond Developments,Beyond Developments,1
2026-01-28T00:00:00.000,Off-Plan Property,Apartment,Dubai Islands,Ellington Sands 1A -Ellington Cove 1A,2 B/R,1177.9,3302828,2803.99,Ellington,Ellington Properties Development L.L.C,1
2026-01-28T00:00:00.000,Off-Plan Property,Apartment,Dubai Islands,Ellington Sands 1A -Ellington Cove 1A,1 B/R,489.22,1426828,2916.51,Ellington,Ellington Properties Development L.L.C,1
2026-01-28T00:00:00.000,Off-Plan Property,Apartment,Dubai Islands,Ellington Sands 1A -Ellington Cove 1A,1 B/R,802.13,2090828,2606.58,Ellington,Ellington Properties Development L.L.C,1
2026-01-28T00:00:00.000,Off-Plan Property,Apartment,Dubai Islands,Ellington Sands 1A -Ellington Cove 1A,2 B/R,1221.61,3479828,2848.57,Ellington,Ellington Properties Development L.L.C,1
2026-01-28T00:00:00.000,Off-Plan Property,Apartment,Dubai Islands,Ellington Sands 2A -Ellington Cove 2A,1 B/R,861.66,2457828,2852.44,Ellington,Ellington Properties Development L.L.C,1
2026-01-28T00:00:00.000,Off-Plan Property,Apartment,Dubai Islands,Ellington Sands 2A -Ellington Cove 2A,2 B/R,1299.65,3453828,2657.52,Ellington,Ellington Properties Development L.L.C,1
2026-01-28T00:00:00.000,Off-Plan Property,Apartment,Dubai Islands,Ellington Sands 2A -Ellington Cove 2A,3 B/R,1840.43,4740828,2575.94,Ellington,Ellington Properties Development L.L.C,1
2026-01-28T00:00:00.000,Off-Plan Property,Apartment,Dubai Islands,Ellington Sands 2A -Ellington Cove 2A,3 B/R,1730.1,5010828,2896.27,Ellington,Ellington Properties Development L.L.C,1
2026-01-28T00:00:00.000,Off-Plan Property,Apartment,Dubai Islands,Ellington Sands 2B -Ellington Cove 2B,3 B/R,2221.26,6569828,2957.7,Ellington,Ellington Properties Development L.L.C,1
2026-01-28T00:00:00.000,Off-Plan Property,Apartment,Dubai Islands,Hado by Beyond Tower A,2 B/R,1266.38,4161000,3285.73,Beyond Developments,Beyond Developments,1
2026-01-28T00:00:00.000,Off-Plan Property,Apartment,Dubai Islands,Hado by Beyond Tower A,1 B/R,829.9,2649000,3191.93,Beyond Developments,Beyond Developments,1
2026-01-28T00:00:00.000,Off-Plan Property,Apartment,Dubai Islands,Hado by Beyond Tower A,2 B/R,1167.68,3908000,3346.81,Beyond Developments,Beyond Developments,1
2026-01-28T00:00:00.000,Off-Plan Property,Apartment,Dubai Islands,Hado by Beyond Tower A,2 B/R,1236.14,3837000,3104.02,Beyond Developments,Beyond Developments,1
2026-01-28T00:00:00.000,Off-Plan Property,Apartment,Dubai Islands,Hado by Beyond Tower A,2 B/R,1168.65,3924000,3357.73,Beyond Developments,Beyond Developments,1
2026-01-28T00:00:00.000,Off-Plan Property,Apartment,Dubai Islands,Hado by Beyond Tower A,2 B/R,1231.29,4134000,3357.44,Beyond Developments,Beyond Developments,1
2026-01-28T00:00:00.000,Off-Plan Property,Apartment,Dubai Islands,Hado by Beyond Tower A,2 B/R,1168.54,3923000,3357.18,Beyond Developments,Beyond Developments,1
2026-01-28T00:00:00.000,Off-Plan Property,Apartment,Dubai Islands,Hado by Beyond Tower A,3 B/R,2044.73,7125000,3484.57,Beyond Developments,Beyond Developments,1
2026-01-28T00:00:00.000,Off-Plan Property,Apartment,Dubai Islands,Hado by Beyond Tower A,3 B/R,1674.88,6812000,4067.16,Beyond Developments,Beyond Developments,1
2026-01-28T00:00:00.000,Off-Plan Property,Apartment,Dubai Islands,Hado by Beyond Tower A,2 B/R,1307.29,3879000,2967.21,Beyond Developments,Beyond Developments,1
2026-01-28T00:00:00.000,Off-Plan Property,Apartment,Dubai Islands,Hado by Beyond Tower A,1 B/R,829.9,2532000,3050.95,Beyond Developments,Beyond Developments,1
2026-01-28T00:00:00.000,Off-Plan Property,Apartment,Dubai Islands,Hado by Beyond Tower A,1 B/R,831.73,2537000,3050.25,Beyond Developments,Beyond Developments,1
2026-01-28T00:00:00.000,Off-Plan Property,Apartment,Dubai Islands,Hado by Beyond Tower A,1 B/R,835.5,2421000,2897.66,Beyond Developments,Beyond Developments,1
2026-01-28T00:00:00.000,Off-Plan Property,Apartment,Dubai Islands,Hado by Beyond Tower A,1 B/R,791.37,2378000,3004.92,Beyond Developments,Beyond Developments,1
2026-01-28T00:00:00.000,Off-Plan Property,Apartment,Dubai Islands,Hado by Beyond Tower A,2 B/R,1307.18,4442000,3398.15,Beyond Developments,Beyond Developments,1
2026-01-28T00:00:00.000,Off-Plan Property,Apartment,Dubai Islands,Hado by Beyond Tower A,1 B/R,796.75,2433000,3053.65,Beyond Developments,Beyond Developments,1
2026-01-28T00:00:00.000,Off-Plan Property,Apartment,Dubai Islands,Capital Horizon Terraces,1 B/R,855.63,2122738.76,2480.91,Capital International,Capital International Real Estate Developer LLC,1
2026-01-28T00:00:00.000,Off-Plan Property,Apartment,Azizi Venice,Azizi Venice 7 C,0 B/R,350.8,749810,2137.44,Azizi,Azizi Developments,1
2026-01-28T00:00:00.000,Off-Plan Property,Apartment,Al Jadaf,Binghatti Cullinan,2 B/R,893.3,2018999,2260.15,Binghatti,Binghatti Holding Limited,1
2026-01-28T00:00:00.000,Off-Plan Property,Apartment,Al Jadaf,Binghatti Cullinan,0 B/R,383.52,824999,2151.12,Binghatti,Binghatti Holding Limited,1
2026-01-28T00:00:00.000,Off-Plan Property,Apartment,Al Jadaf,Binghatti Cullinan,0 B/R,379.75,826999,2177.72,Binghatti,Binghatti Holding Limited,1
2026-01-28T00:00:00.000,Off-Plan Property,Apartment,Al Jadaf,Binghatti Cullinan,1 B/R,699.23,1566999,2241.04,Binghatti,Binghatti Holding Limited,1
2026-01-28T00:00:00.000,Off-Plan Property,Apartment,Al Jadaf,Binghatti Cullinan,1 B/R,699.23,1568999,2243.9,Binghatti,Binghatti Holding Limited,1
2026-01-28T00:00:00.000,Off-Plan Property,Apartment,Al Mina,Aurea at Mina Rashid,1 B/R,892.77,2387888,2674.71,Emaar,Emaar Properties PJSC,1
2026-01-28T00:00:00.000,Off-Plan Property,Apartment,Al Mina,Aurea at Mina Rashid,2 B/R,1269.08,3303711,2603.24,Emaar,Emaar Properties PJSC,1
2026-01-28T00:00:00.000,Off-Plan Property,Apartment,Al Mina,Baystar by Vida Tower 1,3 B/R,1701.25,7031888,4133.36,Emaar,Emaar Properties PJSC,1
2026-01-28T00:00:00.000,Off-Plan Property,Apartment,Al Wasl,City Walk Crestlane 4 Building A,2 B/R,1388.02,4795000,3454.57,Meraas,Meraas Development  L.L.C,1
2026-01-28T00:00:00.000,Off-Plan Property,Apartment,Al Wasl,City Walk Crestlane 4 Building A,3 B/R,2154.63,7385000,3427.5,Meraas,Meraas Development  L.L.C,1
2026-01-28T00:00:00.000,Off-Plan Property,Apartment,Al Wasl,City Walk Crestlane 4 Building B,2 B/R,1388.02,4737000,3412.78,Meraas,Meraas Development  L.L.C,1
2026-01-28T00:00:00.000,Off-Plan Property,Apartment,Al Wasl,City Walk Crestlane 5 Building A,2 B/R,1506.96,5165000,3427.43,Meraas,Meraas Development  L.L.C,1
2026-01-28T00:00:00.000,Off-Plan Property,Apartment,Al Wasl,City Walk Crestlane 5 Building A,3 B/R,2082.3,7220000,3467.33,Meraas,Meraas Development  L.L.C,1
2026-01-28T00:00:00.000,Off-Plan Property,Apartment,Al Wasl,City Walk Crestlane 5 Building B,2 B/R,1592.86,5129000,3220,Meraas,Meraas Development  L.L.C,1
2026-01-28T00:00:00.000,Off-Plan Property,Apartment,Al Wasl,City Walk Crestlane 5 Building B,3 B/R,2101.03,7227000,3439.75,Meraas,Meraas Development  L.L.C,1
2026-01-28T00:00:00.000,Off-Plan Property,Apartment,Al Wasl,Safa Gate,0 B/R,392.35,1367000,3484.15,Damac,Damac Properties,1
2026-01-28T00:00:00.000,Off-Plan Property,Apartment,Downtown Dubai,Fairmont Residences Solara Tower,1 B/R,1031.51,3235029,3136.19,SOL,SOL Properties,0
2026-01-28T00:00:00.000,Off-Plan Property,Apartment,Business Bay,Avarra - Business Bay Palace Residences,1 B/R,790.08,2690970,3405.96,Emaar,Emaar Properties PJSC,1
2026-01-28T00:00:00.000,Off-Plan Property,Apartment,Business Bay,Binghatti Aquarise Tower B,1 B/R,907.84,2387999,2630.43,Binghatti,Binghatti Holding Limited,1
2026-01-28T00:00:00.000,Off-Plan Property,Apartment,Business Bay,Avarra - Business Bay Palace Residences,1 B/R,824.85,3164888,3836.95,Emaar,Emaar Properties PJSC,1
2026-01-28T00:00:00.000,Off-Plan Property,Apartment,Business Bay,Avarra - Business Bay Palace Residences,2 B/R,1436.35,4619888,3216.41,Emaar,Emaar Properties PJSC,1
2026-01-28T00:00:00.000,Off-Plan Property,Apartment,Business Bay,Avarra - Business Bay Palace Residences,1 B/R,829.47,3212888,3873.4,Emaar,Emaar Properties PJSC,1
2026-01-28T00:00:00.000,Off-Plan Property,Apartment,Business Bay,Avarra - Business Bay Palace Residences,2 B/R,1443.34,4952888,3431.53,Emaar,Emaar Properties PJSC,1
2026-01-28T00:00:00.000,Off-Plan Property,Apartment,Business Bay,Avarra - Business Bay Palace Residences,2 B/R,1443.34,5066888,3510.52,Emaar,Emaar Properties PJSC,1
2026-01-28T00:00:00.000,Off-Plan Property,Apartment,Business Bay,Avarra - Business Bay Palace Residences,2 B/R,1443.34,5138888,3560.4,Emaar,Emaar Properties PJSC,1
2026-01-28T00:00:00.000,Off-Plan Property,Apartment,Business Bay,Binghatti Aquarise Tower A,1 B/R,789.65,2005999,2540.37,Binghatti,Binghatti Holding Limited,1
2026-01-28T00:00:00.000,Off-Plan Property,Apartment,Business Bay,Binghatti Aquarise Tower D,1 B/R,800.73,2359999,2947.29,Binghatti,Binghatti Holding Limited,1
2026-01-28T00:00:00.000,Off-Plan Property,Apartment,Business Bay,Binghatti Skyrise Tower 1,1 B/R,1021.93,3129999,3062.82,Binghatti,Binghatti Holding Limited,1
2026-01-28T00:00:00.000,Off-Plan Property,Apartment,Business Bay,DWTN Residences - Downtown Residences,1 B/R,777.91,2183446,2806.8,Deyaar,Deyaar Development Company,1
2026-01-28T00:00:00.000,Off-Plan Property,Apartment,Business Bay,Sobha Skyparks,1 B/R,715.59,2916029,4075,Sobha,Sobha Real Estate L.L.C,1
2026-01-28T00:00:00.000,Off-Plan Property,Apartment,Business Bay,One B Tower (One Billion Tower),2 B/R,2116.2,4591000,2169.45,AL Wasl,Al Wasl Properties PJSC,1
2026-01-28T00:00:00.000,Off-Plan Property,Apartment,Business Bay,Avarra - Business Bay Palace Residences,1 B/R,824.85,2840910,3444.17,Emaar,Emaar Properties PJSC,1
2026-01-27T00:00:00.000,Off-Plan Property,Apartment,Jumeirah Village Triangle,Elaris Rise,0 B/R,359.84,788973,2192.56,TSZ Object ONE L L C,TSZ Group - Object One Real Estate Development L.L.C,1
2026-01-27T00:00:00.000,Off-Plan Property,Apartment,Jumeirah Village Triangle,SOL Levante,1 B/R,575.66,1225000,2128,SOL,SOL Properties,1
2026-01-27T00:00:00.000,Off-Plan Property,Apartment,Jumeirah Garden City,Evergrin House,0 B/R,438.42,1088208,2482.13,TSZ Object ONE L L C,TSZ Group - Object One Real Estate Development L.L.C,1
2026-01-27T00:00:00.000,Off-Plan Property,Apartment,Jumeirah Lake Towers,Diamondz By Danube,2 B/R,1107.29,2616960,2363.39,Danube,Danube Properties,1
2026-01-27T00:00:00.000,Off-Plan Property,Apartment,Meydan City,Saddlewood Park - Belmont Park,2 B/R,1188.78,2600000,2187.12,Ermak,Ermak Development,1
2026-01-27T00:00:00.000,Off-Plan Property,Apartment,Meydan One,Azizi Riviera 50,2 B/R,1201.59,3110965,2589.05,Azizi,Azizi Developments,1
2026-01-27T00:00:00.000,Off-Plan Property,Apartment,Meydan One,Azizi Riviera 68,0 B/R,464.25,980100,2111.14,Azizi,Azizi Developments,1
2026-01-27T00:00:00.000,Off-Plan Property,Apartment,Meydan One,Azizi Riviera Reve Tower 1,2 B/R,1209.87,3570214.5,2950.9,Azizi,Azizi Developments,1
2026-01-27T00:00:00.000,Off-Plan Property,Apartment,Dubai Islands,Hado by Beyond Tower C,1 B/R,829.9,2585000,3114.82,Beyond Developments,Beyond Developments,1
2026-01-27T00:00:00.000,Off-Plan Property,Apartment,Horizon,Wynwood Horizon,1 B/R,866.61,2083761,2404.5,Imtiaz,Imtiaz Real Estate Investment And Development L.L.C,1
2026-01-27T00:00:00.000,Off-Plan Property,Apartment,Dubai Maritime City,SouleverTower 2 - Jumeirah Peninsula,1 B/R,847.34,3138000,3703.34,Omniyat,Omniyat Properties,1
2026-01-27T00:00:00.000,Off-Plan Property,Apartment,Dubai Maritime City,Kanyon by Beyond - Canyon by Beyond,2 B/R,1486.19,4961000,3338.08,Omniyat,Omniyat Properties,1
2026-01-27T00:00:00.000,Off-Plan Property,Apartment,Dubai Maritime City,Kanyon by Beyond - Canyon by Beyond,1 B/R,868.12,2437000,2807.23,Omniyat,Omniyat Properties,1
2026-01-27T00:00:00.000,Off-Plan Property,Apartment,Dubai Maritime City,Kanyon by Beyond - Canyon by Beyond,1 B/R,898.26,2533000,2819.91,Omniyat,Omniyat Properties,1
2026-01-27T00:00:00.000,Off-Plan Property,Apartment,Dubai Maritime City,Kanyon by Beyond - Canyon by Beyond,1 B/R,929.47,2779000,2989.87,Omniyat,Omniyat Properties,1
2026-01-27T00:00:00.000,Off-Plan Property,Apartment,Dubai Maritime City,Kanyon by Beyond - Canyon by Beyond,1 B/R,908.48,2584000,2844.31,Omniyat,Omniyat Properties,1
2026-01-27T00:00:00.000,Off-Plan Property,Apartment,Dubai Maritime City,Kanyon by Beyond - Canyon by Beyond,1 B/R,929.26,2677000,2880.8,Omniyat,Omniyat Properties,1
2026-01-27T00:00:00.000,Off-Plan Property,Apartment,Dubai Maritime City,Kanyon by Beyond - Canyon by Beyond,1 B/R,908.7,2629000,2893.15,Omniyat,Omniyat Properties,1
2026-01-27T00:00:00.000,Off-Plan Property,Apartment,Dubai Maritime City,Kanyon by Beyond - Canyon by Beyond,1 B/R,919.03,2639000,2871.5,Omniyat,Omniyat Properties,1
2026-01-27T00:00:00.000,Off-Plan Property,Apartment,Dubai Maritime City,Kanyon by Beyond - Canyon by Beyond,1 B/R,908.7,2640000,2905.26,Omniyat,Omniyat Properties,1
2026-01-27T00:00:00.000,Off-Plan Property,Apartment,Dubai Maritime City,Kanyon by Beyond - Canyon by Beyond,1 B/R,908.7,2597980,2859.02,Omniyat,Omniyat Properties,1
2026-01-27T00:00:00.000,Off-Plan Property,Apartment,Dubai Maritime City,Kanyon by Beyond - Canyon by Beyond,3 B/R,2369.26,7644000,3226.32,Omniyat,Omniyat Properties,1
2026-01-27T00:00:00.000,Off-Plan Property,Apartment,Dubai Maritime City,Kanyon by Beyond - Canyon by Beyond,1 B/R,919.03,2667000,2901.97,Omniyat,Omniyat Properties,1
2026-01-27T00:00:00.000,Off-Plan Property,Apartment,Dubai Maritime City,SouleverTower 2 - Jumeirah Peninsula,2 B/R,1403.41,6057000,4315.92,Omniyat,Omniyat Properties,1
2026-01-27T00:00:00.000,Off-Plan Property,Apartment,Dubai Maritime City,Kanyon by Beyond - Canyon by Beyond,2 B/R,1603.62,5199880,3242.59,Omniyat,Omniyat Properties,1
2026-01-27T00:00:00.000,Off-Plan Property,Apartment,Dubai Maritime City,Kanyon by Beyond - Canyon by Beyond,2 B/R,1486.19,4861780,3271.31,Omniyat,Omniyat Properties,1
2026-01-27T00:00:00.000,Off-Plan Property,Apartment,Dubai Maritime City,Kanyon by Beyond - Canyon by Beyond,1 B/R,919.03,2722000,2961.82,Omniyat,Omniyat Properties,1
2026-01-27T00:00:00.000,Off-Plan Property,Apartment,Horizon,Wynwood Horizon,1 B/R,737.33,1949750,2644.32,Imtiaz,Imtiaz Real Estate Investment And Development L.L.C,1
2026-01-27T00:00:00.000,Off-Plan Property,Apartment,Dubai Islands,Treppan Serenique Building 1,2 B/R,989.21,3553000,3591.75,Fakhruddin,Fakhruddin Properties,1
2026-01-27T00:00:00.000,Off-Plan Property,Apartment,Dubai Islands,Hado by Beyond Tower B,2 B/R,1706.63,6323000,3704.96,Beyond Developments,Beyond Developments,1
2026-01-27T00:00:00.000,Off-Plan Property,Apartment,Dubai Islands,Hado by Beyond Tower C,2 B/R,1266.38,4245000,3352.06,Beyond Developments,Beyond Developments,1
2026-01-27T00:00:00.000,Off-Plan Property,Apartment,Dubai Islands,Hado by Beyond Tower C,3 B/R,2008.89,7204000,3586.07,Beyond Developments,Beyond Developments,1
2026-01-27T00:00:00.000,Off-Plan Property,Apartment,Dubai Islands,Hado by Beyond Tower C,1 B/R,831.73,2459000,2956.47,Beyond Developments,Beyond Developments,1
2026-01-27T00:00:00.000,Off-Plan Property,Apartment,Dubai Islands,Hado by Beyond Tower C,1 B/R,831.73,2591000,3115.18,Beyond Developments,Beyond Developments,1
2026-01-27T00:00:00.000,Off-Plan Property,Apartment,Dubai Islands,Hado by Beyond Tower C,1 B/R,795.78,2483000,3120.2,Beyond Developments,Beyond Developments,1
2026-01-27T00:00:00.000,Off-Plan Property,Apartment,Dubai Marina,Franck Muller Vanguard by London Gate,2 B/R,1040.66,2528888,2430.07,London Gate L L C,London Gate Real Estate Development L.L.C,1
2026-01-27T00:00:00.000,Off-Plan Property,Apartment,Dubai Maritime City,Kanyon by Beyond - Canyon by Beyond,2 B/R,1387.8,4599000,3313.87,Omniyat,Omniyat Properties,1
2026-01-27T00:00:00.000,Off-Plan Property,Apartment,Dubai Marina,Franck Muller Vanguard by London Gate,1 B/R,1000.08,2255888,2255.7,London Gate L L C,London Gate Real Estate Development L.L.C,1
2026-01-27T00:00:00.000,Off-Plan Property,Apartment,Dubai Marina,Franck Muller Vanguard by London Gate,0 B/R,484.92,1292888,2666.2,London Gate L L C,London Gate Real Estate Development L.L.C,1
2026-01-27T00:00:00.000,Off-Plan Property,Apartment,Dubai Marina,Residences Du Port - Autograph Collection Residences,3 B/R,2073.25,7041135.36,3396.18,Emaar,Emaar Properties PJSC,1
2026-01-27T00:00:00.000,Off-Plan Property,Apartment,Dubai Maritime City,Breez by Danube,2 B/R,1025.81,3776490,3681.47,Danube,Danube Properties,1
2026-01-27T00:00:00.000,Off-Plan Property,Apartment,Dubai Maritime City,Breez by Danube,0 B/R,413.66,1736000,4196.68,Danube,Danube Properties,1
2026-01-27T00:00:00.000,Off-Plan Property,Apartment,Dubai Maritime City,Breez by Danube,1 B/R,804.93,2995000,3720.81,Danube,Danube Properties,1
2026-01-27T00:00:00.000,Off-Plan Property,Apartment,Dubai Maritime City,Breez by Danube,0 B/R,466.4,1641000,3518.41,Danube,Danube Properties,1
2026-01-27T00:00:00.000,Off-Plan Property,Apartment,Dubai Maritime City,Breez by Danube,0 B/R,414.09,1779000,4296.16,Danube,Danube Properties,1
2026-01-27T00:00:00.000,Off-Plan Property,Apartment,Dubai Maritime City,Chelsea 2 Tower C,1 B/R,922.37,2939000,3186.37,Damac,Damac Properties,1
2026-01-27T00:00:00.000,Off-Plan Property,Apartment,Dubai Maritime City,Franck Muller Yachting by London Gate,0 B/R,549.72,1672000,3041.56,London Gate L L C,London Gate Real Estate Development L.L.C,1
2026-01-27T00:00:00.000,Off-Plan Property,Apartment,Dubai Maritime City,Franck Muller Yachting by London Gate,0 B/R,429.81,1409000,3278.22,London Gate L L C,London Gate Real Estate Development L.L.C,1
2026-01-27T00:00:00.000,Off-Plan Property,Apartment,Dubai Maritime City,Franck Muller Yachting by London Gate,0 B/R,429.81,1233000,2868.73,London Gate L L C,London Gate Real Estate Development L.L.C,1
2026-01-27T00:00:00.000,Off-Plan Property,Apartment,Dubai Maritime City,Kanyon by Beyond - Canyon by Beyond,1 B/R,886.74,2695000,3039.23,Omniyat,Omniyat Properties,1
2026-01-27T00:00:00.000,Off-Plan Property,Apartment,Horizon,Belmore Residences,1 B/R,827.97,2143828,2589.27,Ellington,Ellington Properties Development L.L.C,1
2026-01-27T00:00:00.000,Off-Plan Property,Apartment,Horizon,Future Residence,1 B/R,855.63,2015000,2354.99,True Future,True Future Real Estate Development LLC,1
2026-01-27T00:00:00.000,Off-Plan Property,Apartment,Horizon,The Caden,1 B/R,783.3,1665630,2126.44,Prescott,Prescott Real Estate,1
2026-01-27T00:00:00.000,Off-Plan Property,Apartment,Horizon,The Highgrove,1 B/R,801.49,2208828,2755.91,Ellington,Ellington Properties Development L.L.C,1
2026-01-27T00:00:00.000,Off-Plan Property,Apartment,Horizon,The Highgrove,1 B/R,798.47,1803828,2259.1,Ellington,Ellington Properties Development L.L.C,1
2026-01-27T00:00:00.000,Off-Plan Property,Apartment,Horizon,Wynwood Horizon,1 B/R,904.82,2159348,2386.49,Imtiaz,Imtiaz Real Estate Investment And Development L.L.C,1
2026-01-27T00:00:00.000,Off-Plan Property,Apartment,Horizon,Wynwood Horizon,1 B/R,925.38,2226372,2405.9,Imtiaz,Imtiaz Real Estate Investment And Development L.L.C,1
2026-01-27T00:00:00.000,Off-Plan Property,Apartment,Horizon,Wynwood Horizon,2 B/R,1198.25,2770117,2311.81,Imtiaz,Imtiaz Real Estate Investment And Development L.L.C,1
2026-01-27T00:00:00.000,Off-Plan Property,Apartment,Dubai Sports City,Aspirz Tower,0 B/R,389.12,892980,2294.88,Danube,Danube Properties,1
2026-01-27T00:00:00.000,Off-Plan Property,Apartment,Dubai Islands,Hado by Beyond Tower B,1 B/R,826.68,2575000,3114.89,Beyond Developments,Beyond Developments,1
2026-01-27T00:00:00.000,Off-Plan Property,Apartment,Jumeirah Lake Towers,Diamondz By Danube,0 B/R,418.83,1202000,2869.92,Danube,Danube Properties,2
2026-01-27T00:00:00.000,Off-Plan Property,Apartment,Meydan One,Azizi Riviera Reve Tower 1,0 B/R,443.05,1508650,3405.18,Azizi,Azizi Developments,2
2026-01-27T00:00:00.000,Off-Plan Property,Apartment,Sobha Hartland,Sobha Creek Vista Heights - Tower A,1 B/R,648.32,1500000,2313.69,Sobha,Sobha Real Estate L.L.C,3
2026-01-27T00:00:00.000,Off-Plan Property,Apartment,Dubai Hills Estate,Parkside Views,2 B/R,1114.61,2306888,2069.68,Emaar,Emaar Properties PJSC,2
2026-01-27T00:00:00.000,Off-Plan Property,Apartment,Dubai Hills Estate,Park Lane Building 1A,2 B/R,1129.79,2445000,2164.12,Emaar,Emaar Properties PJSC,2
2026-01-27T00:00:00.000,Off-Plan Property,Apartment,Trade Center First,Jumeirah Residences Emirates Towers Tower A,2 B/R,1160.9,5666000,4880.71,Jumeirah International,Jumeirah International,1
2026-01-27T00:00:00.000,Off-Plan Property,Apartment,Al Wasl,City Walk Northline 2 Building B,1 B/R,788.25,2988000,3790.69,Meraas,Meraas Development  L.L.C,2
2026-01-27T00:00:00.000,Off-Plan Property,Apartment,Downtown Dubai,St. Regis Residences Tower 2,2 B/R,1268.75,4000000,3152.7,Emaar,Emaar Properties PJSC,2
2026-01-27T00:00:00.000,Off-Plan Property,Apartment,Dubai Design District,Design Quarter - Tower A,2 B/R,1184.79,3090000,2608.05,Meraas,Meraas Development  L.L.C,2
2026-01-27T00:00:00.000,Off-Plan Property,Apartment,Dubai Harbour,Sobha Seahaven - Tower C,1 B/R,849.28,3142299,3699.96,Sobha,Sobha Real Estate L.L.C,2
2026-01-27T00:00:00.000,Off-Plan Property,Apartment,Dubai Islands,Hado by Beyond Tower B,1 B/R,827.54,2583000,3121.31,Beyond Developments,Beyond Developments,1
2026-01-27T00:00:00.000,Off-Plan Property,Apartment,Dubai Maritime City,Kanyon by Beyond - Canyon by Beyond,1 B/R,858.64,2421000,2819.56,Omniyat,Omniyat Properties,1
2026-01-27T00:00:00.000,Off-Plan Property,Apartment,Dubai Islands,Hado by Beyond Tower B,1 B/R,827.54,2577000,3114.06,Beyond Developments,Beyond Developments,1
2026-01-27T00:00:00.000,Off-Plan Property,Apartment,Dubai Islands,Hado by Beyond Tower B,1 B/R,862.41,2660000,3084.37,Beyond Developments,Beyond Developments,1
2026-01-27T00:00:00.000,Off-Plan Property,Apartment,Business Bay,Burj Binghatti by Jacob & Co,3 B/R,1631.93,5500010.48,3370.25,Binghatti,Binghatti Holding Limited,0
2026-01-27T00:00:00.000,Off-Plan Property,Apartment,Dubai Creek Harbour,Creek Waters 2,2 B/R,852.08,2250318.18,2640.98,Emaar,Emaar Properties PJSC,0
2026-01-27T00:00:00.000,Off-Plan Property,Apartment,Downtown Dubai,Volta Tower,1 B/R,691.05,1714000,2480.29,Damac,Damac Properties,1
2026-01-27T00:00:00.000,Off-Plan Property,Apartment,Downtown Dubai,Volta Tower,1 B/R,701.6,1706180,2431.85,Damac,Damac Properties,1
2026-01-27T00:00:00.000,Off-Plan Property,Apartment,Dubai Creek Harbour,Creek Bay Tower A,1 B/R,757.14,2061888,2723.26,Emaar,Emaar Properties PJSC,1
2026-01-27T00:00:00.000,Off-Plan Property,Apartment,Dubai Creek Harbour,Creek Bay Tower A,2 B/R,1450.56,3333888,2298.35,Emaar,Emaar Properties PJSC,1
2026-01-27T00:00:00.000,Off-Plan Property,Apartment,Dubai Creek Harbour,Creek Bay Tower A,2 B/R,1450.56,3358888,2315.59,Emaar,Emaar Properties PJSC,1
2026-01-27T00:00:00.000,Off-Plan Property,Apartment,Dubai Creek Harbour,Creek Bay Tower A,2 B/R,1450.56,3289888,2268.02,Emaar,Emaar Properties PJSC,1
2026-01-27T00:00:00.000,Off-Plan Property,Apartment,Dubai Creek Harbour,Creek Haven Tower A,2 B/R,1190.82,3321888,2789.58,Emaar,Emaar Properties PJSC,1
2026-01-27T00:00:00.000,Off-Plan Property,Apartment,Dubai Creek Harbour,Creek Haven Tower A,2 B/R,1196.31,3337888,2790.15,Emaar,Emaar Properties PJSC,1
2026-01-27T00:00:00.000,Off-Plan Property,Apartment,Dubai Creek Harbour,Creek Haven Tower A,2 B/R,1190.82,3334888,2800.49,Emaar,Emaar Properties PJSC,1
2026-01-27T00:00:00.000,Off-Plan Property,Apartment,Dubai Creek Harbour,Creek Haven Tower A,2 B/R,1195.88,3381888,2827.95,Emaar,Emaar Properties PJSC,1
2026-01-27T00:00:00.000,Off-Plan Property,Apartment,Dubai Creek Harbour,Creek Haven Tower A,2 B/R,1190.39,3383888,2842.67,Emaar,Emaar Properties PJSC,1
2026-01-27T00:00:00.000,Off-Plan Property,Apartment,Dubai Creek Harbour,Creek Haven Tower A,2 B/R,1195.88,3412888,2853.87,Emaar,Emaar Properties PJSC,1
2026-01-27T00:00:00.000,Off-Plan Property,Apartment,Dubai Islands,Hado by Beyond Tower A,3 B/R,1968.31,7006000,3559.41,Beyond Developments,Beyond Developments,1
2026-01-27T00:00:00.000,Off-Plan Property,Apartment,Dubai Islands,Cotier House 2,1 B/R,872.64,2284560.79,2618,Imtiaz,Imtiaz Real Estate Investment And Development L.L.C,1
2026-01-27T00:00:00.000,Off-Plan Property,Apartment,Dubai Islands,Edgewater Residences 3 - Building C,2 B/R,1218.59,2942702,2414.84,M G S,M G S Development LLC,1
2026-01-27T00:00:00.000,Off-Plan Property,Apartment,Dubai Islands,Elle Residences,1 B/R,838.52,3288777,3922.14,Anax Developments,ANAX Developments,1
2026-01-27T00:00:00.000,Off-Plan Property,Apartment,Dubai Islands,Elle Residences,3 B/R,1597.49,5795777,3628.06,Anax Developments,ANAX Developments,1
2026-01-27T00:00:00.000,Off-Plan Property,Apartment,Dubai Islands,Ellington Sands 1A -Ellington Cove 1A,1 B/R,800.95,2339828,2921.32,Ellington,Ellington Properties Development L.L.C,1
2026-01-27T00:00:00.000,Off-Plan Property,Apartment,Dubai Islands,Ellington Sands 1B -Ellington Cove 1B,1 B/R,804.61,2294828,2852.1,Ellington,Ellington Properties Development L.L.C,1
2026-01-27T00:00:00.000,Off-Plan Property,Apartment,Dubai Islands,Ellington Sands 2A -Ellington Cove 2A,2 B/R,1204.17,3684828,3060.06,Ellington,Ellington Properties Development L.L.C,1
2026-01-27T00:00:00.000,Off-Plan Property,Apartment,Dubai Islands,Ellington Sands 2B -Ellington Cove 2B,2 B/R,1183.93,3010828,2543.07,Ellington,Ellington Properties Development L.L.C,1
2026-01-27T00:00:00.000,Off-Plan Property,Apartment,Dubai Islands,Flora Isle 1,2 B/R,1439.04,3350400,2328.22,Flora Isle,Flora Isle Real Estate Development LLC,1
2026-01-27T00:00:00.000,Off-Plan Property,Apartment,Dubai Islands,Hado by Beyond Tower A,1 B/R,1073.06,2516000,2344.69,Beyond Developments,Beyond Developments,1
2026-01-27T00:00:00.000,Off-Plan Property,Apartment,Dubai Islands,Hado by Beyond Tower A,1 B/R,1066.71,2620000,2456.14,Beyond Developments,Beyond Developments,1
2026-01-27T00:00:00.000,Off-Plan Property,Apartment,Dubai Islands,Hado by Beyond Tower A,3 B/R,1968.31,6977000,3544.67,Beyond Developments,Beyond Developments,1
2026-01-27T00:00:00.000,Off-Plan Property,Apartment,Dubai Islands,Hado by Beyond Tower A,1 B/R,831.73,2537000,3050.25,Beyond Developments,Beyond Developments,1
2026-01-27T00:00:00.000,Off-Plan Property,Apartment,Dubai Creek Harbour,Creek Haven Tower A,1 B/R,739.49,1892888,2559.73,Emaar,Emaar Properties PJSC,1
2026-01-27T00:00:00.000,Off-Plan Property,Apartment,Dubai Islands,Hado by Beyond Tower A,1 B/R,831.73,2540000,3053.86,Beyond Developments,Beyond Developments,1
2026-01-27T00:00:00.000,Off-Plan Property,Apartment,Dubai Islands,Hado by Beyond Tower A,1 B/R,830.87,2408000,2898.16,Beyond Developments,Beyond Developments,1
2026-01-27T00:00:00.000,Off-Plan Property,Apartment,Dubai Islands,Hado by Beyond Tower A,1 B/R,833.89,2546000,3053.17,Beyond Developments,Beyond Developments,1
2026-01-27T00:00:00.000,Off-Plan Property,Apartment,Dubai Islands,Hado by Beyond Tower A,1 B/R,831.73,2410000,2897.56,Beyond Developments,Beyond Developments,1
2026-01-27T00:00:00.000,Off-Plan Property,Apartment,Dubai Islands,Hado by Beyond Tower A,2 B/R,2062.38,6095000,2955.32,Beyond Developments,Beyond Developments,1
2026-01-27T00:00:00.000,Off-Plan Property,Apartment,Dubai Islands,Hado by Beyond Tower A,1 B/R,831.73,2514000,3022.6,Beyond Developments,Beyond Developments,1
2026-01-27T00:00:00.000,Off-Plan Property,Apartment,Dubai Islands,Hado by Beyond Tower A,1 B/R,829.9,2643000,3184.7,Beyond Developments,Beyond Developments,1
2026-01-27T00:00:00.000,Off-Plan Property,Apartment,Dubai Islands,Hado by Beyond Tower A,2 B/R,1265.31,4158000,3286.16,Beyond Developments,Beyond Developments,1
2026-01-27T00:00:00.000,Off-Plan Property,Apartment,Dubai Islands,Hado by Beyond Tower B,1 B/R,1132.05,3514000,3104.1,Beyond Developments,Beyond Developments,1
2026-01-27T00:00:00.000,Off-Plan Property,Apartment,Dubai Islands,Hado by Beyond Tower B,1 B/R,791.8,3035000,3833.04,Beyond Developments,Beyond Developments,1
2026-01-27T00:00:00.000,Off-Plan Property,Apartment,Dubai Islands,Hado by Beyond Tower B,1 B/R,862.41,3203000,3714,Beyond Developments,Beyond Developments,1
2026-01-27T00:00:00.000,Off-Plan Property,Apartment,Dubai Islands,Hado by Beyond Tower B,2 B/R,1133.13,4490000,3962.49,Beyond Developments,Beyond Developments,1
2026-01-27T00:00:00.000,Off-Plan Property,Apartment,Dubai Creek Harbour,Creek Haven Tower A,1 B/R,739.49,1861890,2517.81,Emaar,Emaar Properties PJSC,1
2026-01-27T00:00:00.000,Off-Plan Property,Apartment,Dubai Creek Harbour,Creek Haven Tower A,1 B/R,730.45,1879888,2573.62,Emaar,Emaar Properties PJSC,1
2026-01-27T00:00:00.000,Off-Plan Property,Apartment,Dubai Creek Harbour,Lyvia by Palace - Green Gate,2 B/R,1144,2969888,2596.06,Emaar,Emaar Properties PJSC,1
2026-01-27T00:00:00.000,Off-Plan Property,Apartment,Dubai Creek Harbour,Montiva at Green Gate,2 B/R,1205.35,3014888,2501.25,Emaar,Emaar Properties PJSC,1
2026-01-27T00:00:00.000,Off-Plan Property,Apartment,Dubai Creek Harbour,Montiva at Green Gate,2 B/R,1205.35,3100888,2572.6,Emaar,Emaar Properties PJSC,1
2026-01-27T00:00:00.000,Off-Plan Property,Apartment,Dubai Creek Harbour,Montiva at Green Gate,1 B/R,914.62,2335888,2553.95,Emaar,Emaar Properties PJSC,1
2026-01-27T00:00:00.000,Off-Plan Property,Apartment,Dubai Creek Harbour,Silva at Green Gate,1 B/R,743.47,1803888,2426.31,Emaar,Emaar Properties PJSC,1
2026-01-27T00:00:00.000,Off-Plan Property,Apartment,Dubai Creek Harbour,Silva at Green Gate,3 B/R,1833.97,3979888,2170.09,Emaar,Emaar Properties PJSC,1
2026-01-27T00:00:00.000,Off-Plan Property,Apartment,Dubai Creek Harbour,Silva at Green Gate,2 B/R,1402.98,3181888,2267.95,Emaar,Emaar Properties PJSC,1
2026-01-27T00:00:00.000,Off-Plan Property,Apartment,Dubai Harbour,Dubai Harbour Residences (Area 1),2 B/R,2250.32,7921146.01,3520.01,H&H,H&H Investment and Development,1
2026-01-27T00:00:00.000,Off-Plan Property,Apartment,Dubai Harbour,Dubai Harbour Residences (Area 1),2 B/R,2128.47,7652263.96,3595.19,H&H,H&H Investment and Development,1
2026-01-27T00:00:00.000,Off-Plan Property,Apartment,Dubai Harbour,Dubai Harbour Residences (Area 3),2 B/R,2036.55,7187536.33,3529.27,H&H,H&H Investment and Development,1
2026-01-27T00:00:00.000,Off-Plan Property,Apartment,Dubai Hills Estate,Ellington House IV,1 B/R,913.65,2425828,2655.1,Ellington,Ellington Properties Development L.L.C,1
2026-01-27T00:00:00.000,Off-Plan Property,Apartment,Dubai Hills Estate,Golf Hillside,3 B/R,1603.19,4160970,2595.43,Emaar,Emaar Properties PJSC,1
2026-01-27T00:00:00.000,Off-Plan Property,Apartment,Dubai Hills Estate,Palace Residences Hillside A,2 B/R,1061.65,2747888,2588.31,Emaar,Emaar Properties PJSC,1
2026-01-27T00:00:00.000,Off-Plan Property,Apartment,Dubai Hills Estate,Palace Residences Hillside A,2 B/R,1061.55,2675888,2520.75,Emaar,Emaar Properties PJSC,1
2026-01-27T00:00:00.000,Off-Plan Property,Apartment,Dubai Hills Estate,Palace Residences Hillside A,1 B/R,680.93,1832888,2691.74,Emaar,Emaar Properties PJSC,1
2026-01-27T00:00:00.000,Off-Plan Property,Apartment,Dubai Hills Estate,Rosehill Block A,3 B/R,1743.88,4648888,2665.84,Emaar,Emaar Properties PJSC,1
2026-01-27T00:00:00.000,Off-Plan Property,Apartment,Dubai Hills Estate,Vida Residences Hillside Tower B,3 B/R,1583.49,4125888,2605.56,Emaar,Emaar Properties PJSC,1
2026-01-27T00:00:00.000,Off-Plan Property,Apartment,Dubai Creek Harbour,Creek Haven Tower A,2 B/R,1191.57,3487888,2927.12,Emaar,Emaar Properties PJSC,1
2026-01-27T00:00:00.000,Off-Plan Property,Apartment,Al Jadaf,Binghatti Cullinan,0 B/R,383.52,878999,2291.92,Binghatti,Binghatti Holding Limited,1
2026-01-27T00:00:00.000,Off-Plan Property,Apartment,Al Jadaf,Binghatti Cullinan,2 B/R,1016.55,2321999,2284.19,Binghatti,Binghatti Holding Limited,1
2026-01-27T00:00:00.000,Off-Plan Property,Apartment,Al Jadaf,Binghatti Cullinan,0 B/R,383.41,830999,2167.37,Binghatti,Binghatti Holding Limited,1
2026-01-27T00:00:00.000,Off-Plan Property,Apartment,Al Jadaf,Binghatti Cullinan,0 B/R,379.65,822999,2167.8,Binghatti,Binghatti Holding Limited,1
2026-01-27T00:00:00.000,Off-Plan Property,Apartment,Al Jadaf,Binghatti Cullinan,0 B/R,379.75,822999,2167.19,Binghatti,Binghatti Holding Limited,1
2026-01-27T00:00:00.000,Off-Plan Property,Apartment,Al Jadaf,Binghatti Cullinan,0 B/R,379.65,822999,2167.8,Binghatti,Binghatti Holding Limited,1
2026-01-27T00:00:00.000,Off-Plan Property,Apartment,Al Jadaf,Binghatti Cullinan,0 B/R,383.52,861999,2247.59,Binghatti,Binghatti Holding Limited,1
2026-01-27T00:00:00.000,Off-Plan Property,Apartment,Al Jadaf,Binghatti Cullinan,0 B/R,385.03,827999,2150.49,Binghatti,Binghatti Holding Limited,1
2026-01-27T00:00:00.000,Off-Plan Property,Apartment,Al Jadaf,Binghatti Cullinan,0 B/R,383.52,876999,2286.7,Binghatti,Binghatti Holding Limited,1
2026-01-27T00:00:00.000,Off-Plan Property,Apartment,Al Jadaf,Binghatti Cullinan,2 B/R,1016.55,2304999,2267.47,Binghatti,Binghatti Holding Limited,1
2026-01-27T00:00:00.000,Off-Plan Property,Apartment,Al Jadaf,Binghatti Cullinan,0 B/R,383.52,876999,2286.7,Binghatti,Binghatti Holding Limited,1
2026-01-27T00:00:00.000,Off-Plan Property,Apartment,Al Jadaf,Binghatti Cullinan,1 B/R,671.78,1462999,2177.79,Binghatti,Binghatti Holding Limited,1
2026-01-27T00:00:00.000,Off-Plan Property,Apartment,Al Jadaf,Binghatti Cullinan,0 B/R,383.52,879999,2294.52,Binghatti,Binghatti Holding Limited,1
2026-01-27T00:00:00.000,Off-Plan Property,Apartment,Al Jadaf,Binghatti Cullinan,0 B/R,383.52,835999,2179.8,Binghatti,Binghatti Holding Limited,1
2026-01-27T00:00:00.000,Off-Plan Property,Apartment,Al Jadaf,Binghatti Cullinan,2 B/R,893.3,2008999,2248.95,Binghatti,Binghatti Holding Limited,1
2026-01-27T00:00:00.000,Off-Plan Property,Apartment,Al Jadaf,Binghatti Cullinan,0 B/R,383.52,863999,2252.81,Binghatti,Binghatti Holding Limited,1
2026-01-27T00:00:00.000,Off-Plan Property,Apartment,Al Jadaf,Binghatti Cullinan,1 B/R,698.91,1565999,2240.64,Binghatti,Binghatti Holding Limited,1
2026-01-27T00:00:00.000,Off-Plan Property,Apartment,Al Jadaf,Binghatti Cullinan,1 B/R,689.33,1545999,2242.77,Binghatti,Binghatti Holding Limited,1
2026-01-27T00:00:00.000,Off-Plan Property,Apartment,Al Jadaf,Binghatti Cullinan,1 B/R,699.23,1566999,2241.04,Binghatti,Binghatti Holding Limited,1
2026-01-27T00:00:00.000,Off-Plan Property,Apartment,Al Jadaf,Binghatti Cullinan,0 B/R,383.52,835999,2179.8,Binghatti,Binghatti Holding Limited,1
2026-01-27T00:00:00.000,Off-Plan Property,Apartment,Al Jadaf,Binghatti Cullinan,0 B/R,385.03,830999,2158.28,Binghatti,Binghatti Holding Limited,1
2026-01-27T00:00:00.000,Off-Plan Property,Apartment,Al Jadaf,Binghatti Cullinan,0 B/R,379.75,836999,2204.06,Binghatti,Binghatti Holding Limited,1
2026-01-27T00:00:00.000,Off-Plan Property,Apartment,Al Jadaf,Binghatti Cullinan,0 B/R,379.75,837999,2206.69,Binghatti,Binghatti Holding Limited,1
2026-01-27T00:00:00.000,Off-Plan Property,Apartment,Al Jadaf,Binghatti Cullinan,0 B/R,379.75,829999,2185.62,Binghatti,Binghatti Holding Limited,1
2026-01-27T00:00:00.000,Off-Plan Property,Apartment,Al Jadaf,Binghatti Cullinan,0 B/R,379.75,866999,2283.05,Binghatti,Binghatti Holding Limited,1
2026-01-27T00:00:00.000,Off-Plan Property,Apartment,Al Jadaf,Binghatti Cullinan,0 B/R,383.52,877999,2289.31,Binghatti,Binghatti Holding Limited,1
2026-01-27T00:00:00.000,Off-Plan Property,Apartment,Al Jadaf,Binghatti Cullinan,0 B/R,383.41,836999,2183.02,Binghatti,Binghatti Holding Limited,1
2026-01-27T00:00:00.000,Off-Plan Property,Apartment,Al Jadaf,Binghatti Cullinan,0 B/R,379.65,828999,2183.61,Binghatti,Binghatti Holding Limited,1
2026-01-27T00:00:00.000,Off-Plan Property,Apartment,Al Jadaf,Binghatti Cullinan,1 B/R,772.21,1626999,2106.94,Binghatti,Binghatti Holding Limited,1
2026-01-27T00:00:00.000,Off-Plan Property,Apartment,Al Jadaf,Binghatti Cullinan,0 B/R,381.26,833999,2187.48,Binghatti,Binghatti Holding Limited,1
2026-01-27T00:00:00.000,Off-Plan Property,Apartment,Al Wasl,City Walk Crestlane 5 Building A,2 B/R,1256.59,3808000,3030.43,Meraas,Meraas Development  L.L.C,1
2026-01-27T00:00:00.000,Off-Plan Property,Apartment,Al Jadaf,Binghatti Cullinan,1 B/R,699.23,1574999,2252.48,Binghatti,Binghatti Holding Limited,1
2026-01-27T00:00:00.000,Off-Plan Property,Apartment,Business Bay,DWTN Residences - Downtown Residences,2 B/R,1335.49,3541079,2651.52,Deyaar,Deyaar Development Company,1
2026-01-27T00:00:00.000,Off-Plan Property,Apartment,Business Bay,One by Binghatti,1 B/R,821.94,2749999,3345.75,Binghatti,Binghatti Holding Limited,1
2026-01-27T00:00:00.000,Off-Plan Property,Apartment,Business Bay,One by Binghatti,1 B/R,1009.23,2250000,2229.42,Binghatti,Binghatti Holding Limited,1
2026-01-27T00:00:00.000,Off-Plan Property,Apartment,Business Bay,One by Binghatti,2 B/R,1565.09,3356262,2144.46,Binghatti,Binghatti Holding Limited,1
2026-01-27T00:00:00.000,Off-Plan Property,Apartment,Business Bay,Vento Tower - V Suites,0 B/R,482.44,1716777,3558.51,Anax Developments,ANAX Developments,1
2026-01-27T00:00:00.000,Off-Plan Property,Apartment,Business Bay,Binghatti Skyhall,1 B/R,994.27,2209000,2221.73,Binghatti,Binghatti Holding Limited,1
2026-01-27T00:00:00.000,Off-Plan Property,Apartment,Business Bay,DWTN Residences - Downtown Residences,2 B/R,1335.49,3528546,2642.14,Deyaar,Deyaar Development Company,1
2026-01-27T00:00:00.000,Off-Plan Property,Apartment,Business Bay,Binghatti Aquarise Tower D,1 B/R,789.75,1991999,2522.3,Binghatti,Binghatti Holding Limited,1
2026-01-27T00:00:00.000,Off-Plan Property,Apartment,Business Bay,Bayz 102 By Danube,2 B/R,1209.12,3569000,2951.73,Danube,Danube Properties,1
2026-01-27T00:00:00.000,Off-Plan Property,Apartment,Business Bay,Binghatti Aquarise Tower D,1 B/R,789.75,2332999,2954.08,Binghatti,Binghatti Holding Limited,1
2026-01-27T00:00:00.000,Off-Plan Property,Apartment,Business Bay,Binghatti Aquarise Tower D,1 B/R,801.06,2166699.06,2704.8,Binghatti,Binghatti Holding Limited,1
2026-01-27T00:00:00.000,Off-Plan Property,Apartment,Business Bay,Binghatti Aquarise Tower C,1 B/R,875.87,2195839.06,2507.05,Binghatti,Binghatti Holding Limited,1
2026-01-27T00:00:00.000,Off-Plan Property,Apartment,Business Bay,Binghatti Aquarise Tower A,1 B/R,789.65,2014999,2551.77,Binghatti,Binghatti Holding Limited,1
2026-01-27T00:00:00.000,Off-Plan Property,Apartment,Business Bay,Bayz 102 By Danube,1 B/R,749.5,2505000,3342.24,Danube,Danube Properties,1
2026-01-27T00:00:00.000,Off-Plan Property,Apartment,Business Bay,Avarra - Business Bay Palace Residences,1 B/R,828.18,3147650,3800.67,Emaar,Emaar Properties PJSC,1
2026-01-27T00:00:00.000,Off-Plan Property,Apartment,Business Bay,Avarra - Business Bay Palace Residences,2 B/R,1444.31,4296888,2975.04,Emaar,Emaar Properties PJSC,1
2026-01-26T00:00:00.000,Off-Plan Property,Apartment,Jumeirah Village Circle,Berkeley Square,0 B/R,362.64,798000,2200.53,Prestige ONE Developments Prestige ONE Luxury LL,Prestige One Developments - Prestige One Luxury Real Estate LL,1
2026-01-26T00:00:00.000,Off-Plan Property,Apartment,Jumeirah Village Triangle,SOL Levante,1 B/R,575.66,1220000,2119.31,SOL,SOL Properties,1
2026-01-26T00:00:00.000,Off-Plan Property,Apartment,Jebel Ali First,Horizon at Sobha Central,2 B/R,1552.49,4564291,2939.98,Sobha,Sobha Real Estate L.L.C,1
2026-01-26T00:00:00.000,Off-Plan Property,Apartment,Jebel Ali First,The Eden at Sobha Central,1 B/R,568.34,1602691,2819.96,Sobha,Sobha Real Estate L.L.C,1
2026-01-26T00:00:00.000,Off-Plan Property,Apartment,Jebel Ali First,The Eden at Sobha Central,1 B/R,631.63,1831727,2899.99,Sobha,Sobha Real Estate L.L.C,1
2026-01-26T00:00:00.000,Off-Plan Property,Apartment,Jebel Ali First,The Eden at Sobha Central,1 B/R,631.63,1850676,2929.99,Sobha,Sobha Real Estate L.L.C,1
2026-01-26T00:00:00.000,Off-Plan Property,Apartment,Jebel Ali First,Tranquil at Sobha Central,1 B/R,644.76,1853656,2874.94,Sobha,Sobha Real Estate L.L.C,1
2026-01-26T00:00:00.000,Off-Plan Property,Apartment,Jebel Ali First,Tranquil at Sobha Central,2 B/R,852.83,2481706,2909.96,Sobha,Sobha Real Estate L.L.C,1
2026-01-26T00:00:00.000,Off-Plan Property,Apartment,Jebel Ali First,Tranquil at Sobha Central,2 B/R,852.62,2557830,2999.98,Sobha,Sobha Real Estate L.L.C,1
2026-01-26T00:00:00.000,Off-Plan Property,Apartment,Jebel Ali First,Tranquil at Sobha Central,1 B/R,730.55,2239136,3064.99,Sobha,Sobha Real Estate L.L.C,1
2026-01-26T00:00:00.000,Off-Plan Property,Apartment,Jumeirah Garden City,171 Garden Heights,1 B/R,663.6,1393550,2099.98,JAD Global,JAD Global Real Estate Development LLC,1
2026-01-26T00:00:00.000,Off-Plan Property,Apartment,Jumeirah Garden City,171 Garden Heights,2 B/R,1090.39,2398846,2199.98,JAD Global,JAD Global Real Estate Development LLC,1
2026-01-26T00:00:00.000,Off-Plan Property,Apartment,Jumeirah Lake Towers,Mercer House North Tower,0 B/R,590.41,1511828,2560.66,Ellington,Ellington Properties Development L.L.C,1
2026-01-26T00:00:00.000,Off-Plan Property,Apartment,Trade Center First,Jumeirah Residences Emirates Towers Tower A,1 B/R,879.85,4253000,4833.78,Jumeirah International,Jumeirah International,1
2026-01-26T00:00:00.000,Off-Plan Property,Apartment,Sobha Hartland,The Element at Sobha One,2 B/R,1183.93,3101870,2619.97,Sobha,Sobha Real Estate L.L.C,1
2026-01-26T00:00:00.000,Off-Plan Property,Apartment,Sobha Hartland 2,Skyvue Stellar,2 B/R,1191.68,3336676,2799.97,Sobha,Sobha Real Estate L.L.C,1
2026-01-26T00:00:00.000,Off-Plan Property,Apartment,Sobha Hartland 2,Skyscape Avenue,2 B/R,1551.95,3903129,2514.98,Sobha,Sobha Real Estate L.L.C,1
2026-01-26T00:00:00.000,Off-Plan Property,Apartment,Sobha Hartland 2,Skyscape Altius,2 B/R,1527.95,3972644,2599.98,Sobha,Sobha Real Estate L.L.C,1
2026-01-26T00:00:00.000,Off-Plan Property,Apartment,Sobha Hartland 2,Skyscape Altius,1 B/R,675.66,1655343,2449.98,Sobha,Sobha Real Estate L.L.C,1
2026-01-26T00:00:00.000,Off-Plan Property,Apartment,Sobha Hartland 2,320 Riverside Crescent,3 B/R,1652.7,3883822,2349.98,Sobha,Sobha Real Estate L.L.C,1
2026-01-26T00:00:00.000,Off-Plan Property,Apartment,Sobha Hartland,The Element at Sobha One,3 B/R,1789.19,5018622,2804.97,Sobha,Sobha Real Estate L.L.C,1
2026-01-26T00:00:00.000,Off-Plan Property,Apartment,Sobha Hartland,The Element at Sobha One,2 B/R,1183.93,3101870,2619.97,Sobha,Sobha Real Estate L.L.C,1
2026-01-26T00:00:00.000,Off-Plan Property,Apartment,Sobha Hartland,The Element at Sobha One,2 B/R,1183.93,3101870,2619.97,Sobha,Sobha Real Estate L.L.C,1
2026-01-26T00:00:00.000,Off-Plan Property,Apartment,Sobha Hartland,The Element at Sobha One,2 B/R,1183.93,3101870,2619.97,Sobha,Sobha Real Estate L.L.C,1
2026-01-26T00:00:00.000,Off-Plan Property,Apartment,Sobha Hartland,The Element at Sobha One,1 B/R,737.44,1843600,2499.99,Sobha,Sobha Real Estate L.L.C,1
2026-01-26T00:00:00.000,Off-Plan Property,Apartment,Trade Center First,Trump International Hotel & Tower Dubai,1 B/R,809.13,2921742.6,3610.97,DAR Global DAR AL Arkan Aqtab,Dar Global Properties - Dar Al Arkan - Aqtab Properties,1
2026-01-26T00:00:00.000,Off-Plan Property,Apartment,Uptown Motorcity,Sobha Solis Tower A,1 B/R,542.83,1145371,2110.01,Sobha,Sobha Real Estate L.L.C,1
2026-01-26T00:00:00.000,Off-Plan Property,Apartment,Meydan City,Tonino Lamborghini 4,2 B/R,1535.48,3838675,2499.98,Gulf Land,Gulf Land Property Developers,1
2026-01-26T00:00:00.000,Off-Plan Property,Apartment,Meydan City,Tonino Lamborghini 4,2 B/R,1535.48,3838675,2499.98,Gulf Land,Gulf Land Property Developers,1
2026-01-26T00:00:00.000,Off-Plan Property,Apartment,Meydan One,Azizi Riviera 49,0 B/R,453.59,977400,2154.79,Azizi,Azizi Developments,1
2026-01-26T00:00:00.000,Off-Plan Property,Apartment,Horizon,Wynwood Horizon,1 B/R,1114.29,2570941,2307.25,Imtiaz,Imtiaz Real Estate Investment And Development L.L.C,1
2026-01-26T00:00:00.000,Off-Plan Property,Apartment,Dubai Islands,Hado by Beyond Tower A,1 B/R,830.87,2537000,3053.41,Beyond Developments,Beyond Developments,1
2026-01-26T00:00:00.000,Off-Plan Property,Apartment,Dubai Islands,Hado by Beyond Tower B,3 B/R,1937.41,7355000,3796.3,Beyond Developments,Beyond Developments,1
2026-01-26T00:00:00.000,Off-Plan Property,Apartment,Dubai Islands,Hado by Beyond Tower B,2 B/R,1202.55,4390000,3650.56,Beyond Developments,Beyond Developments,1
2026-01-26T00:00:00.000,Off-Plan Property,Apartment,Dubai Islands,Hado by Beyond Tower B,2 B/R,1199.54,4731000,3944.01,Beyond Developments,Beyond Developments,1
2026-01-26T00:00:00.000,Off-Plan Property,Apartment,Dubai Islands,Hado by Beyond Tower B,2 B/R,1305.14,4926000,3774.32,Beyond Developments,Beyond Developments,1
2026-01-26T00:00:00.000,Off-Plan Property,Apartment,Dubai Islands,Hado by Beyond Tower A,1 B/R,1114.94,2984000,2676.39,Beyond Developments,Beyond Developments,1
2026-01-26T00:00:00.000,Off-Plan Property,Apartment,Dubai Islands,Hado by Beyond Tower A,1 B/R,829.9,2400000,2891.9,Beyond Developments,Beyond Developments,1
2026-01-26T00:00:00.000,Off-Plan Property,Apartment,Dubai Islands,Hado by Beyond Tower A,1 B/R,1177.15,2992000,2541.73,Beyond Developments,Beyond Developments,1
2026-01-26T00:00:00.000,Off-Plan Property,Apartment,Dubai Islands,Ellington Sands 2A -Ellington Cove 2A,1 B/R,858.64,2405828,2801.89,Ellington,Ellington Properties Development L.L.C,1
2026-01-26T00:00:00.000,Off-Plan Property,Apartment,Dubai Islands,Hado by Beyond Tower A,1 B/R,831.73,2519000,3028.61,Beyond Developments,Beyond Developments,1
2026-01-26T00:00:00.000,Off-Plan Property,Apartment,Dubai Islands,Flora Shore,2 B/R,1355.4,3025000,2231.81,Calgary,Calgary Properties LLC,1
2026-01-26T00:00:00.000,Off-Plan Property,Apartment,Dubai Islands,Ellington Sands 2B -Ellington Cove 2B,1 B/R,804.07,2123828,2641.34,Ellington,Ellington Properties Development L.L.C,1
2026-01-26T00:00:00.000,Off-Plan Property,Apartment,Dubai Islands,Ellington Sands 2B -Ellington Cove 2B,2 B/R,1391.14,3713828,2669.63,Ellington,Ellington Properties Development L.L.C,1
2026-01-26T00:00:00.000,Off-Plan Property,Apartment,Dubai Islands,Ellington Sands 2A -Ellington Cove 2A,1 B/R,801.81,2371828,2958.09,Ellington,Ellington Properties Development L.L.C,1
2026-01-26T00:00:00.000,Off-Plan Property,Apartment,Dubai Islands,Ellington Sands 2A -Ellington Cove 2A,2 B/R,1175.32,3255828,2770.16,Ellington,Ellington Properties Development L.L.C,1
2026-01-26T00:00:00.000,Off-Plan Property,Apartment,Dubai Islands,Hado by Beyond Tower B,1 B/R,862.41,2664000,3089.01,Beyond Developments,Beyond Developments,1
2026-01-26T00:00:00.000,Off-Plan Property,Apartment,Dubai Islands,Hado by Beyond Tower B,1 B/R,793.63,2472000,3114.8,Beyond Developments,Beyond Developments,1
2026-01-26T00:00:00.000,Off-Plan Property,Apartment,Dubai Islands,Hado by Beyond Tower B,1 B/R,827.54,2577000,3114.06,Beyond Developments,Beyond Developments,1
2026-01-26T00:00:00.000,Off-Plan Property,Apartment,Dubai Islands,Hado by Beyond Tower B,1 B/R,768.01,2682000,3492.14,Beyond Developments,Beyond Developments,1
2026-01-26T00:00:00.000,Off-Plan Property,Apartment,Dubai Islands,Hado by Beyond Tower B,2 B/R,1761.53,5055000,2869.67,Beyond Developments,Beyond Developments,1
2026-01-26T00:00:00.000,Off-Plan Property,Apartment,Dubai Islands,Hado by Beyond Tower B,1 B/R,827.54,2583000,3121.31,Beyond Developments,Beyond Developments,1
2026-01-26T00:00:00.000,Off-Plan Property,Apartment,Dubai Islands,Hado by Beyond Tower C,1 B/R,830.87,2574000,3097.95,Beyond Developments,Beyond Developments,1
2026-01-26T00:00:00.000,Off-Plan Property,Apartment,Dubai Islands,Hado by Beyond Tower C,3 B/R,1968.41,7145000,3629.83,Beyond Developments,Beyond Developments,1
2026-01-26T00:00:00.000,Off-Plan Property,Apartment,Dubai Islands,Hado by Beyond Tower C,3 B/R,1674.88,6923000,4133.43,Beyond Developments,Beyond Developments,1
2026-01-26T00:00:00.000,Off-Plan Property,Apartment,Dubai Islands,Hado by Beyond Tower C,2 B/R,1196.63,3910000,3267.5,Beyond Developments,Beyond Developments,1
2026-01-26T00:00:00.000,Off-Plan Property,Apartment,Dubai Islands,Hado by Beyond Tower C,1 B/R,796.75,2482000,3115.15,Beyond Developments,Beyond Developments,1
2026-01-26T00:00:00.000,Off-Plan Property,Apartment,Dubai Islands,Octa Isle Interiors by Missoni,2 B/R,1020.64,2736888,2681.53,Octa DI,Octa DI Development Co. LLC,1
2026-01-26T00:00:00.000,Off-Plan Property,Apartment,Dubai Islands,Royal Yacht Club Residences Tower B,2 B/R,1162.51,4013512.36,3452.45,Azimuth Developments,Azimuth Developments LLc,1
2026-01-26T00:00:00.000,Off-Plan Property,Apartment,Dubai Islands,Villa Del Gavi,3 B/R,1694.04,6543000,3862.37,MR Eight,Mr. Eight Development,1
2026-01-26T00:00:00.000,Off-Plan Property,Apartment,Dubai Islands,Wellington Ocean,1 B/R,800.73,1754962,2191.69,ANK Motiwala,ANK Motiwala Real Estate Development LLC,1
2026-01-26T00:00:00.000,Off-Plan Property,Apartment,Dubai Islands,Ellington Sands 2A -Ellington Cove 2A,1 B/R,803.1,2186828,2722.98,Ellington,Ellington Properties Development L.L.C,1
2026-01-26T00:00:00.000,Off-Plan Property,Apartment,Dubai Islands,Ellington Sands 1A -Ellington Cove 1A,1 B/R,802.99,2255828,2809.27,Ellington,Ellington Properties Development L.L.C,1
2026-01-26T00:00:00.000,Off-Plan Property,Apartment,Horizon,Wynwood Horizon,1 B/R,920.43,2016036,2190.32,Imtiaz,Imtiaz Real Estate Investment And Development L.L.C,1
2026-01-26T00:00:00.000,Off-Plan Property,Apartment,Dubai Hills Estate,Parkwood Tower A,1 B/R,763.6,1784470,2336.92,Emaar,Emaar Properties PJSC,1
2026-01-26T00:00:00.000,Off-Plan Property,Apartment,Dubai Hills Estate,Vida Residences Hillside Tower A,2 B/R,1326.77,3262888,2459.27,Emaar,Emaar Properties PJSC,1
2026-01-26T00:00:00.000,Off-Plan Property,Apartment,Dubai Hills Estate,Vida Residences Hillside Tower A,2 B/R,1326.45,3224888,2431.22,Emaar,Emaar Properties PJSC,1
2026-01-26T00:00:00.000,Off-Plan Property,Apartment,Dubai Hills Estate,Rosehill Block A,3 B/R,1743.88,4411888,2529.93,Emaar,Emaar Properties PJSC,1
2026-01-26T00:00:00.000,Off-Plan Property,Apartment,Dubai Hills Estate,Palace Residences Hillside A,1 B/R,681.04,1978888,2905.69,Emaar,Emaar Properties PJSC,1
2026-01-26T00:00:00.000,Off-Plan Property,Apartment,Dubai Islands,Ellington Sands 1A -Ellington Cove 1A,1 B/R,802.13,2199828,2742.47,Ellington,Ellington Properties Development L.L.C,1
2026-01-26T00:00:00.000,Off-Plan Property,Apartment,Dubai Hills Estate,Palace Residences Hillside A,2 B/R,1061.12,2689888,2534.96,Emaar,Emaar Properties PJSC,1
2026-01-26T00:00:00.000,Off-Plan Property,Apartment,Dubai Hills Estate,Palace Residences Hillside A,2 B/R,1061.55,2691888,2535.82,Emaar,Emaar Properties PJSC,1
